USE looterbuddy;

INSERT INTO looterbuddy.Users (userID, firstName, lastName, username, email, type, joinDate, phoneNumber) VALUES (1, 'Keeley', 'Van Arsdale', 'kvanarsdale0', 'kvanarsdale0@infoseek.co.jp', 'player', '2024-08-05 11:16:27', '307-993-3569');
INSERT INTO looterbuddy.Users (userID, firstName, lastName, username, email, type, joinDate, phoneNumber) VALUES (2, 'Kinnie', null, 'kmaciak1', 'kcambden1@mail.ru', 'player', '2024-03-11 06:08:52', '881-932-9891');
INSERT INTO looterbuddy.Users (userID, firstName, lastName, username, email, type, joinDate, phoneNumber) VALUES (3, 'Garold', null, 'gmacintyre2', 'gshepcutt2@forbes.com', 'developer', '2023-09-26 02:13:07', '840-179-0753');
INSERT INTO looterbuddy.Users (userID, firstName, lastName, username, email, type, joinDate, phoneNumber) VALUES (4, 'Cristen', 'Pretswell', 'cpretswell3', 'cpretswell3@prweb.com', 'player', '2024-02-04 07:31:04', '866-285-3925');
INSERT INTO looterbuddy.Users (userID, firstName, lastName, username, email, type, joinDate, phoneNumber) VALUES (5, 'Verla', 'Diment', 'vdiment4', 'vdiment4@google.com.au', 'player', '2023-12-15 02:20:48', '871-353-2434');
INSERT INTO looterbuddy.Users (userID, firstName, lastName, username, email, type, joinDate, phoneNumber) VALUES (6, 'Nessa', 'Lyddy', 'nlyddy5', 'nlyddy5@ucsd.edu', 'player', '2024-02-21 23:22:51', '812-227-7728');
INSERT INTO looterbuddy.Users (userID, firstName, lastName, username, email, type, joinDate, phoneNumber) VALUES (7, 'Patric', 'Aird', 'paird6', 'paird6@cnet.com', 'player', '2023-09-29 23:24:54', '699-992-4124');
INSERT INTO looterbuddy.Users (userID, firstName, lastName, username, email, type, joinDate, phoneNumber) VALUES (8, 'Carmina', 'Hanmer', 'chanmer7', 'chanmer7@reuters.com', 'player', '2024-03-30 22:13:16', '855-647-6983');
INSERT INTO looterbuddy.Users (userID, firstName, lastName, username, email, type, joinDate, phoneNumber) VALUES (9, 'Aleda', 'Schoenleiter', 'aschoenleiter8', 'aschoenleiter8@bravesites.com', 'streamer', '2024-01-17 11:33:16', '970-846-1323');
INSERT INTO looterbuddy.Users (userID, firstName, lastName, username, email, type, joinDate, phoneNumber) VALUES (10, 'Conan', 'Markey', 'cmarkey9', 'cmarkey9@soundcloud.com', 'player', '2024-02-11 19:03:17', '417-935-4071');
INSERT INTO looterbuddy.Users (userID, firstName, lastName, username, email, type, joinDate, phoneNumber) VALUES (11, 'Esmeralda', 'Kapelhof', 'ekapelhofa', 'ekapelhofa@yahoo.com', 'streamer', '2024-07-07 06:14:47', '147-819-4400');
INSERT INTO looterbuddy.Users (userID, firstName, lastName, username, email, type, joinDate, phoneNumber) VALUES (12, 'Felizio', 'Haime', 'fhaimeb', 'fhaimeb@instagram.com', 'streamer', '2024-08-11 16:14:28', '783-173-7925');
INSERT INTO looterbuddy.Users (userID, firstName, lastName, username, email, type, joinDate, phoneNumber) VALUES (13, 'Nicol', 'Earl', 'nearlc', 'nearlc@goo.gl', 'streamer', '2024-03-06 10:57:01', '661-660-9363');
INSERT INTO looterbuddy.Users (userID, firstName, lastName, username, email, type, joinDate, phoneNumber) VALUES (14, 'Reeva', 'Murrigan', 'rmurrigand', 'rmurrigand@macromedia.com', 'player', '2024-06-12 14:20:12', '881-401-6341');
INSERT INTO looterbuddy.Users (userID, firstName, lastName, username, email, type, joinDate, phoneNumber) VALUES (15, 'Nikaniki', 'Mechem', 'nmecheme', 'nmecheme@joomla.org', 'player', '2023-09-23 19:18:23', '413-668-9052');
INSERT INTO looterbuddy.Users (userID, firstName, lastName, username, email, type, joinDate, phoneNumber) VALUES (16, 'Odessa', 'Lefeaver', 'olefeaverf', 'olefeaverf@ovh.net', 'streamer', '2023-10-31 16:59:18', '134-882-9262');
INSERT INTO looterbuddy.Users (userID, firstName, lastName, username, email, type, joinDate, phoneNumber) VALUES (17, 'Rana', 'Aries', 'rariesg', 'rariesg@answers.com', 'player', '2024-02-19 07:19:48', '187-565-4169');
INSERT INTO looterbuddy.Users (userID, firstName, lastName, username, email, type, joinDate, phoneNumber) VALUES (18, 'Gal', 'Cowerd', 'gcowerdh', 'gcowerdh@wiley.com', 'developer', '2024-07-30 06:23:20', '613-497-3749');
INSERT INTO looterbuddy.Users (userID, firstName, lastName, username, email, type, joinDate, phoneNumber) VALUES (19, 'Early', 'Heinecke', 'eheineckei', 'eheineckei@china.com.cn', 'player', '2024-07-31 06:34:46', '431-721-2616');
INSERT INTO looterbuddy.Users (userID, firstName, lastName, username, email, type, joinDate, phoneNumber) VALUES (20, 'Jennette', 'Slisby', 'jslisbyj', 'jslisbyj@artisteer.com', 'streamer', '2024-01-22 13:17:27', '267-444-2211');
INSERT INTO looterbuddy.Users (userID, firstName, lastName, username, email, type, joinDate, phoneNumber) VALUES (21, 'Claudine', 'Piotrkowski', 'cpiotrkowskik', 'cpiotrkowskik@scribd.com', 'player', '2024-03-11 07:53:01', '779-409-7101');
INSERT INTO looterbuddy.Users (userID, firstName, lastName, username, email, type, joinDate, phoneNumber) VALUES (22, 'Caddric', null, 'comrodl', 'cdoulll@elegantthemes.com', 'streamer', '2024-05-18 19:37:01', '349-755-6880');
INSERT INTO looterbuddy.Users (userID, firstName, lastName, username, email, type, joinDate, phoneNumber) VALUES (23, 'Lela', null, 'llavallinm', 'lmackellenm@simplemachines.org', 'streamer', '2024-06-07 15:29:23', '554-127-0890');
INSERT INTO looterbuddy.Users (userID, firstName, lastName, username, email, type, joinDate, phoneNumber) VALUES (24, 'Aloysia', 'Nudde', 'anudden', 'anudden@hugedomains.com', 'streamer', '2024-05-04 13:10:04', '300-518-8158');
INSERT INTO looterbuddy.Users (userID, firstName, lastName, username, email, type, joinDate, phoneNumber) VALUES (25, 'Ilka', 'Hrycek', 'ihryceko', 'ihryceko@ameblo.jp', 'player', '2023-11-24 11:00:38', '841-706-3879');
INSERT INTO looterbuddy.Users (userID, firstName, lastName, username, email, type, joinDate, phoneNumber) VALUES (26, 'Kathlin', 'Thorlby', 'kthorlbyp', 'kthorlbyp@who.int', 'player', '2024-07-14 07:02:02', '131-790-3240');
INSERT INTO looterbuddy.Users (userID, firstName, lastName, username, email, type, joinDate, phoneNumber) VALUES (27, 'Min', 'Luff', 'mluffq', 'mluffq@bravesites.com', 'player', '2023-09-19 18:20:24', '228-607-4874');
INSERT INTO looterbuddy.Users (userID, firstName, lastName, username, email, type, joinDate, phoneNumber) VALUES (28, 'Jard', 'Sneller', 'jsnellerr', 'jsnellerr@imageshack.us', 'player', '2024-08-01 04:43:27', '268-419-3528');
INSERT INTO looterbuddy.Users (userID, firstName, lastName, username, email, type, joinDate, phoneNumber) VALUES (29, 'Salome', 'Mertgen', 'smertgens', 'smertgens@nifty.com', 'streamer', '2024-07-08 01:31:29', '322-680-2318');
INSERT INTO looterbuddy.Users (userID, firstName, lastName, username, email, type, joinDate, phoneNumber) VALUES (30, 'Milka', 'Ebbens', 'mebbenst', 'mebbenst@japanpost.jp', 'player', '2023-10-31 22:48:51', '496-938-5074');
INSERT INTO looterbuddy.Users (userID, firstName, lastName, username, email, type, joinDate, phoneNumber) VALUES (31, 'Cora', 'Alfuso', 'calfusou', 'calfusou@wufoo.com', 'streamer', '2023-10-11 09:47:15', '675-801-9965');
INSERT INTO looterbuddy.Users (userID, firstName, lastName, username, email, type, joinDate, phoneNumber) VALUES (32, 'Martita', null, 'mpeglerv', 'mmetrickv@fema.gov', 'player', '2023-08-28 06:59:52', '708-762-7776');
INSERT INTO looterbuddy.Users (userID, firstName, lastName, username, email, type, joinDate, phoneNumber) VALUES (33, 'Cherise', 'Trythall', 'ctrythallw', 'ctrythallw@omniture.com', 'streamer', '2023-08-20 19:21:36', '257-783-4902');
INSERT INTO looterbuddy.Users (userID, firstName, lastName, username, email, type, joinDate, phoneNumber) VALUES (34, 'Gilligan', 'Chaston', 'gchastonx', 'gchastonx@sourceforge.net', 'streamer', '2024-02-06 23:40:41', '707-186-4555');
INSERT INTO looterbuddy.Users (userID, firstName, lastName, username, email, type, joinDate, phoneNumber) VALUES (35, 'Helga', 'Inglesfield', 'hinglesfieldy', 'hinglesfieldy@marriott.com', 'player', '2024-01-22 01:33:32', '634-450-0737');
INSERT INTO looterbuddy.Users (userID, firstName, lastName, username, email, type, joinDate, phoneNumber) VALUES (36, 'Maynard', 'Pere', 'mperez', 'mperez@pinterest.com', 'player', '2024-02-06 13:55:27', '775-210-8966');
INSERT INTO looterbuddy.Users (userID, firstName, lastName, username, email, type, joinDate, phoneNumber) VALUES (37, 'Basia', 'Pletts', 'bpletts10', 'bpletts10@blog.com', 'player', '2023-12-26 20:10:44', '647-490-0049');
INSERT INTO looterbuddy.Users (userID, firstName, lastName, username, email, type, joinDate, phoneNumber) VALUES (38, 'Elfreda', 'Lurcock', 'elurcock11', 'elurcock11@ebay.co.uk', 'player', '2023-11-01 01:02:26', '290-341-6860');
INSERT INTO looterbuddy.Users (userID, firstName, lastName, username, email, type, joinDate, phoneNumber) VALUES (39, 'Elysia', null, 'etoffler12', 'esuffe12@wired.com', 'player', '2024-07-07 01:02:53', '410-662-0041');
INSERT INTO looterbuddy.Users (userID, firstName, lastName, username, email, type, joinDate, phoneNumber) VALUES (40, 'Riobard', null, 'rbrounsell13', 'rcoppins13@wired.com', 'streamer', '2024-02-09 17:13:04', '614-652-2936');
INSERT INTO looterbuddy.Users (userID, firstName, lastName, username, email, type, joinDate, phoneNumber) VALUES (41, 'Lilia', 'Hourican', 'lhourican14', 'lhourican14@sourceforge.net', 'streamer', '2024-05-30 16:31:46', '456-750-5794');
INSERT INTO looterbuddy.Users (userID, firstName, lastName, username, email, type, joinDate, phoneNumber) VALUES (42, 'Goran', 'Taill', 'gtaill15', 'gtaill15@epa.gov', 'player', '2023-12-03 18:40:07', '564-780-4395');
INSERT INTO looterbuddy.Users (userID, firstName, lastName, username, email, type, joinDate, phoneNumber) VALUES (43, 'Krystle', null, 'kbrace16', 'kkielty16@liveinternet.ru', 'streamer', '2024-07-27 07:10:06', '742-767-0488');
INSERT INTO looterbuddy.Users (userID, firstName, lastName, username, email, type, joinDate, phoneNumber) VALUES (44, 'Hatti', 'Talby', 'htalby17', 'htalby17@cafepress.com', 'streamer', '2023-08-30 11:47:29', '909-760-9061');
INSERT INTO looterbuddy.Users (userID, firstName, lastName, username, email, type, joinDate, phoneNumber) VALUES (45, 'Dacie', 'Stapele', 'dstapele18', 'dstapele18@nyu.edu', 'streamer', '2024-04-02 14:26:49', '287-406-7182');
INSERT INTO looterbuddy.Users (userID, firstName, lastName, username, email, type, joinDate, phoneNumber) VALUES (46, 'Blondie', null, 'bsmurthwaite19', 'bpatrickson19@fema.gov', 'player', '2023-09-10 01:29:36', '355-473-0890');
INSERT INTO looterbuddy.Users (userID, firstName, lastName, username, email, type, joinDate, phoneNumber) VALUES (47, 'Abbey', 'Dewing', 'adewing1a', 'adewing1a@tinyurl.com', 'player', '2024-01-17 16:07:17', '700-339-5571');
INSERT INTO looterbuddy.Users (userID, firstName, lastName, username, email, type, joinDate, phoneNumber) VALUES (48, 'Hugues', 'Rose', 'hrose1b', 'hrose1b@squarespace.com', 'player', '2024-05-25 13:07:59', '732-456-3126');
INSERT INTO looterbuddy.Users (userID, firstName, lastName, username, email, type, joinDate, phoneNumber) VALUES (49, 'Dory', 'Davern', 'ddavern1c', 'ddavern1c@cocolog-nifty.com', 'player', '2023-11-16 07:41:27', '606-563-5946');
INSERT INTO looterbuddy.Users (userID, firstName, lastName, username, email, type, joinDate, phoneNumber) VALUES (50, 'Nerte', 'Swalowe', 'nswalowe1d', 'nswalowe1d@desdev.cn', 'player', '2024-03-23 22:57:02', '550-552-0020');
INSERT INTO looterbuddy.Users (userID, firstName, lastName, username, email, type, joinDate, phoneNumber) VALUES (51, 'Giffie', 'Jordine', 'gjordine1e', 'gjordine1e@google.es', 'streamer', '2024-06-26 06:07:51', '599-889-1139');
INSERT INTO looterbuddy.Users (userID, firstName, lastName, username, email, type, joinDate, phoneNumber) VALUES (52, 'Damara', 'Heatly', 'dheatly1f', 'dheatly1f@reddit.com', 'streamer', '2024-03-22 02:45:36', '537-240-0200');
INSERT INTO looterbuddy.Users (userID, firstName, lastName, username, email, type, joinDate, phoneNumber) VALUES (53, 'Emalia', 'Rosenschein', 'erosenschein1g', 'erosenschein1g@diigo.com', 'player', '2023-09-09 23:16:33', '906-334-7059');
INSERT INTO looterbuddy.Users (userID, firstName, lastName, username, email, type, joinDate, phoneNumber) VALUES (54, 'Kerstin', 'Guidoni', 'kguidoni1h', 'kguidoni1h@t.co', 'player', '2024-02-20 01:17:40', '917-939-0135');
INSERT INTO looterbuddy.Users (userID, firstName, lastName, username, email, type, joinDate, phoneNumber) VALUES (55, 'Augy', 'Neely', 'aneely1i', 'aneely1i@mashable.com', 'player', '2024-02-11 01:29:17', '427-752-7512');
INSERT INTO looterbuddy.Users (userID, firstName, lastName, username, email, type, joinDate, phoneNumber) VALUES (56, 'Tomaso', 'Rouby', 'trouby1j', 'trouby1j@skype.com', 'developer', '2023-09-23 14:53:31', '883-386-2611');
INSERT INTO looterbuddy.Users (userID, firstName, lastName, username, email, type, joinDate, phoneNumber) VALUES (57, 'Gian', null, 'gbrute1k', 'gscargle1k@google.ru', 'streamer', '2023-09-25 19:19:18', '601-698-1598');
INSERT INTO looterbuddy.Users (userID, firstName, lastName, username, email, type, joinDate, phoneNumber) VALUES (58, 'Tally', 'Malitrott', 'tmalitrott1l', 'tmalitrott1l@indiegogo.com', 'player', '2024-03-29 11:02:05', '604-837-2965');
INSERT INTO looterbuddy.Users (userID, firstName, lastName, username, email, type, joinDate, phoneNumber) VALUES (59, 'Traci', null, 'tfortnam1m', 'tgisbourn1m@mayoclinic.com', 'player', '2024-02-21 02:44:29', '406-688-1401');
INSERT INTO looterbuddy.Users (userID, firstName, lastName, username, email, type, joinDate, phoneNumber) VALUES (60, 'Brade', 'Saunder', 'bsaunder1n', 'bsaunder1n@virginia.edu', 'streamer', '2023-11-13 06:39:03', '468-493-8297');
INSERT INTO looterbuddy.Users (userID, firstName, lastName, username, email, type, joinDate, phoneNumber) VALUES (61, 'Anette', null, 'ashayler1o', 'ahaskey1o@storify.com', 'streamer', '2023-11-29 17:14:47', '320-513-7859');
INSERT INTO looterbuddy.Users (userID, firstName, lastName, username, email, type, joinDate, phoneNumber) VALUES (62, 'Vasily', 'Kell', 'vkell1p', 'vkell1p@wikipedia.org', 'player', '2024-05-26 04:35:01', '141-315-8456');
INSERT INTO looterbuddy.Users (userID, firstName, lastName, username, email, type, joinDate, phoneNumber) VALUES (63, 'Lexine', 'Hansley', 'lhansley1q', 'lhansley1q@so-net.ne.jp', 'streamer', '2023-10-13 00:59:43', '569-287-7022');
INSERT INTO looterbuddy.Users (userID, firstName, lastName, username, email, type, joinDate, phoneNumber) VALUES (64, 'Blanca', 'Ghiroldi', 'bghiroldi1r', 'bghiroldi1r@squarespace.com', 'streamer', '2024-03-29 18:32:27', '584-709-2314');
INSERT INTO looterbuddy.Users (userID, firstName, lastName, username, email, type, joinDate, phoneNumber) VALUES (65, 'Jenine', 'Sotheron', 'jsotheron1s', 'jsotheron1s@4shared.com', 'player', '2023-11-08 13:42:33', '432-537-7415');
INSERT INTO looterbuddy.Users (userID, firstName, lastName, username, email, type, joinDate, phoneNumber) VALUES (66, 'Kingsly', 'Djekovic', 'kdjekovic1t', 'kdjekovic1t@fema.gov', 'streamer', '2024-03-17 04:32:51', '530-842-4304');
INSERT INTO looterbuddy.Users (userID, firstName, lastName, username, email, type, joinDate, phoneNumber) VALUES (67, 'Beatriz', 'Pargiter', 'bpargiter1u', 'bpargiter1u@newyorker.com', 'player', '2023-12-29 01:57:09', '606-349-5344');
INSERT INTO looterbuddy.Users (userID, firstName, lastName, username, email, type, joinDate, phoneNumber) VALUES (68, 'Ajay', 'Willets', 'awillets1v', 'awillets1v@techcrunch.com', 'player', '2024-05-28 13:06:40', '830-769-8676');
INSERT INTO looterbuddy.Users (userID, firstName, lastName, username, email, type, joinDate, phoneNumber) VALUES (69, 'Anita', 'Dufty', 'adufty1w', 'adufty1w@digg.com', 'streamer', '2024-06-30 15:45:17', '604-526-3508');
INSERT INTO looterbuddy.Users (userID, firstName, lastName, username, email, type, joinDate, phoneNumber) VALUES (70, 'Min', 'Phizaclea', 'mphizaclea1x', 'mphizaclea1x@unesco.org', 'player', '2024-03-25 00:33:51', '957-225-2521');
INSERT INTO looterbuddy.Users (userID, firstName, lastName, username, email, type, joinDate, phoneNumber) VALUES (71, 'Glenden', 'Stoner', 'gstoner1y', 'gstoner1y@pbs.org', 'player', '2024-01-04 16:35:47', '158-310-3320');
INSERT INTO looterbuddy.Users (userID, firstName, lastName, username, email, type, joinDate, phoneNumber) VALUES (72, 'Zarah', 'McAlindon', 'zmcalindon1z', 'zmcalindon1z@sun.com', 'player', '2024-03-04 07:59:08', '623-602-3640');
INSERT INTO looterbuddy.Users (userID, firstName, lastName, username, email, type, joinDate, phoneNumber) VALUES (73, 'Kayne', 'Sailor', 'ksailor20', 'ksailor20@yelp.com', 'player', '2023-12-23 04:56:04', '720-495-9501');
INSERT INTO looterbuddy.Users (userID, firstName, lastName, username, email, type, joinDate, phoneNumber) VALUES (74, 'Welsh', 'Simonnin', 'wsimonnin21', 'wsimonnin21@imageshack.us', 'player', '2023-08-13 23:36:31', '666-970-0493');
INSERT INTO looterbuddy.Users (userID, firstName, lastName, username, email, type, joinDate, phoneNumber) VALUES (75, 'Alejandro', 'Reddle', 'areddle22', 'areddle22@virginia.edu', 'player', '2024-02-21 17:00:35', '914-386-1923');
INSERT INTO looterbuddy.Users (userID, firstName, lastName, username, email, type, joinDate, phoneNumber) VALUES (76, 'Connor', 'Kubecka', 'ckubecka23', 'ckubecka23@economist.com', 'player', '2023-11-26 12:23:55', '228-690-9857');
INSERT INTO looterbuddy.Users (userID, firstName, lastName, username, email, type, joinDate, phoneNumber) VALUES (77, 'Guntar', 'Penhallurick', 'gpenhallurick24', 'gpenhallurick24@state.tx.us', 'player', '2024-06-23 04:57:36', '544-674-4056');
INSERT INTO looterbuddy.Users (userID, firstName, lastName, username, email, type, joinDate, phoneNumber) VALUES (78, 'Amerigo', 'Georg', 'ageorg25', 'ageorg25@theglobeandmail.com', 'player', '2024-08-05 11:31:02', '307-382-8950');
INSERT INTO looterbuddy.Users (userID, firstName, lastName, username, email, type, joinDate, phoneNumber) VALUES (79, 'Mufinella', 'Berardt', 'mberardt26', 'mberardt26@discovery.com', 'player', '2023-08-29 23:56:18', '607-809-7924');
INSERT INTO looterbuddy.Users (userID, firstName, lastName, username, email, type, joinDate, phoneNumber) VALUES (80, 'Doy', 'MacGilrewy', 'dmacgilrewy27', 'dmacgilrewy27@bigcartel.com', 'player', '2024-02-04 02:14:34', '894-542-0533');
INSERT INTO looterbuddy.Users (userID, firstName, lastName, username, email, type, joinDate, phoneNumber) VALUES (81, 'Jeffie', 'Tenpenny', 'jtenpenny28', 'jtenpenny28@usa.gov', 'player', '2024-04-11 08:26:44', '364-756-0613');
INSERT INTO looterbuddy.Users (userID, firstName, lastName, username, email, type, joinDate, phoneNumber) VALUES (82, 'Aundrea', 'Ballance', 'aballance29', 'aballance29@bloomberg.com', 'player', '2024-04-25 08:39:00', '390-914-0623');
INSERT INTO looterbuddy.Users (userID, firstName, lastName, username, email, type, joinDate, phoneNumber) VALUES (83, 'Betsey', 'Pendergrast', 'bpendergrast2a', 'bpendergrast2a@ocn.ne.jp', 'player', '2024-05-12 20:14:59', '869-215-5363');
INSERT INTO looterbuddy.Users (userID, firstName, lastName, username, email, type, joinDate, phoneNumber) VALUES (84, 'Grantley', null, 'gkynson2b', 'gbowkett2b@liveinternet.ru', 'player', '2024-07-16 20:11:57', '657-231-9846');
INSERT INTO looterbuddy.Users (userID, firstName, lastName, username, email, type, joinDate, phoneNumber) VALUES (85, 'Dante', 'Van der Velden', 'dvandervelden2c', 'dvandervelden2c@telegraph.co.uk', 'player', '2024-07-09 04:40:12', '199-628-6323');
INSERT INTO looterbuddy.Users (userID, firstName, lastName, username, email, type, joinDate, phoneNumber) VALUES (86, 'Cody', 'O\'Lennane', 'colennane2d', 'colennane2d@a8.net', 'player', '2023-09-29 12:19:12', '746-382-5189');
INSERT INTO looterbuddy.Users (userID, firstName, lastName, username, email, type, joinDate, phoneNumber) VALUES (87, 'Nonnah', 'Hancill', 'nhancill2e', 'nhancill2e@google.co.jp', 'streamer', '2024-03-28 03:29:20', '728-359-2180');
INSERT INTO looterbuddy.Users (userID, firstName, lastName, username, email, type, joinDate, phoneNumber) VALUES (88, 'Ernestine', 'O\'Neill', 'eoneill2f', 'eoneill2f@nba.com', 'player', '2023-09-02 07:19:04', '341-633-0074');
INSERT INTO looterbuddy.Users (userID, firstName, lastName, username, email, type, joinDate, phoneNumber) VALUES (89, 'Irena', 'Kernaghan', 'ikernaghan2g', 'ikernaghan2g@delicious.com', 'developer', '2024-06-13 05:25:25', '380-205-0412');
INSERT INTO looterbuddy.Users (userID, firstName, lastName, username, email, type, joinDate, phoneNumber) VALUES (90, 'Audrye', 'Rangle', 'arangle2h', 'arangle2h@bbb.org', 'player', '2024-04-12 14:30:10', '149-170-0053');
INSERT INTO looterbuddy.Users (userID, firstName, lastName, username, email, type, joinDate, phoneNumber) VALUES (91, 'Ulberto', 'Disdel', 'udisdel2i', 'udisdel2i@hubpages.com', 'player', '2024-07-09 11:59:31', '609-301-3349');
INSERT INTO looterbuddy.Users (userID, firstName, lastName, username, email, type, joinDate, phoneNumber) VALUES (92, 'Ezmeralda', 'Kiljan', 'ekiljan2j', 'ekiljan2j@aboutads.info', 'player', '2024-03-06 07:55:18', '123-473-1056');
INSERT INTO looterbuddy.Users (userID, firstName, lastName, username, email, type, joinDate, phoneNumber) VALUES (93, 'Frederigo', 'Yitshak', 'fyitshak2k', 'fyitshak2k@ameblo.jp', 'player', '2024-06-16 07:04:32', '626-461-9186');
INSERT INTO looterbuddy.Users (userID, firstName, lastName, username, email, type, joinDate, phoneNumber) VALUES (94, 'Esdras', null, 'elambersen2l', 'eleile2l@reverbnation.com', 'player', '2024-01-26 23:52:30', '458-694-4881');
INSERT INTO looterbuddy.Users (userID, firstName, lastName, username, email, type, joinDate, phoneNumber) VALUES (95, 'Thane', 'Kalinsky', 'tkalinsky2m', 'tkalinsky2m@yelp.com', 'player', '2024-06-12 04:30:39', '513-600-1219');
INSERT INTO looterbuddy.Users (userID, firstName, lastName, username, email, type, joinDate, phoneNumber) VALUES (96, 'Kalila', 'Giuroni', 'kgiuroni2n', 'kgiuroni2n@blogger.com', 'streamer', '2024-07-18 15:06:39', '848-453-9922');
INSERT INTO looterbuddy.Users (userID, firstName, lastName, username, email, type, joinDate, phoneNumber) VALUES (97, 'Tawsha', 'Huyghe', 'thuyghe2o', 'thuyghe2o@linkedin.com', 'streamer', '2024-03-20 00:55:14', '294-947-4866');
INSERT INTO looterbuddy.Users (userID, firstName, lastName, username, email, type, joinDate, phoneNumber) VALUES (98, 'Irene', 'Challens', 'ichallens2p', 'ichallens2p@senate.gov', 'streamer', '2024-02-26 16:37:32', '499-252-5189');
INSERT INTO looterbuddy.Users (userID, firstName, lastName, username, email, type, joinDate, phoneNumber) VALUES (99, 'Griff', 'Hamlyn', 'ghamlyn2q', 'ghamlyn2q@last.fm', 'player', '2024-05-20 13:23:21', '272-312-4991');
INSERT INTO looterbuddy.Users (userID, firstName, lastName, username, email, type, joinDate, phoneNumber) VALUES (100, 'Millie', 'Oultram', 'moultram2r', 'moultram2r@bing.com', 'player', '2023-11-18 13:13:31', '420-254-2650');
INSERT INTO looterbuddy.Users (userID, firstName, lastName, username, email, type, joinDate, phoneNumber) VALUES (101, 'Barb', 'Manketell', 'bmanketell2s', 'bmanketell2s@netlog.com', 'player', '2023-12-31 01:06:26', '105-498-6617');
INSERT INTO looterbuddy.Users (userID, firstName, lastName, username, email, type, joinDate, phoneNumber) VALUES (102, 'Sigvard', 'Gurden', 'sgurden2t', 'sgurden2t@toplist.cz', 'player', '2024-04-20 05:57:06', '326-718-2657');
INSERT INTO looterbuddy.Users (userID, firstName, lastName, username, email, type, joinDate, phoneNumber) VALUES (103, 'Henriette', null, 'hcopland2u', 'hpennell2u@squidoo.com', 'player', '2024-01-24 06:21:49', '910-627-9035');
INSERT INTO looterbuddy.Users (userID, firstName, lastName, username, email, type, joinDate, phoneNumber) VALUES (104, 'Donny', 'Dance', 'ddance2v', 'ddance2v@github.com', 'player', '2023-08-18 17:03:46', '106-784-9573');
INSERT INTO looterbuddy.Users (userID, firstName, lastName, username, email, type, joinDate, phoneNumber) VALUES (105, 'Perl', 'Medd', 'pmedd2w', 'pmedd2w@vimeo.com', 'streamer', '2024-04-18 17:49:33', '982-627-5762');
INSERT INTO looterbuddy.Users (userID, firstName, lastName, username, email, type, joinDate, phoneNumber) VALUES (106, 'Latrina', 'Roxbrough', 'lroxbrough2x', 'lroxbrough2x@vkontakte.ru', 'streamer', '2024-05-06 17:43:11', '113-862-5262');
INSERT INTO looterbuddy.Users (userID, firstName, lastName, username, email, type, joinDate, phoneNumber) VALUES (107, 'Berty', 'Liccardi', 'bliccardi2y', 'bliccardi2y@goodreads.com', 'player', '2024-06-24 07:59:37', '359-341-7148');
INSERT INTO looterbuddy.Users (userID, firstName, lastName, username, email, type, joinDate, phoneNumber) VALUES (108, 'Teresita', 'Miall', 'tmiall2z', 'tmiall2z@twitpic.com', 'player', '2024-06-21 22:49:58', '419-524-0804');
INSERT INTO looterbuddy.Users (userID, firstName, lastName, username, email, type, joinDate, phoneNumber) VALUES (109, 'Fredi', 'Halsall', 'fhalsall30', 'fhalsall30@google.com.br', 'streamer', '2024-05-05 18:02:30', '397-215-0673');
INSERT INTO looterbuddy.Users (userID, firstName, lastName, username, email, type, joinDate, phoneNumber) VALUES (110, 'Rosemonde', 'Kellitt', 'rkellitt31', 'rkellitt31@theatlantic.com', 'streamer', '2024-03-06 23:08:03', '544-295-8404');
INSERT INTO looterbuddy.Users (userID, firstName, lastName, username, email, type, joinDate, phoneNumber) VALUES (111, 'Willard', 'Ayrton', 'wayrton32', 'wayrton32@ucsd.edu', 'player', '2024-01-27 18:17:35', '531-598-4344');
INSERT INTO looterbuddy.Users (userID, firstName, lastName, username, email, type, joinDate, phoneNumber) VALUES (112, 'Conan', 'Mariault', 'cmariault33', 'cmariault33@1688.com', 'player', '2023-12-25 20:07:19', '365-173-6442');
INSERT INTO looterbuddy.Users (userID, firstName, lastName, username, email, type, joinDate, phoneNumber) VALUES (113, 'Vernon', 'Lewknor', 'vlewknor34', 'vlewknor34@hugedomains.com', 'player', '2023-11-18 00:24:55', '209-953-7088');
INSERT INTO looterbuddy.Users (userID, firstName, lastName, username, email, type, joinDate, phoneNumber) VALUES (114, 'Tucker', null, 'tberget35', 'tmontilla35@soup.io', 'player', '2023-08-16 06:29:33', '755-270-2929');
INSERT INTO looterbuddy.Users (userID, firstName, lastName, username, email, type, joinDate, phoneNumber) VALUES (115, 'Maggie', 'Lucks', 'mlucks36', 'mlucks36@apache.org', 'developer', '2023-12-27 12:56:01', '362-955-9390');
INSERT INTO looterbuddy.Users (userID, firstName, lastName, username, email, type, joinDate, phoneNumber) VALUES (116, 'Joanie', 'Blaase', 'jblaase37', 'jblaase37@foxnews.com', 'player', '2023-08-15 09:16:21', '805-264-8245');
INSERT INTO looterbuddy.Users (userID, firstName, lastName, username, email, type, joinDate, phoneNumber) VALUES (117, 'Lurette', 'Peatt', 'lpeatt38', 'lpeatt38@google.ru', 'player', '2023-12-16 10:44:58', '313-301-8867');
INSERT INTO looterbuddy.Users (userID, firstName, lastName, username, email, type, joinDate, phoneNumber) VALUES (118, 'Cindi', null, 'cchristophers39', 'cpiwell39@cnet.com', 'player', '2023-11-26 21:27:19', '672-911-3132');
INSERT INTO looterbuddy.Users (userID, firstName, lastName, username, email, type, joinDate, phoneNumber) VALUES (119, 'Fran', 'Briat', 'fbriat3a', 'fbriat3a@dyndns.org', 'player', '2024-02-06 13:55:36', '368-928-2794');
INSERT INTO looterbuddy.Users (userID, firstName, lastName, username, email, type, joinDate, phoneNumber) VALUES (120, 'Alec', 'Disdel', 'adisdel3b', 'adisdel3b@usatoday.com', 'player', '2024-03-06 00:13:23', '696-320-5142');
INSERT INTO looterbuddy.Users (userID, firstName, lastName, username, email, type, joinDate, phoneNumber) VALUES (121, 'Rouvin', null, 'rurpeth3c', 'rpywell3c@usnews.com', 'player', '2024-04-20 21:01:12', '258-966-7406');
INSERT INTO looterbuddy.Users (userID, firstName, lastName, username, email, type, joinDate, phoneNumber) VALUES (122, 'Sigmund', 'Reiners', 'sreiners3d', 'sreiners3d@angelfire.com', 'player', '2024-02-25 21:36:11', '411-911-5320');
INSERT INTO looterbuddy.Users (userID, firstName, lastName, username, email, type, joinDate, phoneNumber) VALUES (123, 'Sander', 'Finci', 'sfinci3e', 'sfinci3e@omniture.com', 'developer', '2024-01-21 06:56:59', '322-409-6410');
INSERT INTO looterbuddy.Users (userID, firstName, lastName, username, email, type, joinDate, phoneNumber) VALUES (124, 'Blondie', 'Woltman', 'bwoltman3f', 'bwoltman3f@chron.com', 'streamer', '2023-08-20 14:47:48', '243-246-8360');
INSERT INTO looterbuddy.Users (userID, firstName, lastName, username, email, type, joinDate, phoneNumber) VALUES (125, 'Ikey', 'Infantino', 'iinfantino3g', 'iinfantino3g@taobao.com', 'streamer', '2024-02-19 21:40:30', '493-647-1921');
INSERT INTO looterbuddy.Users (userID, firstName, lastName, username, email, type, joinDate, phoneNumber) VALUES (126, 'Jayme', 'Lathy', 'jlathy3h', 'jlathy3h@squarespace.com', 'player', '2023-11-22 16:14:03', '715-378-1354');
INSERT INTO looterbuddy.Users (userID, firstName, lastName, username, email, type, joinDate, phoneNumber) VALUES (127, 'Phyllys', 'Fesby', 'pfesby3i', 'pfesby3i@taobao.com', 'player', '2024-06-16 09:34:54', '584-477-2348');
INSERT INTO looterbuddy.Users (userID, firstName, lastName, username, email, type, joinDate, phoneNumber) VALUES (128, 'Cassaundra', 'Inchley', 'cinchley3j', 'cinchley3j@privacy.gov.au', 'streamer', '2024-08-05 06:43:34', '721-589-8421');
INSERT INTO looterbuddy.Users (userID, firstName, lastName, username, email, type, joinDate, phoneNumber) VALUES (129, 'Mariejeanne', 'Robertshaw', 'mrobertshaw3k', 'mrobertshaw3k@google.ca', 'player', '2023-09-11 18:12:53', '202-535-7865');
INSERT INTO looterbuddy.Users (userID, firstName, lastName, username, email, type, joinDate, phoneNumber) VALUES (130, 'Sissy', 'Morfell', 'smorfell3l', 'smorfell3l@seattletimes.com', 'streamer', '2023-09-16 04:56:38', '794-566-8032');
INSERT INTO looterbuddy.Users (userID, firstName, lastName, username, email, type, joinDate, phoneNumber) VALUES (131, 'Cobb', null, 'cclougher3m', 'ctedahl3m@lulu.com', 'streamer', '2024-05-14 09:38:49', '990-930-7979');
INSERT INTO looterbuddy.Users (userID, firstName, lastName, username, email, type, joinDate, phoneNumber) VALUES (132, 'Paulette', 'Valeri', 'pvaleri3n', 'pvaleri3n@ifeng.com', 'streamer', '2024-07-22 11:27:14', '779-276-0507');
INSERT INTO looterbuddy.Users (userID, firstName, lastName, username, email, type, joinDate, phoneNumber) VALUES (133, 'Jose', 'Scrammage', 'jscrammage3o', 'jscrammage3o@kickstarter.com', 'player', '2023-11-09 10:58:19', '140-467-5720');
INSERT INTO looterbuddy.Users (userID, firstName, lastName, username, email, type, joinDate, phoneNumber) VALUES (134, 'Chloris', 'Saich', 'csaich3p', 'csaich3p@usatoday.com', 'player', '2024-06-01 05:43:44', '967-355-1974');
INSERT INTO looterbuddy.Users (userID, firstName, lastName, username, email, type, joinDate, phoneNumber) VALUES (135, 'Byram', 'Routledge', 'broutledge3q', 'broutledge3q@issuu.com', 'streamer', '2023-11-14 15:13:37', '305-944-1045');
INSERT INTO looterbuddy.Users (userID, firstName, lastName, username, email, type, joinDate, phoneNumber) VALUES (136, 'Annmarie', null, 'aspellicy3r', 'aburnall3r@geocities.com', 'streamer', '2024-07-14 17:28:55', '516-607-3009');
INSERT INTO looterbuddy.Users (userID, firstName, lastName, username, email, type, joinDate, phoneNumber) VALUES (137, 'Wyatt', 'McLaine', 'wmclaine3s', 'wmclaine3s@tinypic.com', 'player', '2024-04-28 21:12:52', '167-554-3205');
INSERT INTO looterbuddy.Users (userID, firstName, lastName, username, email, type, joinDate, phoneNumber) VALUES (138, 'Leda', 'Bridge', 'lbridge3t', 'lbridge3t@accuweather.com', 'streamer', '2024-07-27 03:27:57', '219-136-2250');
INSERT INTO looterbuddy.Users (userID, firstName, lastName, username, email, type, joinDate, phoneNumber) VALUES (139, 'Caryn', 'Hammatt', 'chammatt3u', 'chammatt3u@whitehouse.gov', 'player', '2023-11-01 15:43:17', '216-748-3909');
INSERT INTO looterbuddy.Users (userID, firstName, lastName, username, email, type, joinDate, phoneNumber) VALUES (140, 'Carey', 'Fearnsides', 'cfearnsides3v', 'cfearnsides3v@odnoklassniki.ru', 'player', '2024-03-14 05:46:25', '547-909-5771');
INSERT INTO looterbuddy.Users (userID, firstName, lastName, username, email, type, joinDate, phoneNumber) VALUES (141, 'Greta', 'Piechnik', 'gpiechnik3w', 'gpiechnik3w@blogtalkradio.com', 'player', '2024-02-01 01:14:08', '859-882-6155');
INSERT INTO looterbuddy.Users (userID, firstName, lastName, username, email, type, joinDate, phoneNumber) VALUES (142, 'Tuesday', 'Ditty', 'tditty3x', 'tditty3x@yale.edu', 'streamer', '2023-09-22 15:04:04', '767-970-1826');
INSERT INTO looterbuddy.Users (userID, firstName, lastName, username, email, type, joinDate, phoneNumber) VALUES (143, 'Burtie', 'Snook', 'bsnook3y', 'bsnook3y@yellowpages.com', 'player', '2024-03-07 04:24:50', '845-882-7070');
INSERT INTO looterbuddy.Users (userID, firstName, lastName, username, email, type, joinDate, phoneNumber) VALUES (144, 'Dylan', null, 'dshoulder3z', 'dgrogona3z@issuu.com', 'streamer', '2024-06-20 14:35:46', '696-651-3595');
INSERT INTO looterbuddy.Users (userID, firstName, lastName, username, email, type, joinDate, phoneNumber) VALUES (145, 'Eward', 'Stedson', 'estedson40', 'estedson40@eepurl.com', 'player', '2024-05-12 08:50:37', '350-245-1798');
INSERT INTO looterbuddy.Users (userID, firstName, lastName, username, email, type, joinDate, phoneNumber) VALUES (146, 'Tansy', 'Dover', 'tdover41', 'tdover41@foxnews.com', 'player', '2024-06-21 22:45:13', '949-670-4630');
INSERT INTO looterbuddy.Users (userID, firstName, lastName, username, email, type, joinDate, phoneNumber) VALUES (147, 'Carl', null, 'clawlor42', 'calyutin42@cdc.gov', 'player', '2023-09-18 02:51:54', '273-833-6654');
INSERT INTO looterbuddy.Users (userID, firstName, lastName, username, email, type, joinDate, phoneNumber) VALUES (148, 'Jan', 'Vasishchev', 'jvasishchev43', 'jvasishchev43@google.co.jp', 'streamer', '2024-08-09 09:22:47', '827-815-3793');
INSERT INTO looterbuddy.Users (userID, firstName, lastName, username, email, type, joinDate, phoneNumber) VALUES (149, 'Janeta', 'Bignal', 'jbignal44', 'jbignal44@columbia.edu', 'player', '2024-03-31 22:41:25', '211-964-2130');
INSERT INTO looterbuddy.Users (userID, firstName, lastName, username, email, type, joinDate, phoneNumber) VALUES (150, 'Che', 'Allibon', 'callibon45', 'callibon45@baidu.com', 'player', '2023-09-27 07:36:32', '669-555-0828');
INSERT INTO looterbuddy.Users (userID, firstName, lastName, username, email, type, joinDate, phoneNumber) VALUES (151, 'Martita', 'Booeln', 'mbooeln46', 'mbooeln46@ifeng.com', 'player', '2024-05-05 03:43:03', '912-809-3433');
INSERT INTO looterbuddy.Users (userID, firstName, lastName, username, email, type, joinDate, phoneNumber) VALUES (152, 'Germain', null, 'gmundy47', 'gsuche47@theguardian.com', 'player', '2024-04-22 01:55:44', '682-738-0363');
INSERT INTO looterbuddy.Users (userID, firstName, lastName, username, email, type, joinDate, phoneNumber) VALUES (153, 'Annabella', 'Yetts', 'ayetts48', 'ayetts48@tinyurl.com', 'player', '2024-06-06 16:43:36', '850-502-0717');
INSERT INTO looterbuddy.Users (userID, firstName, lastName, username, email, type, joinDate, phoneNumber) VALUES (154, 'Kathy', 'Gamlyn', 'kgamlyn49', 'kgamlyn49@ustream.tv', 'player', '2024-03-09 13:22:02', '684-891-7106');
INSERT INTO looterbuddy.Users (userID, firstName, lastName, username, email, type, joinDate, phoneNumber) VALUES (155, 'Ladonna', 'Meadows', 'lmeadows4a', 'lmeadows4a@biblegateway.com', 'streamer', '2024-04-17 10:22:35', '102-890-4203');
INSERT INTO looterbuddy.Users (userID, firstName, lastName, username, email, type, joinDate, phoneNumber) VALUES (156, 'Verina', 'Jelkes', 'vjelkes4b', 'vjelkes4b@163.com', 'player', '2024-08-02 23:06:43', '780-479-6142');
INSERT INTO looterbuddy.Users (userID, firstName, lastName, username, email, type, joinDate, phoneNumber) VALUES (157, 'Verna', 'Inglish', 'vinglish4c', 'vinglish4c@blogs.com', 'player', '2024-02-10 20:20:22', '270-583-9029');
INSERT INTO looterbuddy.Users (userID, firstName, lastName, username, email, type, joinDate, phoneNumber) VALUES (158, 'Richmond', 'Dehmel', 'rdehmel4d', 'rdehmel4d@walmart.com', 'player', '2023-08-20 19:09:22', '201-946-2532');
INSERT INTO looterbuddy.Users (userID, firstName, lastName, username, email, type, joinDate, phoneNumber) VALUES (159, 'Jessica', 'Boulden', 'jboulden4e', 'jboulden4e@msu.edu', 'player', '2023-12-28 16:46:17', '183-820-7996');
INSERT INTO looterbuddy.Users (userID, firstName, lastName, username, email, type, joinDate, phoneNumber) VALUES (160, 'Kale', 'Breddy', 'kbreddy4f', 'kbreddy4f@gmpg.org', 'streamer', '2024-04-13 03:58:03', '942-206-0844');
INSERT INTO looterbuddy.Users (userID, firstName, lastName, username, email, type, joinDate, phoneNumber) VALUES (161, 'Deeyn', 'Wastall', 'dwastall4g', 'dwastall4g@stumbleupon.com', 'streamer', '2023-10-15 06:37:35', '586-535-7212');
INSERT INTO looterbuddy.Users (userID, firstName, lastName, username, email, type, joinDate, phoneNumber) VALUES (162, 'Man', 'Kline', 'mkline4h', 'mkline4h@netscape.com', 'player', '2024-05-02 05:02:42', '617-842-1271');
INSERT INTO looterbuddy.Users (userID, firstName, lastName, username, email, type, joinDate, phoneNumber) VALUES (163, 'Benji', 'Ramsay', 'bramsay4i', 'bramsay4i@google.com', 'player', '2023-09-06 21:09:57', '727-585-7590');
INSERT INTO looterbuddy.Users (userID, firstName, lastName, username, email, type, joinDate, phoneNumber) VALUES (164, 'Annamaria', 'Lacey', 'alacey4j', 'alacey4j@usnews.com', 'streamer', '2024-06-06 19:09:02', '217-778-8159');
INSERT INTO looterbuddy.Users (userID, firstName, lastName, username, email, type, joinDate, phoneNumber) VALUES (165, 'Ginnie', 'Olczak', 'golczak4k', 'golczak4k@illinois.edu', 'player', '2023-11-02 18:33:29', '473-459-2194');
INSERT INTO looterbuddy.Users (userID, firstName, lastName, username, email, type, joinDate, phoneNumber) VALUES (166, 'Iosep', 'Danelet', 'idanelet4l', 'idanelet4l@geocities.jp', 'streamer', '2024-02-18 22:46:11', '980-845-7276');
INSERT INTO looterbuddy.Users (userID, firstName, lastName, username, email, type, joinDate, phoneNumber) VALUES (167, 'Shaun', 'Leatherbarrow', 'sleatherbarrow4m', 'sleatherbarrow4m@gov.uk', 'player', '2023-10-01 12:35:38', '703-660-2451');
INSERT INTO looterbuddy.Users (userID, firstName, lastName, username, email, type, joinDate, phoneNumber) VALUES (168, 'Shara', 'Insall', 'sinsall4n', 'sinsall4n@nymag.com', 'streamer', '2023-08-22 02:23:51', '389-850-0218');
INSERT INTO looterbuddy.Users (userID, firstName, lastName, username, email, type, joinDate, phoneNumber) VALUES (169, 'Clywd', 'Paine', 'cpaine4o', 'cpaine4o@omniture.com', 'streamer', '2023-11-16 15:00:04', '469-771-6925');
INSERT INTO looterbuddy.Users (userID, firstName, lastName, username, email, type, joinDate, phoneNumber) VALUES (170, 'Bevon', 'Tarply', 'btarply4p', 'btarply4p@wunderground.com', 'streamer', '2024-06-29 04:23:38', '561-323-6787');
INSERT INTO looterbuddy.Users (userID, firstName, lastName, username, email, type, joinDate, phoneNumber) VALUES (171, 'Dewey', 'Gobel', 'dgobel4q', 'dgobel4q@stumbleupon.com', 'streamer', '2024-05-20 11:17:59', '996-897-9931');
INSERT INTO looterbuddy.Users (userID, firstName, lastName, username, email, type, joinDate, phoneNumber) VALUES (172, 'Loella', 'Gaudin', 'lgaudin4r', 'lgaudin4r@bloomberg.com', 'streamer', '2023-12-14 07:53:46', '453-803-2715');
INSERT INTO looterbuddy.Users (userID, firstName, lastName, username, email, type, joinDate, phoneNumber) VALUES (173, 'Gaile', 'Kernocke', 'gkernocke4s', 'gkernocke4s@mac.com', 'player', '2023-08-19 08:18:02', '748-307-9071');
INSERT INTO looterbuddy.Users (userID, firstName, lastName, username, email, type, joinDate, phoneNumber) VALUES (174, 'Teodoro', 'Kaming', 'tkaming4t', 'tkaming4t@yale.edu', 'player', '2024-03-05 12:35:37', '364-869-1104');
INSERT INTO looterbuddy.Users (userID, firstName, lastName, username, email, type, joinDate, phoneNumber) VALUES (175, 'Thomas', 'Veneur', 'tveneur4u', 'tveneur4u@godaddy.com', 'player', '2023-08-24 12:53:40', '884-718-4869');
INSERT INTO looterbuddy.Users (userID, firstName, lastName, username, email, type, joinDate, phoneNumber) VALUES (176, 'Vito', null, 'vmarrable4v', 'vtoplin4v@google.com.br', 'player', '2024-05-13 07:50:34', '806-501-9188');
INSERT INTO looterbuddy.Users (userID, firstName, lastName, username, email, type, joinDate, phoneNumber) VALUES (177, 'Jeniece', 'Gruczka', 'jgruczka4w', 'jgruczka4w@sohu.com', 'player', '2024-02-06 05:28:56', '408-354-6134');
INSERT INTO looterbuddy.Users (userID, firstName, lastName, username, email, type, joinDate, phoneNumber) VALUES (178, 'Raymond', 'Runnacles', 'rrunnacles4x', 'rrunnacles4x@de.vu', 'player', '2024-04-04 11:17:39', '319-932-6269');
INSERT INTO looterbuddy.Users (userID, firstName, lastName, username, email, type, joinDate, phoneNumber) VALUES (179, 'Bonni', 'Brogan', 'bbrogan4y', 'bbrogan4y@t.co', 'player', '2023-11-05 23:54:37', '749-954-1858');
INSERT INTO looterbuddy.Users (userID, firstName, lastName, username, email, type, joinDate, phoneNumber) VALUES (180, 'Slade', 'Espadero', 'sespadero4z', 'sespadero4z@furl.net', 'streamer', '2023-12-04 02:34:27', '234-160-2949');
INSERT INTO looterbuddy.Users (userID, firstName, lastName, username, email, type, joinDate, phoneNumber) VALUES (181, 'Patty', 'Duchatel', 'pduchatel50', 'pduchatel50@netlog.com', 'streamer', '2024-04-18 17:25:17', '111-582-6338');
INSERT INTO looterbuddy.Users (userID, firstName, lastName, username, email, type, joinDate, phoneNumber) VALUES (182, 'Leonore', null, 'lburch51', 'lpark51@nsw.gov.au', 'player', '2024-07-05 03:34:59', '943-688-2471');
INSERT INTO looterbuddy.Users (userID, firstName, lastName, username, email, type, joinDate, phoneNumber) VALUES (183, 'Sancho', null, 'sdohmer52', 'swalklot52@who.int', 'player', '2024-06-29 04:18:23', '343-855-8744');
INSERT INTO looterbuddy.Users (userID, firstName, lastName, username, email, type, joinDate, phoneNumber) VALUES (184, 'Sara-ann', 'Lumpkin', 'slumpkin53', 'slumpkin53@vk.com', 'developer', '2023-11-17 07:03:19', '772-423-7386');
INSERT INTO looterbuddy.Users (userID, firstName, lastName, username, email, type, joinDate, phoneNumber) VALUES (185, 'Johannah', 'Stump', 'jstump54', 'jstump54@usda.gov', 'player', '2024-05-17 14:11:42', '573-378-8738');
INSERT INTO looterbuddy.Users (userID, firstName, lastName, username, email, type, joinDate, phoneNumber) VALUES (186, 'Bridgette', 'Brogioni', 'bbrogioni55', 'bbrogioni55@ed.gov', 'streamer', '2023-11-24 12:44:06', '135-162-0352');
INSERT INTO looterbuddy.Users (userID, firstName, lastName, username, email, type, joinDate, phoneNumber) VALUES (187, 'Rubie', 'Kingcote', 'rkingcote56', 'rkingcote56@jugem.jp', 'player', '2024-02-22 08:27:42', '747-917-4444');
INSERT INTO looterbuddy.Users (userID, firstName, lastName, username, email, type, joinDate, phoneNumber) VALUES (188, 'Locke', 'Atrill', 'latrill57', 'latrill57@privacy.gov.au', 'player', '2024-06-22 20:13:58', '939-830-0449');
INSERT INTO looterbuddy.Users (userID, firstName, lastName, username, email, type, joinDate, phoneNumber) VALUES (189, 'Colette', 'Cardillo', 'ccardillo58', 'ccardillo58@amazon.co.uk', 'player', '2024-01-15 18:28:38', '605-732-1399');
INSERT INTO looterbuddy.Users (userID, firstName, lastName, username, email, type, joinDate, phoneNumber) VALUES (190, 'Fanni', 'Moston', 'fmoston59', 'fmoston59@kickstarter.com', 'player', '2023-09-19 09:59:38', '466-370-4540');
INSERT INTO looterbuddy.Users (userID, firstName, lastName, username, email, type, joinDate, phoneNumber) VALUES (191, 'Marsh', 'Roach', 'mroach5a', 'mroach5a@ask.com', 'player', '2024-07-26 16:10:15', '283-629-5801');
INSERT INTO looterbuddy.Users (userID, firstName, lastName, username, email, type, joinDate, phoneNumber) VALUES (192, 'Bell', 'Cranidge', 'bcranidge5b', 'bcranidge5b@bluehost.com', 'player', '2024-04-18 04:31:46', '858-113-0072');
INSERT INTO looterbuddy.Users (userID, firstName, lastName, username, email, type, joinDate, phoneNumber) VALUES (193, 'Conny', 'Greenacre', 'cgreenacre5c', 'cgreenacre5c@unicef.org', 'player', '2023-12-12 17:14:34', '765-679-0068');
INSERT INTO looterbuddy.Users (userID, firstName, lastName, username, email, type, joinDate, phoneNumber) VALUES (194, 'Claretta', 'Youens', 'cyouens5d', 'cyouens5d@ft.com', 'player', '2023-12-05 07:08:10', '961-398-7424');
INSERT INTO looterbuddy.Users (userID, firstName, lastName, username, email, type, joinDate, phoneNumber) VALUES (195, 'Gerty', 'Jakeway', 'gjakeway5e', 'gjakeway5e@xing.com', 'player', '2024-04-29 06:33:00', '449-728-3736');
INSERT INTO looterbuddy.Users (userID, firstName, lastName, username, email, type, joinDate, phoneNumber) VALUES (196, 'Daven', 'Missen', 'dmissen5f', 'dmissen5f@berkeley.edu', 'player', '2023-12-22 19:54:19', '784-702-1311');
INSERT INTO looterbuddy.Users (userID, firstName, lastName, username, email, type, joinDate, phoneNumber) VALUES (197, 'Mirilla', 'Simecek', 'msimecek5g', 'msimecek5g@shinystat.com', 'player', '2024-02-23 11:26:53', '284-879-3464');
INSERT INTO looterbuddy.Users (userID, firstName, lastName, username, email, type, joinDate, phoneNumber) VALUES (198, 'Cletus', 'Gabbitus', 'cgabbitus5h', 'cgabbitus5h@ca.gov', 'streamer', '2024-08-11 18:27:58', '860-534-4505');
INSERT INTO looterbuddy.Users (userID, firstName, lastName, username, email, type, joinDate, phoneNumber) VALUES (199, 'Katleen', 'Briggdale', 'kbriggdale5i', 'kbriggdale5i@squarespace.com', 'streamer', '2024-05-31 12:34:22', '150-272-1987');
INSERT INTO looterbuddy.Users (userID, firstName, lastName, username, email, type, joinDate, phoneNumber) VALUES (200, 'Sawyere', 'Craft', 'scraft5j', 'scraft5j@wordpress.org', 'player', '2023-12-06 08:42:30', '964-671-1549');

INSERT INTO looterbuddy.Players (playerID, level, experience, userID) VALUES (1, 55, 226127554, 1);
INSERT INTO looterbuddy.Players (playerID, level, experience, userID) VALUES (2, 22, 695450241, 2);
INSERT INTO looterbuddy.Players (playerID, level, experience, userID) VALUES (3, 76, 80429351, 4);
INSERT INTO looterbuddy.Players (playerID, level, experience, userID) VALUES (4, 63, 26912554, 5);
INSERT INTO looterbuddy.Players (playerID, level, experience, userID) VALUES (5, 56, 123948389, 6);
INSERT INTO looterbuddy.Players (playerID, level, experience, userID) VALUES (6, 61, 294594547, 7);
INSERT INTO looterbuddy.Players (playerID, level, experience, userID) VALUES (7, 15, 664020494, 8);
INSERT INTO looterbuddy.Players (playerID, level, experience, userID) VALUES (8, 73, 320455469, 10);
INSERT INTO looterbuddy.Players (playerID, level, experience, userID) VALUES (9, 23, 374402511, 14);
INSERT INTO looterbuddy.Players (playerID, level, experience, userID) VALUES (10, 70, 659383672, 15);
INSERT INTO looterbuddy.Players (playerID, level, experience, userID) VALUES (11, 19, 535914942, 17);
INSERT INTO looterbuddy.Players (playerID, level, experience, userID) VALUES (12, 26, 625680119, 19);
INSERT INTO looterbuddy.Players (playerID, level, experience, userID) VALUES (13, 4, 932403692, 21);
INSERT INTO looterbuddy.Players (playerID, level, experience, userID) VALUES (14, 68, 650947797, 25);
INSERT INTO looterbuddy.Players (playerID, level, experience, userID) VALUES (15, 6, 340178739, 26);
INSERT INTO looterbuddy.Players (playerID, level, experience, userID) VALUES (16, 49, 76995653, 27);
INSERT INTO looterbuddy.Players (playerID, level, experience, userID) VALUES (17, 85, 178739081, 28);
INSERT INTO looterbuddy.Players (playerID, level, experience, userID) VALUES (18, 31, 299171032, 30);
INSERT INTO looterbuddy.Players (playerID, level, experience, userID) VALUES (19, 58, 8639711, 32);
INSERT INTO looterbuddy.Players (playerID, level, experience, userID) VALUES (20, 26, 522770968, 35);
INSERT INTO looterbuddy.Players (playerID, level, experience, userID) VALUES (21, 97, 877799085, 36);
INSERT INTO looterbuddy.Players (playerID, level, experience, userID) VALUES (22, 1, 79733247, 37);
INSERT INTO looterbuddy.Players (playerID, level, experience, userID) VALUES (23, 45, 217169499, 38);
INSERT INTO looterbuddy.Players (playerID, level, experience, userID) VALUES (24, 25, 610743571, 39);
INSERT INTO looterbuddy.Players (playerID, level, experience, userID) VALUES (25, 70, 483543749, 42);
INSERT INTO looterbuddy.Players (playerID, level, experience, userID) VALUES (26, 18, 921807375, 46);
INSERT INTO looterbuddy.Players (playerID, level, experience, userID) VALUES (27, 15, 430310442, 47);
INSERT INTO looterbuddy.Players (playerID, level, experience, userID) VALUES (28, 17, 633987275, 48);
INSERT INTO looterbuddy.Players (playerID, level, experience, userID) VALUES (29, 65, 584445687, 49);
INSERT INTO looterbuddy.Players (playerID, level, experience, userID) VALUES (30, 41, 832746278, 50);
INSERT INTO looterbuddy.Players (playerID, level, experience, userID) VALUES (31, 80, 897120815, 53);
INSERT INTO looterbuddy.Players (playerID, level, experience, userID) VALUES (32, 60, 75186202, 54);
INSERT INTO looterbuddy.Players (playerID, level, experience, userID) VALUES (33, 38, 337117998, 55);
INSERT INTO looterbuddy.Players (playerID, level, experience, userID) VALUES (34, 66, 756042242, 58);
INSERT INTO looterbuddy.Players (playerID, level, experience, userID) VALUES (35, 29, 798910078, 59);
INSERT INTO looterbuddy.Players (playerID, level, experience, userID) VALUES (36, 11, 214092485, 62);
INSERT INTO looterbuddy.Players (playerID, level, experience, userID) VALUES (37, 35, 934834924, 65);
INSERT INTO looterbuddy.Players (playerID, level, experience, userID) VALUES (38, 16, 438871265, 67);
INSERT INTO looterbuddy.Players (playerID, level, experience, userID) VALUES (39, 41, 45643823, 68);
INSERT INTO looterbuddy.Players (playerID, level, experience, userID) VALUES (40, 75, 710094094, 70);
INSERT INTO looterbuddy.Players (playerID, level, experience, userID) VALUES (41, 65, 179866008, 71);
INSERT INTO looterbuddy.Players (playerID, level, experience, userID) VALUES (42, 36, 223159309, 72);
INSERT INTO looterbuddy.Players (playerID, level, experience, userID) VALUES (43, 42, 756301009, 73);
INSERT INTO looterbuddy.Players (playerID, level, experience, userID) VALUES (44, 65, 273238516, 74);
INSERT INTO looterbuddy.Players (playerID, level, experience, userID) VALUES (45, 21, 839308886, 75);
INSERT INTO looterbuddy.Players (playerID, level, experience, userID) VALUES (46, 40, 973869683, 76);
INSERT INTO looterbuddy.Players (playerID, level, experience, userID) VALUES (47, 59, 767898228, 77);
INSERT INTO looterbuddy.Players (playerID, level, experience, userID) VALUES (48, 94, 894672585, 78);
INSERT INTO looterbuddy.Players (playerID, level, experience, userID) VALUES (49, 85, 454628541, 79);
INSERT INTO looterbuddy.Players (playerID, level, experience, userID) VALUES (50, 78, 975769715, 80);
INSERT INTO looterbuddy.Players (playerID, level, experience, userID) VALUES (51, 9, 670507183, 81);
INSERT INTO looterbuddy.Players (playerID, level, experience, userID) VALUES (52, 19, 601917871, 82);
INSERT INTO looterbuddy.Players (playerID, level, experience, userID) VALUES (53, 51, 898102810, 83);
INSERT INTO looterbuddy.Players (playerID, level, experience, userID) VALUES (54, 49, 36501304, 84);
INSERT INTO looterbuddy.Players (playerID, level, experience, userID) VALUES (55, 3, 230691593, 85);
INSERT INTO looterbuddy.Players (playerID, level, experience, userID) VALUES (56, 16, 963115534, 86);
INSERT INTO looterbuddy.Players (playerID, level, experience, userID) VALUES (57, 82, 746373618, 88);
INSERT INTO looterbuddy.Players (playerID, level, experience, userID) VALUES (58, 55, 888128218, 90);
INSERT INTO looterbuddy.Players (playerID, level, experience, userID) VALUES (59, 10, 112921031, 91);
INSERT INTO looterbuddy.Players (playerID, level, experience, userID) VALUES (60, 66, 127974729, 92);
INSERT INTO looterbuddy.Players (playerID, level, experience, userID) VALUES (61, 69, 286869663, 93);
INSERT INTO looterbuddy.Players (playerID, level, experience, userID) VALUES (62, 89, 752496444, 94);
INSERT INTO looterbuddy.Players (playerID, level, experience, userID) VALUES (63, 17, 674895356, 95);
INSERT INTO looterbuddy.Players (playerID, level, experience, userID) VALUES (64, 82, 498415665, 99);
INSERT INTO looterbuddy.Players (playerID, level, experience, userID) VALUES (65, 42, 872563171, 100);
INSERT INTO looterbuddy.Players (playerID, level, experience, userID) VALUES (66, 28, 390062945, 101);
INSERT INTO looterbuddy.Players (playerID, level, experience, userID) VALUES (67, 49, 808549492, 102);
INSERT INTO looterbuddy.Players (playerID, level, experience, userID) VALUES (68, 99, 558102192, 103);
INSERT INTO looterbuddy.Players (playerID, level, experience, userID) VALUES (69, 67, 245850024, 104);
INSERT INTO looterbuddy.Players (playerID, level, experience, userID) VALUES (70, 69, 369676290, 107);
INSERT INTO looterbuddy.Players (playerID, level, experience, userID) VALUES (71, 29, 371589224, 108);
INSERT INTO looterbuddy.Players (playerID, level, experience, userID) VALUES (72, 59, 791352645, 111);
INSERT INTO looterbuddy.Players (playerID, level, experience, userID) VALUES (73, 40, 898125671, 112);
INSERT INTO looterbuddy.Players (playerID, level, experience, userID) VALUES (74, 96, 690988831, 113);
INSERT INTO looterbuddy.Players (playerID, level, experience, userID) VALUES (75, 78, 439393865, 114);
INSERT INTO looterbuddy.Players (playerID, level, experience, userID) VALUES (76, 62, 568157472, 116);
INSERT INTO looterbuddy.Players (playerID, level, experience, userID) VALUES (77, 35, 35027613, 117);
INSERT INTO looterbuddy.Players (playerID, level, experience, userID) VALUES (78, 8, 425212413, 118);
INSERT INTO looterbuddy.Players (playerID, level, experience, userID) VALUES (79, 72, 283870763, 119);
INSERT INTO looterbuddy.Players (playerID, level, experience, userID) VALUES (80, 93, 287976246, 120);
INSERT INTO looterbuddy.Players (playerID, level, experience, userID) VALUES (81, 47, 375962723, 121);
INSERT INTO looterbuddy.Players (playerID, level, experience, userID) VALUES (82, 56, 280595297, 122);
INSERT INTO looterbuddy.Players (playerID, level, experience, userID) VALUES (83, 75, 79148247, 126);
INSERT INTO looterbuddy.Players (playerID, level, experience, userID) VALUES (84, 48, 618112187, 127);
INSERT INTO looterbuddy.Players (playerID, level, experience, userID) VALUES (85, 24, 840345037, 129);
INSERT INTO looterbuddy.Players (playerID, level, experience, userID) VALUES (86, 20, 896287265, 133);
INSERT INTO looterbuddy.Players (playerID, level, experience, userID) VALUES (87, 6, 273820922, 134);
INSERT INTO looterbuddy.Players (playerID, level, experience, userID) VALUES (88, 56, 491913070, 137);
INSERT INTO looterbuddy.Players (playerID, level, experience, userID) VALUES (89, 41, 557714475, 139);
INSERT INTO looterbuddy.Players (playerID, level, experience, userID) VALUES (90, 97, 58799799, 140);
INSERT INTO looterbuddy.Players (playerID, level, experience, userID) VALUES (91, 12, 702586811, 141);
INSERT INTO looterbuddy.Players (playerID, level, experience, userID) VALUES (92, 51, 819856089, 143);
INSERT INTO looterbuddy.Players (playerID, level, experience, userID) VALUES (93, 40, 282559011, 145);
INSERT INTO looterbuddy.Players (playerID, level, experience, userID) VALUES (94, 13, 74292803, 146);
INSERT INTO looterbuddy.Players (playerID, level, experience, userID) VALUES (95, 72, 673128326, 147);
INSERT INTO looterbuddy.Players (playerID, level, experience, userID) VALUES (96, 61, 128026150, 149);
INSERT INTO looterbuddy.Players (playerID, level, experience, userID) VALUES (97, 85, 742512359, 150);
INSERT INTO looterbuddy.Players (playerID, level, experience, userID) VALUES (98, 93, 592073458, 151);
INSERT INTO looterbuddy.Players (playerID, level, experience, userID) VALUES (99, 87, 694523021, 152);
INSERT INTO looterbuddy.Players (playerID, level, experience, userID) VALUES (100, 45, 804167911, 153);
INSERT INTO looterbuddy.Players (playerID, level, experience, userID) VALUES (101, 24, 889781952, 154);
INSERT INTO looterbuddy.Players (playerID, level, experience, userID) VALUES (102, 16, 609819016, 156);
INSERT INTO looterbuddy.Players (playerID, level, experience, userID) VALUES (103, 12, 795449078, 157);
INSERT INTO looterbuddy.Players (playerID, level, experience, userID) VALUES (104, 96, 790245635, 158);
INSERT INTO looterbuddy.Players (playerID, level, experience, userID) VALUES (105, 40, 326344124, 159);
INSERT INTO looterbuddy.Players (playerID, level, experience, userID) VALUES (106, 60, 542407055, 162);
INSERT INTO looterbuddy.Players (playerID, level, experience, userID) VALUES (107, 23, 527409762, 163);
INSERT INTO looterbuddy.Players (playerID, level, experience, userID) VALUES (108, 36, 119440666, 165);
INSERT INTO looterbuddy.Players (playerID, level, experience, userID) VALUES (109, 19, 677410502, 167);
INSERT INTO looterbuddy.Players (playerID, level, experience, userID) VALUES (110, 2, 138785034, 173);
INSERT INTO looterbuddy.Players (playerID, level, experience, userID) VALUES (111, 63, 679623557, 174);
INSERT INTO looterbuddy.Players (playerID, level, experience, userID) VALUES (112, 45, 444526127, 175);
INSERT INTO looterbuddy.Players (playerID, level, experience, userID) VALUES (113, 49, 106434472, 176);
INSERT INTO looterbuddy.Players (playerID, level, experience, userID) VALUES (114, 77, 346701600, 177);
INSERT INTO looterbuddy.Players (playerID, level, experience, userID) VALUES (115, 42, 395989334, 178);
INSERT INTO looterbuddy.Players (playerID, level, experience, userID) VALUES (116, 28, 462183027, 179);
INSERT INTO looterbuddy.Players (playerID, level, experience, userID) VALUES (117, 87, 895939117, 182);
INSERT INTO looterbuddy.Players (playerID, level, experience, userID) VALUES (118, 34, 726614362, 183);
INSERT INTO looterbuddy.Players (playerID, level, experience, userID) VALUES (119, 61, 654247021, 185);
INSERT INTO looterbuddy.Players (playerID, level, experience, userID) VALUES (120, 63, 386165811, 187);
INSERT INTO looterbuddy.Players (playerID, level, experience, userID) VALUES (121, 1, 698779749, 188);
INSERT INTO looterbuddy.Players (playerID, level, experience, userID) VALUES (122, 62, 808863977, 189);
INSERT INTO looterbuddy.Players (playerID, level, experience, userID) VALUES (123, 50, 320997881, 190);
INSERT INTO looterbuddy.Players (playerID, level, experience, userID) VALUES (124, 82, 484174168, 191);
INSERT INTO looterbuddy.Players (playerID, level, experience, userID) VALUES (125, 31, 551782011, 192);
INSERT INTO looterbuddy.Players (playerID, level, experience, userID) VALUES (126, 100, 224327842, 193);
INSERT INTO looterbuddy.Players (playerID, level, experience, userID) VALUES (127, 39, 398449752, 194);
INSERT INTO looterbuddy.Players (playerID, level, experience, userID) VALUES (128, 75, 168788512, 195);
INSERT INTO looterbuddy.Players (playerID, level, experience, userID) VALUES (129, 54, 853026589, 196);
INSERT INTO looterbuddy.Players (playerID, level, experience, userID) VALUES (130, 44, 886133281, 197);
INSERT INTO looterbuddy.Players (playerID, level, experience, userID) VALUES (131, 97, 938416038, 200);

INSERT INTO looterbuddy.Developers (developerID, experienceYears, userID) VALUES (1, 15, 3);
INSERT INTO looterbuddy.Developers (developerID, experienceYears, userID) VALUES (2, 22, 18);
INSERT INTO looterbuddy.Developers (developerID, experienceYears, userID) VALUES (3, 26, 56);
INSERT INTO looterbuddy.Developers (developerID, experienceYears, userID) VALUES (4, 9, 89);
INSERT INTO looterbuddy.Developers (developerID, experienceYears, userID) VALUES (5, 3, 115);
INSERT INTO looterbuddy.Developers (developerID, experienceYears, userID) VALUES (6, 22, 123);
INSERT INTO looterbuddy.Developers (developerID, experienceYears, userID) VALUES (7, 17, 184);

INSERT INTO looterbuddy.ContentCreators (streamerID, followCount, category, description, userID) VALUES (1, 2335, 'competitive', 'Proin eu mi. Nulla ac enim. In tempor, turpis nec euismod scelerisque, quam turpis adipiscing lorem, vitae mattis nibh ligula nec sem.', 9);
INSERT INTO looterbuddy.ContentCreators (streamerID, followCount, category, description, userID) VALUES (2, 6991, 'competitive', 'Proin interdum mauris non ligula pellentesque ultrices. Phasellus id sapien in sapien iaculis congue. Vivamus metus arcu, adipiscing molestie, hendrerit at, vulputate vitae, nisl.

Aenean lectus. Pellentesque eget nunc. Donec quis orci eget orci vehicula condimentum.', 11);
INSERT INTO looterbuddy.ContentCreators (streamerID, followCount, category, description, userID) VALUES (3, 8405, 'entertainment', 'Maecenas ut massa quis augue luctus tincidunt. Nulla mollis molestie lorem. Quisque ut erat.', 12);
INSERT INTO looterbuddy.ContentCreators (streamerID, followCount, category, description, userID) VALUES (4, 6018, 'entertainment', 'Praesent blandit. Nam nulla. Integer pede justo, lacinia eget, tincidunt eget, tempus vel, pede.', 13);
INSERT INTO looterbuddy.ContentCreators (streamerID, followCount, category, description, userID) VALUES (5, 3522, 'entertainment', 'Curabitur gravida nisi at nibh. In hac habitasse platea dictumst. Aliquam augue quam, sollicitudin vitae, consectetuer eget, rutrum at, lorem.', 16);
INSERT INTO looterbuddy.ContentCreators (streamerID, followCount, category, description, userID) VALUES (6, 514, 'guides', 'Proin interdum mauris non ligula pellentesque ultrices. Phasellus id sapien in sapien iaculis congue. Vivamus metus arcu, adipiscing molestie, hendrerit at, vulputate vitae, nisl.

Aenean lectus. Pellentesque eget nunc. Donec quis orci eget orci vehicula condimentum.', 20);
INSERT INTO looterbuddy.ContentCreators (streamerID, followCount, category, description, userID) VALUES (7, 1785, 'guides', 'Etiam vel augue. Vestibulum rutrum rutrum neque. Aenean auctor gravida sem.', 22);
INSERT INTO looterbuddy.ContentCreators (streamerID, followCount, category, description, userID) VALUES (8, 6066, 'entertainment', 'Fusce consequat. Nulla nisl. Nunc nisl.', 23);
INSERT INTO looterbuddy.ContentCreators (streamerID, followCount, category, description, userID) VALUES (9, 8578, 'competitive', 'Praesent id massa id nisl venenatis lacinia. Aenean sit amet justo. Morbi ut odio.

Cras mi pede, malesuada in, imperdiet et, commodo vulputate, justo. In blandit ultrices enim. Lorem ipsum dolor sit amet, consectetuer adipiscing elit.', 24);
INSERT INTO looterbuddy.ContentCreators (streamerID, followCount, category, description, userID) VALUES (10, 5078, 'competitive', 'Proin leo odio, porttitor id, consequat in, consequat ut, nulla. Sed accumsan felis. Ut at dolor quis odio consequat varius.

Integer ac leo. Pellentesque ultrices mattis odio. Donec vitae nisi.', 29);
INSERT INTO looterbuddy.ContentCreators (streamerID, followCount, category, description, userID) VALUES (11, 4202, 'entertainment', 'Maecenas ut massa quis augue luctus tincidunt. Nulla mollis molestie lorem. Quisque ut erat.', 31);
INSERT INTO looterbuddy.ContentCreators (streamerID, followCount, category, description, userID) VALUES (12, 542, 'guides', 'Phasellus sit amet erat. Nulla tempus. Vivamus in felis eu sapien cursus vestibulum.', 33);
INSERT INTO looterbuddy.ContentCreators (streamerID, followCount, category, description, userID) VALUES (13, 5660, 'competitive', 'Proin leo odio, porttitor id, consequat in, consequat ut, nulla. Sed accumsan felis. Ut at dolor quis odio consequat varius.', 34);
INSERT INTO looterbuddy.ContentCreators (streamerID, followCount, category, description, userID) VALUES (14, 1362, 'guides', 'In hac habitasse platea dictumst. Morbi vestibulum, velit id pretium iaculis, diam erat fermentum justo, nec condimentum neque sapien placerat ante. Nulla justo.

Aliquam quis turpis eget elit sodales scelerisque. Mauris sit amet eros. Suspendisse accumsan tortor quis turpis.', 40);
INSERT INTO looterbuddy.ContentCreators (streamerID, followCount, category, description, userID) VALUES (15, 2907, 'competitive', 'Cras non velit nec nisi vulputate nonummy. Maecenas tincidunt lacus at velit. Vivamus vel nulla eget eros elementum pellentesque.

Quisque porta volutpat erat. Quisque erat eros, viverra eget, congue eget, semper rutrum, nulla. Nunc purus.', 41);
INSERT INTO looterbuddy.ContentCreators (streamerID, followCount, category, description, userID) VALUES (16, 8825, 'guides', 'Phasellus in felis. Donec semper sapien a libero. Nam dui.', 43);
INSERT INTO looterbuddy.ContentCreators (streamerID, followCount, category, description, userID) VALUES (17, 9570, 'entertainment', 'Cras mi pede, malesuada in, imperdiet et, commodo vulputate, justo. In blandit ultrices enim. Lorem ipsum dolor sit amet, consectetuer adipiscing elit.', 44);
INSERT INTO looterbuddy.ContentCreators (streamerID, followCount, category, description, userID) VALUES (18, 1226, 'entertainment', 'In congue. Etiam justo. Etiam pretium iaculis justo.

In hac habitasse platea dictumst. Etiam faucibus cursus urna. Ut tellus.', 45);
INSERT INTO looterbuddy.ContentCreators (streamerID, followCount, category, description, userID) VALUES (19, 839, 'competitive', 'Duis bibendum, felis sed interdum venenatis, turpis enim blandit mi, in porttitor pede justo eu massa. Donec dapibus. Duis at velit eu est congue elementum.

In hac habitasse platea dictumst. Morbi vestibulum, velit id pretium iaculis, diam erat fermentum justo, nec condimentum neque sapien placerat ante. Nulla justo.', 51);
INSERT INTO looterbuddy.ContentCreators (streamerID, followCount, category, description, userID) VALUES (20, 8754, 'guides', 'Praesent id massa id nisl venenatis lacinia. Aenean sit amet justo. Morbi ut odio.

Cras mi pede, malesuada in, imperdiet et, commodo vulputate, justo. In blandit ultrices enim. Lorem ipsum dolor sit amet, consectetuer adipiscing elit.', 52);
INSERT INTO looterbuddy.ContentCreators (streamerID, followCount, category, description, userID) VALUES (21, 3342, 'guides', 'Fusce consequat. Nulla nisl. Nunc nisl.', 57);
INSERT INTO looterbuddy.ContentCreators (streamerID, followCount, category, description, userID) VALUES (22, 9722, 'competitive', 'In sagittis dui vel nisl. Duis ac nibh. Fusce lacus purus, aliquet at, feugiat non, pretium quis, lectus.

Suspendisse potenti. In eleifend quam a odio. In hac habitasse platea dictumst.', 60);
INSERT INTO looterbuddy.ContentCreators (streamerID, followCount, category, description, userID) VALUES (23, 7239, 'competitive', 'In congue. Etiam justo. Etiam pretium iaculis justo.', 61);
INSERT INTO looterbuddy.ContentCreators (streamerID, followCount, category, description, userID) VALUES (24, 6361, 'competitive', 'Lorem ipsum dolor sit amet, consectetuer adipiscing elit. Proin risus. Praesent lectus.

Vestibulum quam sapien, varius ut, blandit non, interdum in, ante. Vestibulum ante ipsum primis in faucibus orci luctus et ultrices posuere cubilia Curae; Duis faucibus accumsan odio. Curabitur convallis.', 63);
INSERT INTO looterbuddy.ContentCreators (streamerID, followCount, category, description, userID) VALUES (25, 5299, 'guides', 'Quisque porta volutpat erat. Quisque erat eros, viverra eget, congue eget, semper rutrum, nulla. Nunc purus.

Phasellus in felis. Donec semper sapien a libero. Nam dui.', 64);
INSERT INTO looterbuddy.ContentCreators (streamerID, followCount, category, description, userID) VALUES (26, 4315, 'competitive', 'Sed ante. Vivamus tortor. Duis mattis egestas metus.', 66);
INSERT INTO looterbuddy.ContentCreators (streamerID, followCount, category, description, userID) VALUES (27, 2748, 'competitive', 'Pellentesque at nulla. Suspendisse potenti. Cras in purus eu magna vulputate luctus.', 69);
INSERT INTO looterbuddy.ContentCreators (streamerID, followCount, category, description, userID) VALUES (28, 1299, 'competitive', 'Lorem ipsum dolor sit amet, consectetuer adipiscing elit. Proin risus. Praesent lectus.', 87);
INSERT INTO looterbuddy.ContentCreators (streamerID, followCount, category, description, userID) VALUES (29, 4345, 'entertainment', 'Duis aliquam convallis nunc. Proin at turpis a pede posuere nonummy. Integer non velit.', 96);
INSERT INTO looterbuddy.ContentCreators (streamerID, followCount, category, description, userID) VALUES (30, 4901, 'guides', 'Pellentesque at nulla. Suspendisse potenti. Cras in purus eu magna vulputate luctus.

Cum sociis natoque penatibus et magnis dis parturient montes, nascetur ridiculus mus. Vivamus vestibulum sagittis sapien. Cum sociis natoque penatibus et magnis dis parturient montes, nascetur ridiculus mus.', 97);
INSERT INTO looterbuddy.ContentCreators (streamerID, followCount, category, description, userID) VALUES (31, 4356, 'competitive', 'Maecenas ut massa quis augue luctus tincidunt. Nulla mollis molestie lorem. Quisque ut erat.

Curabitur gravida nisi at nibh. In hac habitasse platea dictumst. Aliquam augue quam, sollicitudin vitae, consectetuer eget, rutrum at, lorem.', 98);
INSERT INTO looterbuddy.ContentCreators (streamerID, followCount, category, description, userID) VALUES (32, 5310, 'guides', 'Curabitur in libero ut massa volutpat convallis. Morbi odio odio, elementum eu, interdum eu, tincidunt in, leo. Maecenas pulvinar lobortis est.

Phasellus sit amet erat. Nulla tempus. Vivamus in felis eu sapien cursus vestibulum.', 105);
INSERT INTO looterbuddy.ContentCreators (streamerID, followCount, category, description, userID) VALUES (33, 7623, 'competitive', 'Fusce posuere felis sed lacus. Morbi sem mauris, laoreet ut, rhoncus aliquet, pulvinar sed, nisl. Nunc rhoncus dui vel sem.

Sed sagittis. Nam congue, risus semper porta volutpat, quam pede lobortis ligula, sit amet eleifend pede libero quis orci. Nullam molestie nibh in lectus.', 106);
INSERT INTO looterbuddy.ContentCreators (streamerID, followCount, category, description, userID) VALUES (34, 8700, 'guides', 'Maecenas leo odio, condimentum id, luctus nec, molestie sed, justo. Pellentesque viverra pede ac diam. Cras pellentesque volutpat dui.', 109);
INSERT INTO looterbuddy.ContentCreators (streamerID, followCount, category, description, userID) VALUES (35, 2399, 'entertainment', 'In hac habitasse platea dictumst. Etiam faucibus cursus urna. Ut tellus.', 110);
INSERT INTO looterbuddy.ContentCreators (streamerID, followCount, category, description, userID) VALUES (36, 6705, 'guides', 'Nullam sit amet turpis elementum ligula vehicula consequat. Morbi a ipsum. Integer a nibh.

In quis justo. Maecenas rhoncus aliquam lacus. Morbi quis tortor id nulla ultrices aliquet.', 124);
INSERT INTO looterbuddy.ContentCreators (streamerID, followCount, category, description, userID) VALUES (37, 4953, 'entertainment', 'Etiam vel augue. Vestibulum rutrum rutrum neque. Aenean auctor gravida sem.

Praesent id massa id nisl venenatis lacinia. Aenean sit amet justo. Morbi ut odio.', 125);
INSERT INTO looterbuddy.ContentCreators (streamerID, followCount, category, description, userID) VALUES (38, 6814, 'entertainment', 'Etiam vel augue. Vestibulum rutrum rutrum neque. Aenean auctor gravida sem.', 128);
INSERT INTO looterbuddy.ContentCreators (streamerID, followCount, category, description, userID) VALUES (39, 5796, 'guides', 'Etiam vel augue. Vestibulum rutrum rutrum neque. Aenean auctor gravida sem.

Praesent id massa id nisl venenatis lacinia. Aenean sit amet justo. Morbi ut odio.', 130);
INSERT INTO looterbuddy.ContentCreators (streamerID, followCount, category, description, userID) VALUES (40, 7923, 'guides', 'Etiam vel augue. Vestibulum rutrum rutrum neque. Aenean auctor gravida sem.

Praesent id massa id nisl venenatis lacinia. Aenean sit amet justo. Morbi ut odio.', 131);
INSERT INTO looterbuddy.ContentCreators (streamerID, followCount, category, description, userID) VALUES (41, 5371, 'competitive', 'Praesent blandit. Nam nulla. Integer pede justo, lacinia eget, tincidunt eget, tempus vel, pede.', 132);
INSERT INTO looterbuddy.ContentCreators (streamerID, followCount, category, description, userID) VALUES (42, 4946, 'guides', 'Duis consequat dui nec nisi volutpat eleifend. Donec ut dolor. Morbi vel lectus in quam fringilla rhoncus.

Mauris enim leo, rhoncus sed, vestibulum sit amet, cursus id, turpis. Integer aliquet, massa id lobortis convallis, tortor risus dapibus augue, vel accumsan tellus nisi eu orci. Mauris lacinia sapien quis libero.', 135);
INSERT INTO looterbuddy.ContentCreators (streamerID, followCount, category, description, userID) VALUES (43, 585, 'entertainment', 'Proin interdum mauris non ligula pellentesque ultrices. Phasellus id sapien in sapien iaculis congue. Vivamus metus arcu, adipiscing molestie, hendrerit at, vulputate vitae, nisl.

Aenean lectus. Pellentesque eget nunc. Donec quis orci eget orci vehicula condimentum.', 136);
INSERT INTO looterbuddy.ContentCreators (streamerID, followCount, category, description, userID) VALUES (44, 4706, 'guides', 'Duis consequat dui nec nisi volutpat eleifend. Donec ut dolor. Morbi vel lectus in quam fringilla rhoncus.', 138);
INSERT INTO looterbuddy.ContentCreators (streamerID, followCount, category, description, userID) VALUES (45, 2816, 'guides', 'Cras mi pede, malesuada in, imperdiet et, commodo vulputate, justo. In blandit ultrices enim. Lorem ipsum dolor sit amet, consectetuer adipiscing elit.

Proin interdum mauris non ligula pellentesque ultrices. Phasellus id sapien in sapien iaculis congue. Vivamus metus arcu, adipiscing molestie, hendrerit at, vulputate vitae, nisl.', 142);
INSERT INTO looterbuddy.ContentCreators (streamerID, followCount, category, description, userID) VALUES (46, 6570, 'competitive', 'Etiam vel augue. Vestibulum rutrum rutrum neque. Aenean auctor gravida sem.

Praesent id massa id nisl venenatis lacinia. Aenean sit amet justo. Morbi ut odio.', 144);
INSERT INTO looterbuddy.ContentCreators (streamerID, followCount, category, description, userID) VALUES (47, 4099, 'entertainment', 'Praesent blandit. Nam nulla. Integer pede justo, lacinia eget, tincidunt eget, tempus vel, pede.

Morbi porttitor lorem id ligula. Suspendisse ornare consequat lectus. In est risus, auctor sed, tristique in, tempus sit amet, sem.', 148);
INSERT INTO looterbuddy.ContentCreators (streamerID, followCount, category, description, userID) VALUES (48, 9210, 'entertainment', 'In hac habitasse platea dictumst. Morbi vestibulum, velit id pretium iaculis, diam erat fermentum justo, nec condimentum neque sapien placerat ante. Nulla justo.

Aliquam quis turpis eget elit sodales scelerisque. Mauris sit amet eros. Suspendisse accumsan tortor quis turpis.', 155);
INSERT INTO looterbuddy.ContentCreators (streamerID, followCount, category, description, userID) VALUES (49, 8066, 'entertainment', 'In sagittis dui vel nisl. Duis ac nibh. Fusce lacus purus, aliquet at, feugiat non, pretium quis, lectus.', 160);
INSERT INTO looterbuddy.ContentCreators (streamerID, followCount, category, description, userID) VALUES (50, 6809, 'entertainment', 'Lorem ipsum dolor sit amet, consectetuer adipiscing elit. Proin risus. Praesent lectus.', 161);
INSERT INTO looterbuddy.ContentCreators (streamerID, followCount, category, description, userID) VALUES (51, 3458, 'entertainment', 'Aenean lectus. Pellentesque eget nunc. Donec quis orci eget orci vehicula condimentum.', 164);
INSERT INTO looterbuddy.ContentCreators (streamerID, followCount, category, description, userID) VALUES (52, 1188, 'competitive', 'Praesent id massa id nisl venenatis lacinia. Aenean sit amet justo. Morbi ut odio.

Cras mi pede, malesuada in, imperdiet et, commodo vulputate, justo. In blandit ultrices enim. Lorem ipsum dolor sit amet, consectetuer adipiscing elit.', 166);
INSERT INTO looterbuddy.ContentCreators (streamerID, followCount, category, description, userID) VALUES (53, 6893, 'entertainment', 'Etiam vel augue. Vestibulum rutrum rutrum neque. Aenean auctor gravida sem.

Praesent id massa id nisl venenatis lacinia. Aenean sit amet justo. Morbi ut odio.', 168);
INSERT INTO looterbuddy.ContentCreators (streamerID, followCount, category, description, userID) VALUES (54, 800, 'entertainment', 'Sed ante. Vivamus tortor. Duis mattis egestas metus.

Aenean fermentum. Donec ut mauris eget massa tempor convallis. Nulla neque libero, convallis eget, eleifend luctus, ultricies eu, nibh.', 169);
INSERT INTO looterbuddy.ContentCreators (streamerID, followCount, category, description, userID) VALUES (55, 2887, 'guides', 'Curabitur gravida nisi at nibh. In hac habitasse platea dictumst. Aliquam augue quam, sollicitudin vitae, consectetuer eget, rutrum at, lorem.', 170);
INSERT INTO looterbuddy.ContentCreators (streamerID, followCount, category, description, userID) VALUES (56, 5006, 'entertainment', 'Cras mi pede, malesuada in, imperdiet et, commodo vulputate, justo. In blandit ultrices enim. Lorem ipsum dolor sit amet, consectetuer adipiscing elit.', 171);
INSERT INTO looterbuddy.ContentCreators (streamerID, followCount, category, description, userID) VALUES (57, 7582, 'competitive', 'Praesent id massa id nisl venenatis lacinia. Aenean sit amet justo. Morbi ut odio.', 172);
INSERT INTO looterbuddy.ContentCreators (streamerID, followCount, category, description, userID) VALUES (58, 8947, 'entertainment', 'Phasellus sit amet erat. Nulla tempus. Vivamus in felis eu sapien cursus vestibulum.

Proin eu mi. Nulla ac enim. In tempor, turpis nec euismod scelerisque, quam turpis adipiscing lorem, vitae mattis nibh ligula nec sem.', 180);
INSERT INTO looterbuddy.ContentCreators (streamerID, followCount, category, description, userID) VALUES (59, 7626, 'entertainment', 'Duis bibendum, felis sed interdum venenatis, turpis enim blandit mi, in porttitor pede justo eu massa. Donec dapibus. Duis at velit eu est congue elementum.', 181);
INSERT INTO looterbuddy.ContentCreators (streamerID, followCount, category, description, userID) VALUES (60, 2803, 'guides', 'Nam ultrices, libero non mattis pulvinar, nulla pede ullamcorper augue, a suscipit nulla elit ac nulla. Sed vel enim sit amet nunc viverra dapibus. Nulla suscipit ligula in lacus.', 186);
INSERT INTO looterbuddy.ContentCreators (streamerID, followCount, category, description, userID) VALUES (61, 1667, 'competitive', 'Fusce posuere felis sed lacus. Morbi sem mauris, laoreet ut, rhoncus aliquet, pulvinar sed, nisl. Nunc rhoncus dui vel sem.', 198);
INSERT INTO looterbuddy.ContentCreators (streamerID, followCount, category, description, userID) VALUES (62, 599, 'entertainment', 'Praesent id massa id nisl venenatis lacinia. Aenean sit amet justo. Morbi ut odio.', 199);

INSERT INTO looterbuddy.Posts (postID, title, content, tag, dateUpdated, dateCreated, developerID, streamerID) VALUES (1, 'City of Hope', 'Nullam porttitor lacus at turpis. Donec posuere metus vitae ipsum. Aliquam non mauris.', 'update', '2023-12-22 11:53:53', '2023-11-08 06:12:16', 1, null);
INSERT INTO looterbuddy.Posts (postID, title, content, tag, dateUpdated, dateCreated, developerID, streamerID) VALUES (2, 'Play the Game', 'In sagittis dui vel nisl. Duis ac nibh. Fusce lacus purus, aliquet at, feugiat non, pretium quis, lectus.

Suspendisse potenti. In eleifend quam a odio. In hac habitasse platea dictumst.', 'update', '2023-10-07 12:46:35', '2024-04-16 23:22:52', 2, null);
INSERT INTO looterbuddy.Posts (postID, title, content, tag, dateUpdated, dateCreated, developerID, streamerID) VALUES (3, 'Europeans, The', 'Aenean lectus. Pellentesque eget nunc. Donec quis orci eget orci vehicula condimentum.

Curabitur in libero ut massa volutpat convallis. Morbi odio odio, elementum eu, interdum eu, tincidunt in, leo. Maecenas pulvinar lobortis est.

Phasellus sit amet erat. Nulla tempus. Vivamus in felis eu sapien cursus vestibulum.', 'update', '2024-04-28 21:18:10', '2024-07-08 09:03:05', 5, null);
INSERT INTO looterbuddy.Posts (postID, title, content, tag, dateUpdated, dateCreated, developerID, streamerID) VALUES (4, 'La montaa rusa', 'Phasellus sit amet erat. Nulla tempus. Vivamus in felis eu sapien cursus vestibulum.

Proin eu mi. Nulla ac enim. In tempor, turpis nec euismod scelerisque, quam turpis adipiscing lorem, vitae mattis nibh ligula nec sem.

Duis aliquam convallis nunc. Proin at turpis a pede posuere nonummy. Integer non velit.', 'update', '2024-06-04 03:34:11', '2024-06-06 03:18:49', 7, null);
INSERT INTO looterbuddy.Posts (postID, title, content, tag, dateUpdated, dateCreated, developerID, streamerID) VALUES (5, 'Legal Eagles', 'Integer tincidunt ante vel ipsum. Praesent blandit lacinia erat. Vestibulum sed magna at nunc commodo placerat.

Praesent blandit. Nam nulla. Integer pede justo, lacinia eget, tincidunt eget, tempus vel, pede.', 'update', '2023-10-26 05:46:08', '2023-11-11 13:14:19', 6, null);
INSERT INTO looterbuddy.Posts (postID, title, content, tag, dateUpdated, dateCreated, developerID, streamerID) VALUES (6, 'PCU', 'Nullam porttitor lacus at turpis. Donec posuere metus vitae ipsum. Aliquam non mauris.', 'update', '2024-08-09 08:55:11', '2024-04-24 01:09:07', 4, null);
INSERT INTO looterbuddy.Posts (postID, title, content, tag, dateUpdated, dateCreated, developerID, streamerID) VALUES (7, 'Fade to Black', 'In quis justo. Maecenas rhoncus aliquam lacus. Morbi quis tortor id nulla ultrices aliquet.

Maecenas leo odio, condimentum id, luctus nec, molestie sed, justo. Pellentesque viverra pede ac diam. Cras pellentesque volutpat dui.', 'update', '2024-03-21 11:57:54', '2024-03-12 20:17:41', 3, null);
INSERT INTO looterbuddy.Posts (postID, title, content, tag, dateUpdated, dateCreated, developerID, streamerID) VALUES (8, 'Albert Nobbs', 'Phasellus sit amet erat. Nulla tempus. Vivamus in felis eu sapien cursus vestibulum.', 'update', '2024-03-31 13:17:50', '2023-10-02 04:01:32', 5, null);
INSERT INTO looterbuddy.Posts (postID, title, content, tag, dateUpdated, dateCreated, developerID, streamerID) VALUES (9, 'Memory Keeper\'s Daughter, The', 'Nulla ut erat id mauris vulputate elementum. Nullam varius. Nulla facilisi.', 'update', '2024-02-17 14:42:32', '2023-09-18 18:26:41', 3, null);
INSERT INTO looterbuddy.Posts (postID, title, content, tag, dateUpdated, dateCreated, developerID, streamerID) VALUES (10, 'If a Tree Falls: A Story of the Earth Liberation F', 'Sed sagittis. Nam congue, risus semper porta volutpat, quam pede lobortis ligula, sit amet eleifend pede libero quis orci. Nullam molestie nibh in lectus.', 'update', '2023-08-16 16:46:40', '2023-10-21 20:50:11', 7, null);
INSERT INTO looterbuddy.Posts (postID, title, content, tag, dateUpdated, dateCreated, developerID, streamerID) VALUES (11, 'Appointment with Death', 'Aenean lectus. Pellentesque eget nunc. Donec quis orci eget orci vehicula condimentum.', 'update', '2024-01-16 17:03:09', '2024-05-05 17:30:40', 1, null);
INSERT INTO looterbuddy.Posts (postID, title, content, tag, dateUpdated, dateCreated, developerID, streamerID) VALUES (12, 'Sixteen Candles', 'Vestibulum ac est lacinia nisi venenatis tristique. Fusce congue, diam id ornare imperdiet, sapien urna pretium nisl, ut volutpat sapien arcu sed augue. Aliquam erat volutpat.

In congue. Etiam justo. Etiam pretium iaculis justo.', 'update', '2023-09-08 08:13:05', '2024-05-28 02:49:17', 2, null);
INSERT INTO looterbuddy.Posts (postID, title, content, tag, dateUpdated, dateCreated, developerID, streamerID) VALUES (13, 'Vampire in Brooklyn', 'Duis bibendum, felis sed interdum venenatis, turpis enim blandit mi, in porttitor pede justo eu massa. Donec dapibus. Duis at velit eu est congue elementum.

In hac habitasse platea dictumst. Morbi vestibulum, velit id pretium iaculis, diam erat fermentum justo, nec condimentum neque sapien placerat ante. Nulla justo.

Aliquam quis turpis eget elit sodales scelerisque. Mauris sit amet eros. Suspendisse accumsan tortor quis turpis.', 'update', '2024-01-23 10:39:06', '2024-03-20 17:02:50', 4, null);
INSERT INTO looterbuddy.Posts (postID, title, content, tag, dateUpdated, dateCreated, developerID, streamerID) VALUES (14, 'Tale of Two Cities, A', 'Duis bibendum. Morbi non quam nec dui luctus rutrum. Nulla tellus.', 'update', '2024-05-18 07:19:44', '2024-05-30 06:21:27', 6, null);
INSERT INTO looterbuddy.Posts (postID, title, content, tag, dateUpdated, dateCreated, developerID, streamerID) VALUES (15, 'Bad Teacher', 'In congue. Etiam justo. Etiam pretium iaculis justo.

In hac habitasse platea dictumst. Etiam faucibus cursus urna. Ut tellus.', 'update', '2023-09-25 04:42:46', '2023-12-02 23:42:55', 5, null);
INSERT INTO looterbuddy.Posts (postID, title, content, tag, dateUpdated, dateCreated, developerID, streamerID) VALUES (16, 'Satan\'s Sword 3: The Final Chapter (Daibosatsu tog', 'Curabitur at ipsum ac tellus semper interdum. Mauris ullamcorper purus sit amet nulla. Quisque arcu libero, rutrum ac, lobortis vel, dapibus at, diam.', 'update', '2024-06-02 21:14:10', '2023-10-07 14:51:24', 7, null);
INSERT INTO looterbuddy.Posts (postID, title, content, tag, dateUpdated, dateCreated, developerID, streamerID) VALUES (17, 'Bigger, Stronger, Faster*', 'Integer tincidunt ante vel ipsum. Praesent blandit lacinia erat. Vestibulum sed magna at nunc commodo placerat.

Praesent blandit. Nam nulla. Integer pede justo, lacinia eget, tincidunt eget, tempus vel, pede.

Morbi porttitor lorem id ligula. Suspendisse ornare consequat lectus. In est risus, auctor sed, tristique in, tempus sit amet, sem.', 'update', '2023-12-15 12:50:49', '2024-03-10 02:04:07', 2, null);
INSERT INTO looterbuddy.Posts (postID, title, content, tag, dateUpdated, dateCreated, developerID, streamerID) VALUES (18, 'Frequencies', 'Duis bibendum, felis sed interdum venenatis, turpis enim blandit mi, in porttitor pede justo eu massa. Donec dapibus. Duis at velit eu est congue elementum.

In hac habitasse platea dictumst. Morbi vestibulum, velit id pretium iaculis, diam erat fermentum justo, nec condimentum neque sapien placerat ante. Nulla justo.', 'update', '2023-09-25 11:52:10', '2024-01-25 11:46:19', 6, null);
INSERT INTO looterbuddy.Posts (postID, title, content, tag, dateUpdated, dateCreated, developerID, streamerID) VALUES (19, 'Crimes of the Heart', 'In quis justo. Maecenas rhoncus aliquam lacus. Morbi quis tortor id nulla ultrices aliquet.', 'update', '2024-05-03 15:15:58', '2023-11-20 12:13:43', 4, null);
INSERT INTO looterbuddy.Posts (postID, title, content, tag, dateUpdated, dateCreated, developerID, streamerID) VALUES (20, 'The Last Word', 'Duis consequat dui nec nisi volutpat eleifend. Donec ut dolor. Morbi vel lectus in quam fringilla rhoncus.

Mauris enim leo, rhoncus sed, vestibulum sit amet, cursus id, turpis. Integer aliquet, massa id lobortis convallis, tortor risus dapibus augue, vel accumsan tellus nisi eu orci. Mauris lacinia sapien quis libero.

Nullam sit amet turpis elementum ligula vehicula consequat. Morbi a ipsum. Integer a nibh.', 'update', '2024-02-01 04:42:09', '2023-08-18 21:46:26', 1, null);
INSERT INTO looterbuddy.Posts (postID, title, content, tag, dateUpdated, dateCreated, developerID, streamerID) VALUES (21, 'Vitus', 'Curabitur gravida nisi at nibh. In hac habitasse platea dictumst. Aliquam augue quam, sollicitudin vitae, consectetuer eget, rutrum at, lorem.

Integer tincidunt ante vel ipsum. Praesent blandit lacinia erat. Vestibulum sed magna at nunc commodo placerat.

Praesent blandit. Nam nulla. Integer pede justo, lacinia eget, tincidunt eget, tempus vel, pede.', 'social', '2023-10-30 16:28:43', '2024-07-18 09:01:50', null, 8);
INSERT INTO looterbuddy.Posts (postID, title, content, tag, dateUpdated, dateCreated, developerID, streamerID) VALUES (22, 'Puppet Master: The Legacy (Puppet Master 8)', 'Nullam porttitor lacus at turpis. Donec posuere metus vitae ipsum. Aliquam non mauris.

Morbi non lectus. Aliquam sit amet diam in magna bibendum imperdiet. Nullam orci pede, venenatis non, sodales sed, tincidunt eu, felis.

Fusce posuere felis sed lacus. Morbi sem mauris, laoreet ut, rhoncus aliquet, pulvinar sed, nisl. Nunc rhoncus dui vel sem.', 'social', '2023-10-03 09:26:30', '2024-07-30 05:49:29', null, 16);
INSERT INTO looterbuddy.Posts (postID, title, content, tag, dateUpdated, dateCreated, developerID, streamerID) VALUES (23, 'Talladega Nights: The Ballad of Ricky Bobby', 'Lorem ipsum dolor sit amet, consectetuer adipiscing elit. Proin risus. Praesent lectus.

Vestibulum quam sapien, varius ut, blandit non, interdum in, ante. Vestibulum ante ipsum primis in faucibus orci luctus et ultrices posuere cubilia Curae; Duis faucibus accumsan odio. Curabitur convallis.

Duis consequat dui nec nisi volutpat eleifend. Donec ut dolor. Morbi vel lectus in quam fringilla rhoncus.', 'social', '2023-11-28 13:05:23', '2024-01-13 19:35:08', null, 4);
INSERT INTO looterbuddy.Posts (postID, title, content, tag, dateUpdated, dateCreated, developerID, streamerID) VALUES (24, 'Sallah', 'Fusce consequat. Nulla nisl. Nunc nisl.

Duis bibendum, felis sed interdum venenatis, turpis enim blandit mi, in porttitor pede justo eu massa. Donec dapibus. Duis at velit eu est congue elementum.

In hac habitasse platea dictumst. Morbi vestibulum, velit id pretium iaculis, diam erat fermentum justo, nec condimentum neque sapien placerat ante. Nulla justo.', 'social', '2024-02-29 00:25:21', '2024-07-21 10:53:17', null, 26);
INSERT INTO looterbuddy.Posts (postID, title, content, tag, dateUpdated, dateCreated, developerID, streamerID) VALUES (25, 'The Wait', 'Praesent blandit. Nam nulla. Integer pede justo, lacinia eget, tincidunt eget, tempus vel, pede.

Morbi porttitor lorem id ligula. Suspendisse ornare consequat lectus. In est risus, auctor sed, tristique in, tempus sit amet, sem.

Fusce consequat. Nulla nisl. Nunc nisl.', 'social', '2024-05-22 13:14:36', '2023-12-24 17:30:54', null, 2);
INSERT INTO looterbuddy.Posts (postID, title, content, tag, dateUpdated, dateCreated, developerID, streamerID) VALUES (26, 'Beer Wars', 'Lorem ipsum dolor sit amet, consectetuer adipiscing elit. Proin risus. Praesent lectus.

Vestibulum quam sapien, varius ut, blandit non, interdum in, ante. Vestibulum ante ipsum primis in faucibus orci luctus et ultrices posuere cubilia Curae; Duis faucibus accumsan odio. Curabitur convallis.', 'social', '2024-01-22 13:54:02', '2023-10-31 15:47:04', null, 31);
INSERT INTO looterbuddy.Posts (postID, title, content, tag, dateUpdated, dateCreated, developerID, streamerID) VALUES (27, 'Toy, The (Le jouet)', 'Morbi non lectus. Aliquam sit amet diam in magna bibendum imperdiet. Nullam orci pede, venenatis non, sodales sed, tincidunt eu, felis.

Fusce posuere felis sed lacus. Morbi sem mauris, laoreet ut, rhoncus aliquet, pulvinar sed, nisl. Nunc rhoncus dui vel sem.

Sed sagittis. Nam congue, risus semper porta volutpat, quam pede lobortis ligula, sit amet eleifend pede libero quis orci. Nullam molestie nibh in lectus.', 'social', '2024-03-22 19:39:40', '2023-08-21 09:31:21', null, 41);
INSERT INTO looterbuddy.Posts (postID, title, content, tag, dateUpdated, dateCreated, developerID, streamerID) VALUES (28, 'Pocketful of Miracles', 'Donec diam neque, vestibulum eget, vulputate ut, ultrices vel, augue. Vestibulum ante ipsum primis in faucibus orci luctus et ultrices posuere cubilia Curae; Donec pharetra, magna vestibulum aliquet ultrices, erat tortor sollicitudin mi, sit amet lobortis sapien sapien non mi. Integer ac neque.', 'social', '2024-03-31 21:14:07', '2024-02-17 08:59:58', null, 47);
INSERT INTO looterbuddy.Posts (postID, title, content, tag, dateUpdated, dateCreated, developerID, streamerID) VALUES (29, 'Feiern', 'Cras non velit nec nisi vulputate nonummy. Maecenas tincidunt lacus at velit. Vivamus vel nulla eget eros elementum pellentesque.', 'social', '2023-08-24 01:11:33', '2024-05-30 15:09:00', null, 18);
INSERT INTO looterbuddy.Posts (postID, title, content, tag, dateUpdated, dateCreated, developerID, streamerID) VALUES (30, 'Halloween is Grinch Night', 'Sed ante. Vivamus tortor. Duis mattis egestas metus.

Aenean fermentum. Donec ut mauris eget massa tempor convallis. Nulla neque libero, convallis eget, eleifend luctus, ultricies eu, nibh.', 'social', '2024-01-18 22:31:04', '2024-04-01 22:39:57', null, 28);
INSERT INTO looterbuddy.Posts (postID, title, content, tag, dateUpdated, dateCreated, developerID, streamerID) VALUES (31, 'Aviator, The', 'Aenean fermentum. Donec ut mauris eget massa tempor convallis. Nulla neque libero, convallis eget, eleifend luctus, ultricies eu, nibh.

Quisque id justo sit amet sapien dignissim vestibulum. Vestibulum ante ipsum primis in faucibus orci luctus et ultrices posuere cubilia Curae; Nulla dapibus dolor vel est. Donec odio justo, sollicitudin ut, suscipit a, feugiat et, eros.', 'social', '2024-04-30 08:36:23', '2024-01-05 15:30:33', null, 32);
INSERT INTO looterbuddy.Posts (postID, title, content, tag, dateUpdated, dateCreated, developerID, streamerID) VALUES (32, 'Yol (a.k.a. The Way)', 'Proin interdum mauris non ligula pellentesque ultrices. Phasellus id sapien in sapien iaculis congue. Vivamus metus arcu, adipiscing molestie, hendrerit at, vulputate vitae, nisl.

Aenean lectus. Pellentesque eget nunc. Donec quis orci eget orci vehicula condimentum.

Curabitur in libero ut massa volutpat convallis. Morbi odio odio, elementum eu, interdum eu, tincidunt in, leo. Maecenas pulvinar lobortis est.', 'social', '2024-06-23 15:40:37', '2024-05-24 15:36:10', null, 45);
INSERT INTO looterbuddy.Posts (postID, title, content, tag, dateUpdated, dateCreated, developerID, streamerID) VALUES (33, 'Holy Flame of the Martial World (Wu lin sheng huo ', 'Curabitur at ipsum ac tellus semper interdum. Mauris ullamcorper purus sit amet nulla. Quisque arcu libero, rutrum ac, lobortis vel, dapibus at, diam.', 'social', '2023-09-02 02:34:34', '2024-05-16 20:46:11', null, 29);
INSERT INTO looterbuddy.Posts (postID, title, content, tag, dateUpdated, dateCreated, developerID, streamerID) VALUES (34, 'First Texan, The', 'In quis justo. Maecenas rhoncus aliquam lacus. Morbi quis tortor id nulla ultrices aliquet.', 'social', '2024-06-18 10:01:10', '2024-03-27 00:30:24', null, 21);
INSERT INTO looterbuddy.Posts (postID, title, content, tag, dateUpdated, dateCreated, developerID, streamerID) VALUES (35, 'Babylon', 'Duis consequat dui nec nisi volutpat eleifend. Donec ut dolor. Morbi vel lectus in quam fringilla rhoncus.

Mauris enim leo, rhoncus sed, vestibulum sit amet, cursus id, turpis. Integer aliquet, massa id lobortis convallis, tortor risus dapibus augue, vel accumsan tellus nisi eu orci. Mauris lacinia sapien quis libero.', 'social', '2023-09-11 23:25:44', '2023-12-28 23:29:38', null, 39);
INSERT INTO looterbuddy.Posts (postID, title, content, tag, dateUpdated, dateCreated, developerID, streamerID) VALUES (36, 'Chinese Coffee', 'Donec diam neque, vestibulum eget, vulputate ut, ultrices vel, augue. Vestibulum ante ipsum primis in faucibus orci luctus et ultrices posuere cubilia Curae; Donec pharetra, magna vestibulum aliquet ultrices, erat tortor sollicitudin mi, sit amet lobortis sapien sapien non mi. Integer ac neque.', 'social', '2024-07-17 16:57:11', '2023-08-27 12:17:24', null, 62);
INSERT INTO looterbuddy.Posts (postID, title, content, tag, dateUpdated, dateCreated, developerID, streamerID) VALUES (37, 'Clock, The', 'Curabitur in libero ut massa volutpat convallis. Morbi odio odio, elementum eu, interdum eu, tincidunt in, leo. Maecenas pulvinar lobortis est.

Phasellus sit amet erat. Nulla tempus. Vivamus in felis eu sapien cursus vestibulum.', 'social', '2024-03-30 13:35:53', '2023-09-21 16:44:03', null, 58);
INSERT INTO looterbuddy.Posts (postID, title, content, tag, dateUpdated, dateCreated, developerID, streamerID) VALUES (38, 'Guardian, The', 'Vestibulum quam sapien, varius ut, blandit non, interdum in, ante. Vestibulum ante ipsum primis in faucibus orci luctus et ultrices posuere cubilia Curae; Duis faucibus accumsan odio. Curabitur convallis.

Duis consequat dui nec nisi volutpat eleifend. Donec ut dolor. Morbi vel lectus in quam fringilla rhoncus.

Mauris enim leo, rhoncus sed, vestibulum sit amet, cursus id, turpis. Integer aliquet, massa id lobortis convallis, tortor risus dapibus augue, vel accumsan tellus nisi eu orci. Mauris lacinia sapien quis libero.', 'social', '2023-10-07 19:13:25', '2024-05-07 15:45:54', null, 49);
INSERT INTO looterbuddy.Posts (postID, title, content, tag, dateUpdated, dateCreated, developerID, streamerID) VALUES (39, 'Mummy, The', 'In sagittis dui vel nisl. Duis ac nibh. Fusce lacus purus, aliquet at, feugiat non, pretium quis, lectus.

Suspendisse potenti. In eleifend quam a odio. In hac habitasse platea dictumst.', 'social', '2023-12-17 14:39:18', '2023-08-18 23:07:50', null, 20);
INSERT INTO looterbuddy.Posts (postID, title, content, tag, dateUpdated, dateCreated, developerID, streamerID) VALUES (40, 'Ziegfeld Follies', 'Cras mi pede, malesuada in, imperdiet et, commodo vulputate, justo. In blandit ultrices enim. Lorem ipsum dolor sit amet, consectetuer adipiscing elit.

Proin interdum mauris non ligula pellentesque ultrices. Phasellus id sapien in sapien iaculis congue. Vivamus metus arcu, adipiscing molestie, hendrerit at, vulputate vitae, nisl.

Aenean lectus. Pellentesque eget nunc. Donec quis orci eget orci vehicula condimentum.', 'social', '2024-07-08 00:43:55', '2023-12-01 21:51:35', null, 36);
INSERT INTO looterbuddy.Posts (postID, title, content, tag, dateUpdated, dateCreated, developerID, streamerID) VALUES (41, 'Remote Control', 'Duis bibendum, felis sed interdum venenatis, turpis enim blandit mi, in porttitor pede justo eu massa. Donec dapibus. Duis at velit eu est congue elementum.', 'social', '2024-07-29 07:56:14', '2024-03-08 22:16:59', null, 51);
INSERT INTO looterbuddy.Posts (postID, title, content, tag, dateUpdated, dateCreated, developerID, streamerID) VALUES (42, 'Lifeforce', 'Aenean lectus. Pellentesque eget nunc. Donec quis orci eget orci vehicula condimentum.', 'social', '2023-12-23 14:50:11', '2024-08-08 21:16:27', null, 44);
INSERT INTO looterbuddy.Posts (postID, title, content, tag, dateUpdated, dateCreated, developerID, streamerID) VALUES (43, 'Dhoom', 'Cras non velit nec nisi vulputate nonummy. Maecenas tincidunt lacus at velit. Vivamus vel nulla eget eros elementum pellentesque.', 'social', '2024-03-09 11:13:59', '2023-08-30 17:13:50', null, 17);
INSERT INTO looterbuddy.Posts (postID, title, content, tag, dateUpdated, dateCreated, developerID, streamerID) VALUES (44, 'Flirt', 'Proin interdum mauris non ligula pellentesque ultrices. Phasellus id sapien in sapien iaculis congue. Vivamus metus arcu, adipiscing molestie, hendrerit at, vulputate vitae, nisl.

Aenean lectus. Pellentesque eget nunc. Donec quis orci eget orci vehicula condimentum.

Curabitur in libero ut massa volutpat convallis. Morbi odio odio, elementum eu, interdum eu, tincidunt in, leo. Maecenas pulvinar lobortis est.', 'social', '2023-10-15 02:46:01', '2023-09-22 18:39:51', null, 23);
INSERT INTO looterbuddy.Posts (postID, title, content, tag, dateUpdated, dateCreated, developerID, streamerID) VALUES (45, 'Wings of Desire (Himmel ber Berlin, Der)', 'Nullam porttitor lacus at turpis. Donec posuere metus vitae ipsum. Aliquam non mauris.', 'social', '2024-04-24 18:43:22', '2024-07-24 11:58:51', null, 22);
INSERT INTO looterbuddy.Posts (postID, title, content, tag, dateUpdated, dateCreated, developerID, streamerID) VALUES (46, 'Open Range', 'Pellentesque at nulla. Suspendisse potenti. Cras in purus eu magna vulputate luctus.

Cum sociis natoque penatibus et magnis dis parturient montes, nascetur ridiculus mus. Vivamus vestibulum sagittis sapien. Cum sociis natoque penatibus et magnis dis parturient montes, nascetur ridiculus mus.', 'social', '2024-06-30 01:58:09', '2024-02-19 18:41:52', null, 42);
INSERT INTO looterbuddy.Posts (postID, title, content, tag, dateUpdated, dateCreated, developerID, streamerID) VALUES (47, 'Pastoral Hide and Seek (Den-en ni shisu)', 'Praesent blandit. Nam nulla. Integer pede justo, lacinia eget, tincidunt eget, tempus vel, pede.

Morbi porttitor lorem id ligula. Suspendisse ornare consequat lectus. In est risus, auctor sed, tristique in, tempus sit amet, sem.', 'social', '2024-01-22 12:36:20', '2024-06-15 22:23:24', null, 11);
INSERT INTO looterbuddy.Posts (postID, title, content, tag, dateUpdated, dateCreated, developerID, streamerID) VALUES (48, 'Just Write', 'Duis consequat dui nec nisi volutpat eleifend. Donec ut dolor. Morbi vel lectus in quam fringilla rhoncus.

Mauris enim leo, rhoncus sed, vestibulum sit amet, cursus id, turpis. Integer aliquet, massa id lobortis convallis, tortor risus dapibus augue, vel accumsan tellus nisi eu orci. Mauris lacinia sapien quis libero.

Nullam sit amet turpis elementum ligula vehicula consequat. Morbi a ipsum. Integer a nibh.', 'social', '2024-07-29 20:35:25', '2024-06-01 02:43:35', null, 43);
INSERT INTO looterbuddy.Posts (postID, title, content, tag, dateUpdated, dateCreated, developerID, streamerID) VALUES (49, 'Decade Under the Influence, A', 'Proin eu mi. Nulla ac enim. In tempor, turpis nec euismod scelerisque, quam turpis adipiscing lorem, vitae mattis nibh ligula nec sem.

Duis aliquam convallis nunc. Proin at turpis a pede posuere nonummy. Integer non velit.', 'social', '2024-03-15 14:31:36', '2024-07-02 03:57:05', null, 59);
INSERT INTO looterbuddy.Posts (postID, title, content, tag, dateUpdated, dateCreated, developerID, streamerID) VALUES (50, 'Bonnie Scotland (Heroes of the Regiment)', 'Integer tincidunt ante vel ipsum. Praesent blandit lacinia erat. Vestibulum sed magna at nunc commodo placerat.

Praesent blandit. Nam nulla. Integer pede justo, lacinia eget, tincidunt eget, tempus vel, pede.', 'social', '2024-07-13 08:23:47', '2024-07-16 00:07:35', null, 46);

INSERT INTO looterbuddy.Likes (userID, likeID, dateCreated, postID) VALUES (1, 52, '2024-01-08 05:35:58', 32);
INSERT INTO looterbuddy.Likes (userID, likeID, dateCreated, postID) VALUES (2, 91, '2024-07-10 06:07:29', 30);
INSERT INTO looterbuddy.Likes (userID, likeID, dateCreated, postID) VALUES (6, 66, '2024-05-14 08:00:08', 39);
INSERT INTO looterbuddy.Likes (userID, likeID, dateCreated, postID) VALUES (7, 31, '2024-01-13 23:29:06', 43);
INSERT INTO looterbuddy.Likes (userID, likeID, dateCreated, postID) VALUES (7, 108, '2024-02-17 02:12:49', 8);
INSERT INTO looterbuddy.Likes (userID, likeID, dateCreated, postID) VALUES (7, 146, '2024-02-13 12:55:57', 9);
INSERT INTO looterbuddy.Likes (userID, likeID, dateCreated, postID) VALUES (8, 94, '2023-08-30 06:18:22', 4);
INSERT INTO looterbuddy.Likes (userID, likeID, dateCreated, postID) VALUES (10, 89, '2023-10-13 06:19:21', 15);
INSERT INTO looterbuddy.Likes (userID, likeID, dateCreated, postID) VALUES (10, 127, '2024-07-31 07:19:16', 23);
INSERT INTO looterbuddy.Likes (userID, likeID, dateCreated, postID) VALUES (14, 114, '2023-10-25 16:32:03', 48);
INSERT INTO looterbuddy.Likes (userID, likeID, dateCreated, postID) VALUES (15, 18, '2023-09-12 04:44:42', 45);
INSERT INTO looterbuddy.Likes (userID, likeID, dateCreated, postID) VALUES (17, 35, '2024-08-08 13:41:52', 50);
INSERT INTO looterbuddy.Likes (userID, likeID, dateCreated, postID) VALUES (17, 45, '2024-01-31 16:15:45', 39);
INSERT INTO looterbuddy.Likes (userID, likeID, dateCreated, postID) VALUES (17, 69, '2024-04-24 23:12:24', 25);
INSERT INTO looterbuddy.Likes (userID, likeID, dateCreated, postID) VALUES (17, 116, '2024-03-22 18:09:58', 45);
INSERT INTO looterbuddy.Likes (userID, likeID, dateCreated, postID) VALUES (19, 33, '2024-07-24 16:15:01', 24);
INSERT INTO looterbuddy.Likes (userID, likeID, dateCreated, postID) VALUES (21, 123, '2024-02-18 23:46:24', 50);
INSERT INTO looterbuddy.Likes (userID, likeID, dateCreated, postID) VALUES (26, 147, '2024-01-08 10:57:46', 16);
INSERT INTO looterbuddy.Likes (userID, likeID, dateCreated, postID) VALUES (27, 86, '2024-08-05 22:46:53', 38);
INSERT INTO looterbuddy.Likes (userID, likeID, dateCreated, postID) VALUES (27, 119, '2024-06-12 22:49:01', 41);
INSERT INTO looterbuddy.Likes (userID, likeID, dateCreated, postID) VALUES (30, 149, '2024-01-15 18:34:56', 17);
INSERT INTO looterbuddy.Likes (userID, likeID, dateCreated, postID) VALUES (32, 50, '2023-08-18 23:11:48', 5);
INSERT INTO looterbuddy.Likes (userID, likeID, dateCreated, postID) VALUES (32, 104, '2024-01-16 09:36:18', 3);
INSERT INTO looterbuddy.Likes (userID, likeID, dateCreated, postID) VALUES (32, 141, '2023-09-25 15:40:29', 10);
INSERT INTO looterbuddy.Likes (userID, likeID, dateCreated, postID) VALUES (36, 140, '2024-03-05 07:58:12', 26);
INSERT INTO looterbuddy.Likes (userID, likeID, dateCreated, postID) VALUES (37, 41, '2024-01-01 00:27:42', 49);
INSERT INTO looterbuddy.Likes (userID, likeID, dateCreated, postID) VALUES (38, 21, '2023-09-10 18:34:14', 16);
INSERT INTO looterbuddy.Likes (userID, likeID, dateCreated, postID) VALUES (39, 10, '2023-12-24 06:58:52', 7);
INSERT INTO looterbuddy.Likes (userID, likeID, dateCreated, postID) VALUES (39, 29, '2024-05-23 06:08:29', 34);
INSERT INTO looterbuddy.Likes (userID, likeID, dateCreated, postID) VALUES (42, 88, '2024-02-07 11:44:50', 19);
INSERT INTO looterbuddy.Likes (userID, likeID, dateCreated, postID) VALUES (42, 150, '2024-01-28 11:31:05', 18);
INSERT INTO looterbuddy.Likes (userID, likeID, dateCreated, postID) VALUES (48, 14, '2023-12-19 03:49:37', 4);
INSERT INTO looterbuddy.Likes (userID, likeID, dateCreated, postID) VALUES (48, 129, '2023-11-09 07:22:36', 43);
INSERT INTO looterbuddy.Likes (userID, likeID, dateCreated, postID) VALUES (49, 36, '2024-01-16 04:07:09', 6);
INSERT INTO looterbuddy.Likes (userID, likeID, dateCreated, postID) VALUES (54, 23, '2024-03-03 08:16:31', 28);
INSERT INTO looterbuddy.Likes (userID, likeID, dateCreated, postID) VALUES (54, 44, '2023-12-04 04:08:35', 50);
INSERT INTO looterbuddy.Likes (userID, likeID, dateCreated, postID) VALUES (59, 81, '2023-11-27 05:50:44', 43);
INSERT INTO looterbuddy.Likes (userID, likeID, dateCreated, postID) VALUES (59, 90, '2023-11-04 23:21:32', 45);
INSERT INTO looterbuddy.Likes (userID, likeID, dateCreated, postID) VALUES (59, 131, '2023-11-29 18:16:24', 9);
INSERT INTO looterbuddy.Likes (userID, likeID, dateCreated, postID) VALUES (65, 122, '2023-11-07 04:34:05', 46);
INSERT INTO looterbuddy.Likes (userID, likeID, dateCreated, postID) VALUES (70, 5, '2024-07-31 15:39:29', 29);
INSERT INTO looterbuddy.Likes (userID, likeID, dateCreated, postID) VALUES (70, 11, '2023-10-13 18:30:37', 42);
INSERT INTO looterbuddy.Likes (userID, likeID, dateCreated, postID) VALUES (70, 138, '2023-12-10 01:12:28', 29);
INSERT INTO looterbuddy.Likes (userID, likeID, dateCreated, postID) VALUES (71, 75, '2024-06-26 09:37:54', 23);
INSERT INTO looterbuddy.Likes (userID, likeID, dateCreated, postID) VALUES (73, 9, '2024-03-06 12:01:27', 12);
INSERT INTO looterbuddy.Likes (userID, likeID, dateCreated, postID) VALUES (74, 74, '2023-10-01 02:49:18', 39);
INSERT INTO looterbuddy.Likes (userID, likeID, dateCreated, postID) VALUES (75, 135, '2024-05-29 06:03:05', 36);
INSERT INTO looterbuddy.Likes (userID, likeID, dateCreated, postID) VALUES (76, 25, '2023-09-04 18:35:50', 36);
INSERT INTO looterbuddy.Likes (userID, likeID, dateCreated, postID) VALUES (78, 124, '2023-10-12 05:37:08', 1);
INSERT INTO looterbuddy.Likes (userID, likeID, dateCreated, postID) VALUES (79, 3, '2024-03-23 07:19:13', 45);
INSERT INTO looterbuddy.Likes (userID, likeID, dateCreated, postID) VALUES (80, 34, '2024-01-23 01:23:01', 17);
INSERT INTO looterbuddy.Likes (userID, likeID, dateCreated, postID) VALUES (80, 53, '2024-04-26 18:38:26', 14);
INSERT INTO looterbuddy.Likes (userID, likeID, dateCreated, postID) VALUES (80, 92, '2024-07-17 05:40:04', 10);
INSERT INTO looterbuddy.Likes (userID, likeID, dateCreated, postID) VALUES (84, 43, '2024-05-05 01:09:11', 1);
INSERT INTO looterbuddy.Likes (userID, likeID, dateCreated, postID) VALUES (84, 48, '2023-12-22 14:25:37', 8);
INSERT INTO looterbuddy.Likes (userID, likeID, dateCreated, postID) VALUES (84, 64, '2024-01-24 15:05:48', 4);
INSERT INTO looterbuddy.Likes (userID, likeID, dateCreated, postID) VALUES (85, 46, '2024-05-08 21:59:11', 6);
INSERT INTO looterbuddy.Likes (userID, likeID, dateCreated, postID) VALUES (86, 83, '2024-06-01 05:05:38', 4);
INSERT INTO looterbuddy.Likes (userID, likeID, dateCreated, postID) VALUES (92, 76, '2024-05-11 03:10:44', 46);
INSERT INTO looterbuddy.Likes (userID, likeID, dateCreated, postID) VALUES (92, 134, '2023-12-26 05:14:09', 2);
INSERT INTO looterbuddy.Likes (userID, likeID, dateCreated, postID) VALUES (93, 95, '2024-01-17 19:24:13', 6);
INSERT INTO looterbuddy.Likes (userID, likeID, dateCreated, postID) VALUES (94, 125, '2024-03-02 15:51:32', 27);
INSERT INTO looterbuddy.Likes (userID, likeID, dateCreated, postID) VALUES (95, 82, '2023-08-14 22:00:33', 34);
INSERT INTO looterbuddy.Likes (userID, likeID, dateCreated, postID) VALUES (99, 7, '2023-08-16 16:26:40', 25);
INSERT INTO looterbuddy.Likes (userID, likeID, dateCreated, postID) VALUES (100, 77, '2024-08-07 19:30:02', 37);
INSERT INTO looterbuddy.Likes (userID, likeID, dateCreated, postID) VALUES (100, 133, '2023-09-26 19:43:19', 31);
INSERT INTO looterbuddy.Likes (userID, likeID, dateCreated, postID) VALUES (101, 13, '2024-07-01 11:21:15', 36);
INSERT INTO looterbuddy.Likes (userID, likeID, dateCreated, postID) VALUES (101, 28, '2023-11-28 14:27:43', 46);
INSERT INTO looterbuddy.Likes (userID, likeID, dateCreated, postID) VALUES (101, 78, '2023-08-23 09:26:37', 8);
INSERT INTO looterbuddy.Likes (userID, likeID, dateCreated, postID) VALUES (104, 32, '2024-01-25 02:11:45', 25);
INSERT INTO looterbuddy.Likes (userID, likeID, dateCreated, postID) VALUES (104, 100, '2023-11-03 08:55:32', 13);
INSERT INTO looterbuddy.Likes (userID, likeID, dateCreated, postID) VALUES (107, 93, '2023-10-19 03:28:52', 29);
INSERT INTO looterbuddy.Likes (userID, likeID, dateCreated, postID) VALUES (113, 102, '2024-02-20 14:35:28', 21);
INSERT INTO looterbuddy.Likes (userID, likeID, dateCreated, postID) VALUES (114, 105, '2023-10-23 17:35:44', 49);
INSERT INTO looterbuddy.Likes (userID, likeID, dateCreated, postID) VALUES (116, 37, '2024-08-08 07:18:52', 46);
INSERT INTO looterbuddy.Likes (userID, likeID, dateCreated, postID) VALUES (116, 109, '2024-03-06 21:48:25', 43);
INSERT INTO looterbuddy.Likes (userID, likeID, dateCreated, postID) VALUES (116, 132, '2024-08-04 02:54:22', 35);
INSERT INTO looterbuddy.Likes (userID, likeID, dateCreated, postID) VALUES (117, 15, '2024-07-27 04:39:02', 30);
INSERT INTO looterbuddy.Likes (userID, likeID, dateCreated, postID) VALUES (117, 62, '2023-10-31 08:08:07', 4);
INSERT INTO looterbuddy.Likes (userID, likeID, dateCreated, postID) VALUES (118, 27, '2024-05-09 11:02:08', 5);
INSERT INTO looterbuddy.Likes (userID, likeID, dateCreated, postID) VALUES (118, 40, '2024-06-12 10:14:17', 47);
INSERT INTO looterbuddy.Likes (userID, likeID, dateCreated, postID) VALUES (118, 54, '2023-09-11 04:37:39', 33);
INSERT INTO looterbuddy.Likes (userID, likeID, dateCreated, postID) VALUES (121, 1, '2023-12-05 22:39:35', 29);
INSERT INTO looterbuddy.Likes (userID, likeID, dateCreated, postID) VALUES (126, 6, '2024-06-25 23:46:45', 2);
INSERT INTO looterbuddy.Likes (userID, likeID, dateCreated, postID) VALUES (126, 67, '2024-04-10 12:12:28', 21);
INSERT INTO looterbuddy.Likes (userID, likeID, dateCreated, postID) VALUES (126, 120, '2024-03-27 03:20:15', 33);
INSERT INTO looterbuddy.Likes (userID, likeID, dateCreated, postID) VALUES (126, 139, '2023-11-20 06:31:21', 46);
INSERT INTO looterbuddy.Likes (userID, likeID, dateCreated, postID) VALUES (129, 65, '2024-01-04 01:52:28', 7);
INSERT INTO looterbuddy.Likes (userID, likeID, dateCreated, postID) VALUES (134, 84, '2023-08-21 23:34:02', 36);
INSERT INTO looterbuddy.Likes (userID, likeID, dateCreated, postID) VALUES (134, 107, '2023-08-27 22:48:56', 20);
INSERT INTO looterbuddy.Likes (userID, likeID, dateCreated, postID) VALUES (137, 57, '2023-12-19 16:54:37', 15);
INSERT INTO looterbuddy.Likes (userID, likeID, dateCreated, postID) VALUES (137, 128, '2024-03-24 13:22:34', 44);
INSERT INTO looterbuddy.Likes (userID, likeID, dateCreated, postID) VALUES (140, 137, '2024-06-20 23:33:00', 19);
INSERT INTO looterbuddy.Likes (userID, likeID, dateCreated, postID) VALUES (141, 4, '2024-02-26 21:49:14', 29);
INSERT INTO looterbuddy.Likes (userID, likeID, dateCreated, postID) VALUES (141, 142, '2024-07-05 05:03:01', 1);
INSERT INTO looterbuddy.Likes (userID, likeID, dateCreated, postID) VALUES (145, 96, '2024-05-16 21:24:42', 38);
INSERT INTO looterbuddy.Likes (userID, likeID, dateCreated, postID) VALUES (146, 16, '2024-07-03 20:06:31', 12);
INSERT INTO looterbuddy.Likes (userID, likeID, dateCreated, postID) VALUES (146, 143, '2024-03-28 12:49:26', 19);
INSERT INTO looterbuddy.Likes (userID, likeID, dateCreated, postID) VALUES (147, 110, '2024-05-05 09:13:27', 45);
INSERT INTO looterbuddy.Likes (userID, likeID, dateCreated, postID) VALUES (150, 99, '2023-09-09 10:08:14', 14);
INSERT INTO looterbuddy.Likes (userID, likeID, dateCreated, postID) VALUES (151, 26, '2023-11-10 19:43:27', 16);
INSERT INTO looterbuddy.Likes (userID, likeID, dateCreated, postID) VALUES (152, 49, '2024-06-04 23:40:46', 1);
INSERT INTO looterbuddy.Likes (userID, likeID, dateCreated, postID) VALUES (152, 71, '2023-11-20 07:38:29', 31);
INSERT INTO looterbuddy.Likes (userID, likeID, dateCreated, postID) VALUES (152, 113, '2024-03-25 18:06:44', 3);
INSERT INTO looterbuddy.Likes (userID, likeID, dateCreated, postID) VALUES (153, 112, '2023-10-10 08:08:06', 25);
INSERT INTO looterbuddy.Likes (userID, likeID, dateCreated, postID) VALUES (154, 136, '2024-07-01 12:36:34', 32);
INSERT INTO looterbuddy.Likes (userID, likeID, dateCreated, postID) VALUES (156, 80, '2023-12-20 07:21:59', 9);
INSERT INTO looterbuddy.Likes (userID, likeID, dateCreated, postID) VALUES (156, 98, '2023-12-05 11:59:22', 49);
INSERT INTO looterbuddy.Likes (userID, likeID, dateCreated, postID) VALUES (158, 68, '2023-10-30 23:21:56', 19);
INSERT INTO looterbuddy.Likes (userID, likeID, dateCreated, postID) VALUES (158, 85, '2024-04-26 12:40:12', 17);
INSERT INTO looterbuddy.Likes (userID, likeID, dateCreated, postID) VALUES (158, 111, '2024-04-21 21:26:25', 22);
INSERT INTO looterbuddy.Likes (userID, likeID, dateCreated, postID) VALUES (159, 47, '2023-11-30 02:52:19', 16);
INSERT INTO looterbuddy.Likes (userID, likeID, dateCreated, postID) VALUES (162, 17, '2024-01-03 14:01:12', 46);
INSERT INTO looterbuddy.Likes (userID, likeID, dateCreated, postID) VALUES (162, 73, '2024-02-25 00:50:25', 11);
INSERT INTO looterbuddy.Likes (userID, likeID, dateCreated, postID) VALUES (162, 79, '2024-01-29 03:24:31', 32);
INSERT INTO looterbuddy.Likes (userID, likeID, dateCreated, postID) VALUES (162, 117, '2023-12-12 08:23:32', 19);
INSERT INTO looterbuddy.Likes (userID, likeID, dateCreated, postID) VALUES (163, 19, '2024-02-25 18:28:03', 19);
INSERT INTO looterbuddy.Likes (userID, likeID, dateCreated, postID) VALUES (165, 70, '2023-08-31 23:29:57', 1);
INSERT INTO looterbuddy.Likes (userID, likeID, dateCreated, postID) VALUES (167, 121, '2023-09-16 20:33:32', 28);
INSERT INTO looterbuddy.Likes (userID, likeID, dateCreated, postID) VALUES (173, 148, '2024-02-14 14:17:59', 32);
INSERT INTO looterbuddy.Likes (userID, likeID, dateCreated, postID) VALUES (174, 24, '2024-03-25 01:48:49', 29);
INSERT INTO looterbuddy.Likes (userID, likeID, dateCreated, postID) VALUES (174, 63, '2023-10-22 09:38:14', 11);
INSERT INTO looterbuddy.Likes (userID, likeID, dateCreated, postID) VALUES (175, 103, '2024-03-08 02:19:51', 27);
INSERT INTO looterbuddy.Likes (userID, likeID, dateCreated, postID) VALUES (177, 2, '2024-01-28 08:50:22', 6);
INSERT INTO looterbuddy.Likes (userID, likeID, dateCreated, postID) VALUES (177, 39, '2024-06-29 02:41:11', 41);
INSERT INTO looterbuddy.Likes (userID, likeID, dateCreated, postID) VALUES (178, 126, '2024-06-17 11:39:06', 5);
INSERT INTO looterbuddy.Likes (userID, likeID, dateCreated, postID) VALUES (179, 60, '2023-10-29 12:41:50', 30);
INSERT INTO looterbuddy.Likes (userID, likeID, dateCreated, postID) VALUES (182, 97, '2024-03-23 16:10:33', 38);
INSERT INTO looterbuddy.Likes (userID, likeID, dateCreated, postID) VALUES (182, 118, '2024-07-08 00:15:19', 31);
INSERT INTO looterbuddy.Likes (userID, likeID, dateCreated, postID) VALUES (183, 59, '2023-10-06 19:58:42', 8);
INSERT INTO looterbuddy.Likes (userID, likeID, dateCreated, postID) VALUES (185, 130, '2024-07-22 03:29:13', 37);
INSERT INTO looterbuddy.Likes (userID, likeID, dateCreated, postID) VALUES (187, 58, '2023-09-12 20:03:48', 47);
INSERT INTO looterbuddy.Likes (userID, likeID, dateCreated, postID) VALUES (188, 38, '2024-07-14 07:57:41', 35);
INSERT INTO looterbuddy.Likes (userID, likeID, dateCreated, postID) VALUES (189, 115, '2024-06-26 05:07:44', 44);
INSERT INTO looterbuddy.Likes (userID, likeID, dateCreated, postID) VALUES (190, 51, '2024-05-04 13:25:37', 40);
INSERT INTO looterbuddy.Likes (userID, likeID, dateCreated, postID) VALUES (190, 72, '2023-10-09 19:26:04', 48);
INSERT INTO looterbuddy.Likes (userID, likeID, dateCreated, postID) VALUES (190, 101, '2024-07-05 11:40:07', 18);
INSERT INTO looterbuddy.Likes (userID, likeID, dateCreated, postID) VALUES (193, 145, '2024-07-09 04:15:12', 25);
INSERT INTO looterbuddy.Likes (userID, likeID, dateCreated, postID) VALUES (194, 30, '2023-12-10 17:43:31', 3);
INSERT INTO looterbuddy.Likes (userID, likeID, dateCreated, postID) VALUES (194, 42, '2023-09-27 23:06:25', 8);
INSERT INTO looterbuddy.Likes (userID, likeID, dateCreated, postID) VALUES (194, 55, '2023-11-28 03:53:19', 34);
INSERT INTO looterbuddy.Likes (userID, likeID, dateCreated, postID) VALUES (194, 61, '2024-01-29 01:19:49', 49);
INSERT INTO looterbuddy.Likes (userID, likeID, dateCreated, postID) VALUES (195, 20, '2024-01-23 12:40:07', 33);
INSERT INTO looterbuddy.Likes (userID, likeID, dateCreated, postID) VALUES (195, 22, '2023-11-11 18:36:46', 23);
INSERT INTO looterbuddy.Likes (userID, likeID, dateCreated, postID) VALUES (195, 56, '2024-03-24 21:03:46', 2);
INSERT INTO looterbuddy.Likes (userID, likeID, dateCreated, postID) VALUES (196, 87, '2024-06-03 05:58:49', 3);
INSERT INTO looterbuddy.Likes (userID, likeID, dateCreated, postID) VALUES (197, 106, '2024-03-13 21:33:54', 26);
INSERT INTO looterbuddy.Likes (userID, likeID, dateCreated, postID) VALUES (200, 8, '2024-05-16 23:05:36', 34);
INSERT INTO looterbuddy.Likes (userID, likeID, dateCreated, postID) VALUES (200, 12, '2024-02-07 15:54:11', 5);
INSERT INTO looterbuddy.Likes (userID, likeID, dateCreated, postID) VALUES (200, 144, '2023-11-04 04:43:18', 19);

INSERT INTO looterbuddy.Comments (userID, commentID, dateCreated, content, postID) VALUES (4, 26, '2023-09-02 21:58:32', 'Vestibulum quam sapien, varius ut, blandit non, interdum in, ante. Vestibulum ante ipsum primis in faucibus orci luctus et ultrices posuere cubilia Curae; Duis faucibus accumsan odio. Curabitur convallis.', 25);
INSERT INTO looterbuddy.Comments (userID, commentID, dateCreated, content, postID) VALUES (5, 36, '2024-03-10 16:59:55', 'Aliquam quis turpis eget elit sodales scelerisque. Mauris sit amet eros. Suspendisse accumsan tortor quis turpis.', 2);
INSERT INTO looterbuddy.Comments (userID, commentID, dateCreated, content, postID) VALUES (6, 27, '2023-10-07 17:23:11', 'Morbi non lectus. Aliquam sit amet diam in magna bibendum imperdiet. Nullam orci pede, venenatis non, sodales sed, tincidunt eu, felis.', 9);
INSERT INTO looterbuddy.Comments (userID, commentID, dateCreated, content, postID) VALUES (17, 12, '2024-03-18 07:38:56', 'Cras non velit nec nisi vulputate nonummy. Maecenas tincidunt lacus at velit. Vivamus vel nulla eget eros elementum pellentesque.', 40);
INSERT INTO looterbuddy.Comments (userID, commentID, dateCreated, content, postID) VALUES (25, 49, '2024-04-30 00:31:39', 'Phasellus sit amet erat. Nulla tempus. Vivamus in felis eu sapien cursus vestibulum.', 21);
INSERT INTO looterbuddy.Comments (userID, commentID, dateCreated, content, postID) VALUES (26, 33, '2023-09-21 04:22:32', 'Cras non velit nec nisi vulputate nonummy. Maecenas tincidunt lacus at velit. Vivamus vel nulla eget eros elementum pellentesque.', 15);
INSERT INTO looterbuddy.Comments (userID, commentID, dateCreated, content, postID) VALUES (28, 44, '2023-11-21 13:37:47', 'Nullam porttitor lacus at turpis. Donec posuere metus vitae ipsum. Aliquam non mauris.', 28);
INSERT INTO looterbuddy.Comments (userID, commentID, dateCreated, content, postID) VALUES (30, 21, '2024-03-27 19:11:21', 'Maecenas ut massa quis augue luctus tincidunt. Nulla mollis molestie lorem. Quisque ut erat.', 8);
INSERT INTO looterbuddy.Comments (userID, commentID, dateCreated, content, postID) VALUES (38, 10, '2024-06-20 07:52:20', 'Duis consequat dui nec nisi volutpat eleifend. Donec ut dolor. Morbi vel lectus in quam fringilla rhoncus.', 37);
INSERT INTO looterbuddy.Comments (userID, commentID, dateCreated, content, postID) VALUES (46, 7, '2024-07-28 03:43:22', 'Curabitur gravida nisi at nibh. In hac habitasse platea dictumst. Aliquam augue quam, sollicitudin vitae, consectetuer eget, rutrum at, lorem.', 39);
INSERT INTO looterbuddy.Comments (userID, commentID, dateCreated, content, postID) VALUES (47, 24, '2023-12-25 06:34:52', 'In hac habitasse platea dictumst. Morbi vestibulum, velit id pretium iaculis, diam erat fermentum justo, nec condimentum neque sapien placerat ante. Nulla justo.', 6);
INSERT INTO looterbuddy.Comments (userID, commentID, dateCreated, content, postID) VALUES (48, 11, '2024-08-06 00:10:46', 'Phasellus sit amet erat. Nulla tempus. Vivamus in felis eu sapien cursus vestibulum.', 4);
INSERT INTO looterbuddy.Comments (userID, commentID, dateCreated, content, postID) VALUES (48, 50, '2023-12-22 20:57:04', 'Pellentesque at nulla. Suspendisse potenti. Cras in purus eu magna vulputate luctus.', 36);
INSERT INTO looterbuddy.Comments (userID, commentID, dateCreated, content, postID) VALUES (50, 30, '2024-04-15 10:12:39', 'Quisque porta volutpat erat. Quisque erat eros, viverra eget, congue eget, semper rutrum, nulla. Nunc purus.', 15);
INSERT INTO looterbuddy.Comments (userID, commentID, dateCreated, content, postID) VALUES (50, 47, '2024-02-27 15:39:21', 'Curabitur gravida nisi at nibh. In hac habitasse platea dictumst. Aliquam augue quam, sollicitudin vitae, consectetuer eget, rutrum at, lorem.', 7);
INSERT INTO looterbuddy.Comments (userID, commentID, dateCreated, content, postID) VALUES (53, 45, '2024-03-03 01:09:11', 'Aliquam quis turpis eget elit sodales scelerisque. Mauris sit amet eros. Suspendisse accumsan tortor quis turpis.', 19);
INSERT INTO looterbuddy.Comments (userID, commentID, dateCreated, content, postID) VALUES (55, 32, '2023-10-06 13:05:43', 'In hac habitasse platea dictumst. Morbi vestibulum, velit id pretium iaculis, diam erat fermentum justo, nec condimentum neque sapien placerat ante. Nulla justo.', 28);
INSERT INTO looterbuddy.Comments (userID, commentID, dateCreated, content, postID) VALUES (67, 4, '2024-06-18 15:22:52', 'Phasellus sit amet erat. Nulla tempus. Vivamus in felis eu sapien cursus vestibulum.', 1);
INSERT INTO looterbuddy.Comments (userID, commentID, dateCreated, content, postID) VALUES (68, 16, '2023-11-04 14:08:59', 'In sagittis dui vel nisl. Duis ac nibh. Fusce lacus purus, aliquet at, feugiat non, pretium quis, lectus.', 2);
INSERT INTO looterbuddy.Comments (userID, commentID, dateCreated, content, postID) VALUES (70, 35, '2024-02-08 14:43:37', 'Proin eu mi. Nulla ac enim. In tempor, turpis nec euismod scelerisque, quam turpis adipiscing lorem, vitae mattis nibh ligula nec sem.', 21);
INSERT INTO looterbuddy.Comments (userID, commentID, dateCreated, content, postID) VALUES (81, 9, '2024-05-20 02:49:44', 'Proin leo odio, porttitor id, consequat in, consequat ut, nulla. Sed accumsan felis. Ut at dolor quis odio consequat varius.', 3);
INSERT INTO looterbuddy.Comments (userID, commentID, dateCreated, content, postID) VALUES (81, 38, '2023-10-07 09:32:08', 'Morbi porttitor lorem id ligula. Suspendisse ornare consequat lectus. In est risus, auctor sed, tristique in, tempus sit amet, sem.', 21);
INSERT INTO looterbuddy.Comments (userID, commentID, dateCreated, content, postID) VALUES (84, 3, '2023-12-23 06:25:51', 'Praesent id massa id nisl venenatis lacinia. Aenean sit amet justo. Morbi ut odio.', 27);
INSERT INTO looterbuddy.Comments (userID, commentID, dateCreated, content, postID) VALUES (85, 22, '2024-01-01 11:31:56', 'Morbi non lectus. Aliquam sit amet diam in magna bibendum imperdiet. Nullam orci pede, venenatis non, sodales sed, tincidunt eu, felis.', 3);
INSERT INTO looterbuddy.Comments (userID, commentID, dateCreated, content, postID) VALUES (85, 37, '2024-01-31 12:49:30', 'Proin leo odio, porttitor id, consequat in, consequat ut, nulla. Sed accumsan felis. Ut at dolor quis odio consequat varius.', 36);
INSERT INTO looterbuddy.Comments (userID, commentID, dateCreated, content, postID) VALUES (93, 5, '2023-12-01 10:45:59', 'Sed sagittis. Nam congue, risus semper porta volutpat, quam pede lobortis ligula, sit amet eleifend pede libero quis orci. Nullam molestie nibh in lectus.', 45);
INSERT INTO looterbuddy.Comments (userID, commentID, dateCreated, content, postID) VALUES (93, 17, '2023-09-12 13:41:11', 'Maecenas ut massa quis augue luctus tincidunt. Nulla mollis molestie lorem. Quisque ut erat.', 24);
INSERT INTO looterbuddy.Comments (userID, commentID, dateCreated, content, postID) VALUES (95, 42, '2024-06-06 02:06:15', 'Sed ante. Vivamus tortor. Duis mattis egestas metus.', 15);
INSERT INTO looterbuddy.Comments (userID, commentID, dateCreated, content, postID) VALUES (102, 2, '2024-08-12 03:25:08', 'Pellentesque at nulla. Suspendisse potenti. Cras in purus eu magna vulputate luctus.', 9);
INSERT INTO looterbuddy.Comments (userID, commentID, dateCreated, content, postID) VALUES (107, 40, '2024-07-10 15:11:15', 'In hac habitasse platea dictumst. Etiam faucibus cursus urna. Ut tellus.', 47);
INSERT INTO looterbuddy.Comments (userID, commentID, dateCreated, content, postID) VALUES (111, 31, '2024-03-21 09:35:40', 'Nam ultrices, libero non mattis pulvinar, nulla pede ullamcorper augue, a suscipit nulla elit ac nulla. Sed vel enim sit amet nunc viverra dapibus. Nulla suscipit ligula in lacus.', 47);
INSERT INTO looterbuddy.Comments (userID, commentID, dateCreated, content, postID) VALUES (111, 43, '2024-03-10 17:37:59', 'Duis consequat dui nec nisi volutpat eleifend. Donec ut dolor. Morbi vel lectus in quam fringilla rhoncus.', 35);
INSERT INTO looterbuddy.Comments (userID, commentID, dateCreated, content, postID) VALUES (112, 8, '2024-03-11 23:46:10', 'Lorem ipsum dolor sit amet, consectetuer adipiscing elit. Proin risus. Praesent lectus.', 28);
INSERT INTO looterbuddy.Comments (userID, commentID, dateCreated, content, postID) VALUES (119, 14, '2024-04-24 15:02:58', 'Praesent blandit. Nam nulla. Integer pede justo, lacinia eget, tincidunt eget, tempus vel, pede.', 22);
INSERT INTO looterbuddy.Comments (userID, commentID, dateCreated, content, postID) VALUES (119, 19, '2024-07-02 22:50:37', 'Duis consequat dui nec nisi volutpat eleifend. Donec ut dolor. Morbi vel lectus in quam fringilla rhoncus.', 44);
INSERT INTO looterbuddy.Comments (userID, commentID, dateCreated, content, postID) VALUES (119, 39, '2023-10-30 09:34:38', 'Proin leo odio, porttitor id, consequat in, consequat ut, nulla. Sed accumsan felis. Ut at dolor quis odio consequat varius.', 37);
INSERT INTO looterbuddy.Comments (userID, commentID, dateCreated, content, postID) VALUES (122, 23, '2024-05-08 09:50:08', 'Fusce consequat. Nulla nisl. Nunc nisl.', 1);
INSERT INTO looterbuddy.Comments (userID, commentID, dateCreated, content, postID) VALUES (133, 1, '2023-12-11 23:02:58', 'Vestibulum ac est lacinia nisi venenatis tristique. Fusce congue, diam id ornare imperdiet, sapien urna pretium nisl, ut volutpat sapien arcu sed augue. Aliquam erat volutpat.', 49);
INSERT INTO looterbuddy.Comments (userID, commentID, dateCreated, content, postID) VALUES (137, 29, '2024-02-03 17:41:25', 'Aenean lectus. Pellentesque eget nunc. Donec quis orci eget orci vehicula condimentum.', 26);
INSERT INTO looterbuddy.Comments (userID, commentID, dateCreated, content, postID) VALUES (139, 46, '2024-03-07 21:30:46', 'Nullam porttitor lacus at turpis. Donec posuere metus vitae ipsum. Aliquam non mauris.', 18);
INSERT INTO looterbuddy.Comments (userID, commentID, dateCreated, content, postID) VALUES (143, 20, '2023-09-05 00:06:45', 'Fusce posuere felis sed lacus. Morbi sem mauris, laoreet ut, rhoncus aliquet, pulvinar sed, nisl. Nunc rhoncus dui vel sem.', 5);
INSERT INTO looterbuddy.Comments (userID, commentID, dateCreated, content, postID) VALUES (143, 41, '2023-11-23 12:13:54', 'Vestibulum ac est lacinia nisi venenatis tristique. Fusce congue, diam id ornare imperdiet, sapien urna pretium nisl, ut volutpat sapien arcu sed augue. Aliquam erat volutpat.', 46);
INSERT INTO looterbuddy.Comments (userID, commentID, dateCreated, content, postID) VALUES (146, 13, '2024-02-24 13:12:50', 'Maecenas leo odio, condimentum id, luctus nec, molestie sed, justo. Pellentesque viverra pede ac diam. Cras pellentesque volutpat dui.', 32);
INSERT INTO looterbuddy.Comments (userID, commentID, dateCreated, content, postID) VALUES (150, 25, '2024-07-16 23:45:47', 'Maecenas tristique, est et tempus semper, est quam pharetra magna, ac consequat metus sapien ut nunc. Vestibulum ante ipsum primis in faucibus orci luctus et ultrices posuere cubilia Curae; Mauris viverra diam vitae quam. Suspendisse potenti.', 13);
INSERT INTO looterbuddy.Comments (userID, commentID, dateCreated, content, postID) VALUES (156, 34, '2024-04-29 14:03:38', 'Quisque id justo sit amet sapien dignissim vestibulum. Vestibulum ante ipsum primis in faucibus orci luctus et ultrices posuere cubilia Curae; Nulla dapibus dolor vel est. Donec odio justo, sollicitudin ut, suscipit a, feugiat et, eros.', 17);
INSERT INTO looterbuddy.Comments (userID, commentID, dateCreated, content, postID) VALUES (163, 18, '2023-12-13 09:44:46', 'Quisque id justo sit amet sapien dignissim vestibulum. Vestibulum ante ipsum primis in faucibus orci luctus et ultrices posuere cubilia Curae; Nulla dapibus dolor vel est. Donec odio justo, sollicitudin ut, suscipit a, feugiat et, eros.', 44);
INSERT INTO looterbuddy.Comments (userID, commentID, dateCreated, content, postID) VALUES (167, 6, '2024-02-11 20:42:43', 'Morbi non lectus. Aliquam sit amet diam in magna bibendum imperdiet. Nullam orci pede, venenatis non, sodales sed, tincidunt eu, felis.', 7);
INSERT INTO looterbuddy.Comments (userID, commentID, dateCreated, content, postID) VALUES (173, 15, '2023-12-19 06:34:46', 'Praesent id massa id nisl venenatis lacinia. Aenean sit amet justo. Morbi ut odio.', 19);
INSERT INTO looterbuddy.Comments (userID, commentID, dateCreated, content, postID) VALUES (187, 28, '2024-04-21 13:16:48', 'In quis justo. Maecenas rhoncus aliquam lacus. Morbi quis tortor id nulla ultrices aliquet.', 47);
INSERT INTO looterbuddy.Comments (userID, commentID, dateCreated, content, postID) VALUES (195, 48, '2023-10-16 05:27:24', 'Donec diam neque, vestibulum eget, vulputate ut, ultrices vel, augue. Vestibulum ante ipsum primis in faucibus orci luctus et ultrices posuere cubilia Curae; Donec pharetra, magna vestibulum aliquet ultrices, erat tortor sollicitudin mi, sit amet lobortis sapien sapien non mi. Integer ac neque.', 18);

INSERT INTO looterbuddy.Follows (userID, followID, dateCreated, streamerID) VALUES (1, 57, '2024-02-29 20:10:02', 11);
INSERT INTO looterbuddy.Follows (userID, followID, dateCreated, streamerID) VALUES (1, 122, '2024-06-29 01:09:04', 11);
INSERT INTO looterbuddy.Follows (userID, followID, dateCreated, streamerID) VALUES (1, 142, '2024-07-01 04:48:46', 60);
INSERT INTO looterbuddy.Follows (userID, followID, dateCreated, streamerID) VALUES (1, 212, '2023-09-17 08:06:05', 28);
INSERT INTO looterbuddy.Follows (userID, followID, dateCreated, streamerID) VALUES (1, 276, '2024-07-21 01:04:26', 40);
INSERT INTO looterbuddy.Follows (userID, followID, dateCreated, streamerID) VALUES (1, 302, '2024-02-28 12:35:08', 1);
INSERT INTO looterbuddy.Follows (userID, followID, dateCreated, streamerID) VALUES (1, 566, '2023-11-14 11:47:45', 36);
INSERT INTO looterbuddy.Follows (userID, followID, dateCreated, streamerID) VALUES (1, 786, '2024-03-11 07:48:09', 45);
INSERT INTO looterbuddy.Follows (userID, followID, dateCreated, streamerID) VALUES (1, 822, '2024-08-01 08:03:52', 59);
INSERT INTO looterbuddy.Follows (userID, followID, dateCreated, streamerID) VALUES (1, 921, '2023-11-12 13:31:03', 54);
INSERT INTO looterbuddy.Follows (userID, followID, dateCreated, streamerID) VALUES (2, 83, '2024-05-13 03:26:12', 14);
INSERT INTO looterbuddy.Follows (userID, followID, dateCreated, streamerID) VALUES (2, 339, '2024-02-23 10:58:04', 41);
INSERT INTO looterbuddy.Follows (userID, followID, dateCreated, streamerID) VALUES (2, 580, '2023-12-28 21:14:40', 10);
INSERT INTO looterbuddy.Follows (userID, followID, dateCreated, streamerID) VALUES (2, 945, '2023-10-10 14:25:40', 22);
INSERT INTO looterbuddy.Follows (userID, followID, dateCreated, streamerID) VALUES (4, 62, '2024-02-25 01:39:29', 44);
INSERT INTO looterbuddy.Follows (userID, followID, dateCreated, streamerID) VALUES (4, 71, '2024-03-06 02:26:02', 13);
INSERT INTO looterbuddy.Follows (userID, followID, dateCreated, streamerID) VALUES (4, 149, '2024-04-24 17:49:08', 29);
INSERT INTO looterbuddy.Follows (userID, followID, dateCreated, streamerID) VALUES (4, 220, '2023-09-27 11:10:55', 38);
INSERT INTO looterbuddy.Follows (userID, followID, dateCreated, streamerID) VALUES (4, 297, '2024-08-10 11:18:30', 39);
INSERT INTO looterbuddy.Follows (userID, followID, dateCreated, streamerID) VALUES (4, 399, '2023-09-04 02:55:51', 45);
INSERT INTO looterbuddy.Follows (userID, followID, dateCreated, streamerID) VALUES (4, 414, '2023-09-20 15:50:59', 31);
INSERT INTO looterbuddy.Follows (userID, followID, dateCreated, streamerID) VALUES (4, 488, '2024-08-03 17:17:43', 40);
INSERT INTO looterbuddy.Follows (userID, followID, dateCreated, streamerID) VALUES (4, 841, '2024-02-14 18:49:18', 58);
INSERT INTO looterbuddy.Follows (userID, followID, dateCreated, streamerID) VALUES (4, 914, '2024-01-16 02:04:01', 7);
INSERT INTO looterbuddy.Follows (userID, followID, dateCreated, streamerID) VALUES (4, 985, '2024-03-13 19:00:28', 53);
INSERT INTO looterbuddy.Follows (userID, followID, dateCreated, streamerID) VALUES (5, 93, '2024-01-29 19:10:11', 46);
INSERT INTO looterbuddy.Follows (userID, followID, dateCreated, streamerID) VALUES (5, 108, '2024-07-06 13:55:13', 23);
INSERT INTO looterbuddy.Follows (userID, followID, dateCreated, streamerID) VALUES (5, 248, '2023-11-17 07:59:13', 60);
INSERT INTO looterbuddy.Follows (userID, followID, dateCreated, streamerID) VALUES (5, 261, '2024-07-14 20:34:53', 57);
INSERT INTO looterbuddy.Follows (userID, followID, dateCreated, streamerID) VALUES (5, 492, '2023-11-21 10:45:22', 15);
INSERT INTO looterbuddy.Follows (userID, followID, dateCreated, streamerID) VALUES (5, 550, '2023-11-16 19:23:16', 1);
INSERT INTO looterbuddy.Follows (userID, followID, dateCreated, streamerID) VALUES (5, 559, '2024-06-03 02:51:52', 29);
INSERT INTO looterbuddy.Follows (userID, followID, dateCreated, streamerID) VALUES (5, 897, '2024-06-06 22:32:07', 9);
INSERT INTO looterbuddy.Follows (userID, followID, dateCreated, streamerID) VALUES (5, 906, '2023-09-30 19:48:23', 52);
INSERT INTO looterbuddy.Follows (userID, followID, dateCreated, streamerID) VALUES (6, 85, '2024-05-14 18:28:48', 53);
INSERT INTO looterbuddy.Follows (userID, followID, dateCreated, streamerID) VALUES (6, 103, '2023-08-26 20:16:25', 51);
INSERT INTO looterbuddy.Follows (userID, followID, dateCreated, streamerID) VALUES (6, 127, '2024-02-19 11:05:09', 36);
INSERT INTO looterbuddy.Follows (userID, followID, dateCreated, streamerID) VALUES (6, 197, '2024-06-03 21:25:38', 5);
INSERT INTO looterbuddy.Follows (userID, followID, dateCreated, streamerID) VALUES (6, 362, '2024-06-08 12:25:02', 9);
INSERT INTO looterbuddy.Follows (userID, followID, dateCreated, streamerID) VALUES (6, 470, '2023-09-13 07:28:09', 23);
INSERT INTO looterbuddy.Follows (userID, followID, dateCreated, streamerID) VALUES (6, 772, '2024-01-23 17:09:31', 8);
INSERT INTO looterbuddy.Follows (userID, followID, dateCreated, streamerID) VALUES (6, 857, '2024-07-15 11:11:40', 30);
INSERT INTO looterbuddy.Follows (userID, followID, dateCreated, streamerID) VALUES (7, 168, '2024-06-17 14:38:33', 41);
INSERT INTO looterbuddy.Follows (userID, followID, dateCreated, streamerID) VALUES (7, 613, '2023-09-01 08:26:46', 51);
INSERT INTO looterbuddy.Follows (userID, followID, dateCreated, streamerID) VALUES (7, 900, '2024-05-13 17:01:02', 16);
INSERT INTO looterbuddy.Follows (userID, followID, dateCreated, streamerID) VALUES (8, 425, '2023-12-17 20:55:47', 16);
INSERT INTO looterbuddy.Follows (userID, followID, dateCreated, streamerID) VALUES (8, 591, '2023-12-29 01:02:43', 48);
INSERT INTO looterbuddy.Follows (userID, followID, dateCreated, streamerID) VALUES (8, 711, '2024-01-20 08:45:15', 3);
INSERT INTO looterbuddy.Follows (userID, followID, dateCreated, streamerID) VALUES (8, 732, '2024-04-24 17:07:33', 33);
INSERT INTO looterbuddy.Follows (userID, followID, dateCreated, streamerID) VALUES (10, 90, '2023-10-11 04:46:49', 22);
INSERT INTO looterbuddy.Follows (userID, followID, dateCreated, streamerID) VALUES (10, 265, '2023-11-25 18:56:36', 50);
INSERT INTO looterbuddy.Follows (userID, followID, dateCreated, streamerID) VALUES (10, 489, '2024-04-03 10:36:31', 21);
INSERT INTO looterbuddy.Follows (userID, followID, dateCreated, streamerID) VALUES (10, 954, '2024-02-11 20:13:11', 14);
INSERT INTO looterbuddy.Follows (userID, followID, dateCreated, streamerID) VALUES (10, 995, '2023-12-01 22:46:29', 16);
INSERT INTO looterbuddy.Follows (userID, followID, dateCreated, streamerID) VALUES (14, 46, '2024-07-07 08:38:21', 34);
INSERT INTO looterbuddy.Follows (userID, followID, dateCreated, streamerID) VALUES (14, 402, '2024-04-22 11:06:04', 23);
INSERT INTO looterbuddy.Follows (userID, followID, dateCreated, streamerID) VALUES (14, 469, '2024-05-12 02:35:21', 38);
INSERT INTO looterbuddy.Follows (userID, followID, dateCreated, streamerID) VALUES (14, 572, '2024-03-31 01:26:47', 43);
INSERT INTO looterbuddy.Follows (userID, followID, dateCreated, streamerID) VALUES (14, 978, '2023-12-18 06:23:11', 1);
INSERT INTO looterbuddy.Follows (userID, followID, dateCreated, streamerID) VALUES (15, 11, '2024-05-26 01:59:53', 54);
INSERT INTO looterbuddy.Follows (userID, followID, dateCreated, streamerID) VALUES (15, 72, '2023-09-28 03:32:19', 44);
INSERT INTO looterbuddy.Follows (userID, followID, dateCreated, streamerID) VALUES (15, 303, '2023-09-19 17:02:06', 30);
INSERT INTO looterbuddy.Follows (userID, followID, dateCreated, streamerID) VALUES (15, 385, '2023-10-26 21:39:28', 29);
INSERT INTO looterbuddy.Follows (userID, followID, dateCreated, streamerID) VALUES (15, 407, '2024-04-14 01:23:50', 56);
INSERT INTO looterbuddy.Follows (userID, followID, dateCreated, streamerID) VALUES (15, 439, '2024-05-03 13:35:27', 18);
INSERT INTO looterbuddy.Follows (userID, followID, dateCreated, streamerID) VALUES (15, 533, '2024-04-15 10:14:00', 30);
INSERT INTO looterbuddy.Follows (userID, followID, dateCreated, streamerID) VALUES (15, 606, '2024-06-28 10:13:29', 2);
INSERT INTO looterbuddy.Follows (userID, followID, dateCreated, streamerID) VALUES (15, 860, '2024-05-20 07:17:03', 22);
INSERT INTO looterbuddy.Follows (userID, followID, dateCreated, streamerID) VALUES (17, 75, '2023-10-28 09:39:45', 47);
INSERT INTO looterbuddy.Follows (userID, followID, dateCreated, streamerID) VALUES (17, 406, '2024-04-20 12:39:56', 51);
INSERT INTO looterbuddy.Follows (userID, followID, dateCreated, streamerID) VALUES (17, 517, '2024-03-25 08:42:11', 43);
INSERT INTO looterbuddy.Follows (userID, followID, dateCreated, streamerID) VALUES (17, 549, '2023-09-11 06:41:26', 14);
INSERT INTO looterbuddy.Follows (userID, followID, dateCreated, streamerID) VALUES (17, 576, '2023-11-07 22:46:28', 61);
INSERT INTO looterbuddy.Follows (userID, followID, dateCreated, streamerID) VALUES (17, 733, '2024-02-16 05:57:47', 44);
INSERT INTO looterbuddy.Follows (userID, followID, dateCreated, streamerID) VALUES (17, 853, '2023-12-14 08:10:24', 40);
INSERT INTO looterbuddy.Follows (userID, followID, dateCreated, streamerID) VALUES (19, 119, '2024-06-05 23:04:11', 30);
INSERT INTO looterbuddy.Follows (userID, followID, dateCreated, streamerID) VALUES (19, 307, '2024-04-16 20:36:13', 54);
INSERT INTO looterbuddy.Follows (userID, followID, dateCreated, streamerID) VALUES (19, 538, '2024-04-08 20:39:48', 50);
INSERT INTO looterbuddy.Follows (userID, followID, dateCreated, streamerID) VALUES (19, 578, '2023-10-23 15:48:15', 38);
INSERT INTO looterbuddy.Follows (userID, followID, dateCreated, streamerID) VALUES (19, 664, '2024-06-30 17:21:55', 9);
INSERT INTO looterbuddy.Follows (userID, followID, dateCreated, streamerID) VALUES (19, 695, '2024-07-27 08:29:37', 11);
INSERT INTO looterbuddy.Follows (userID, followID, dateCreated, streamerID) VALUES (19, 736, '2024-02-11 05:27:11', 31);
INSERT INTO looterbuddy.Follows (userID, followID, dateCreated, streamerID) VALUES (19, 820, '2023-12-13 08:55:25', 28);
INSERT INTO looterbuddy.Follows (userID, followID, dateCreated, streamerID) VALUES (19, 888, '2024-06-12 13:33:27', 44);
INSERT INTO looterbuddy.Follows (userID, followID, dateCreated, streamerID) VALUES (19, 965, '2023-11-26 06:59:43', 2);
INSERT INTO looterbuddy.Follows (userID, followID, dateCreated, streamerID) VALUES (21, 43, '2024-01-01 16:28:52', 35);
INSERT INTO looterbuddy.Follows (userID, followID, dateCreated, streamerID) VALUES (21, 102, '2023-09-29 20:23:28', 38);
INSERT INTO looterbuddy.Follows (userID, followID, dateCreated, streamerID) VALUES (21, 360, '2024-03-11 02:14:31', 30);
INSERT INTO looterbuddy.Follows (userID, followID, dateCreated, streamerID) VALUES (21, 467, '2024-02-16 15:51:01', 2);
INSERT INTO looterbuddy.Follows (userID, followID, dateCreated, streamerID) VALUES (21, 506, '2024-03-15 03:41:02', 8);
INSERT INTO looterbuddy.Follows (userID, followID, dateCreated, streamerID) VALUES (21, 629, '2023-10-16 15:01:15', 7);
INSERT INTO looterbuddy.Follows (userID, followID, dateCreated, streamerID) VALUES (21, 864, '2023-12-15 19:21:16', 39);
INSERT INTO looterbuddy.Follows (userID, followID, dateCreated, streamerID) VALUES (21, 953, '2024-05-08 01:38:00', 5);
INSERT INTO looterbuddy.Follows (userID, followID, dateCreated, streamerID) VALUES (21, 984, '2024-01-28 17:26:28', 40);
INSERT INTO looterbuddy.Follows (userID, followID, dateCreated, streamerID) VALUES (25, 6, '2023-09-19 13:27:52', 38);
INSERT INTO looterbuddy.Follows (userID, followID, dateCreated, streamerID) VALUES (25, 98, '2023-08-31 12:29:13', 37);
INSERT INTO looterbuddy.Follows (userID, followID, dateCreated, streamerID) VALUES (25, 441, '2024-03-03 05:01:45', 3);
INSERT INTO looterbuddy.Follows (userID, followID, dateCreated, streamerID) VALUES (25, 581, '2024-04-21 07:20:17', 47);
INSERT INTO looterbuddy.Follows (userID, followID, dateCreated, streamerID) VALUES (25, 701, '2023-12-05 08:38:35', 42);
INSERT INTO looterbuddy.Follows (userID, followID, dateCreated, streamerID) VALUES (25, 724, '2024-02-21 08:58:26', 57);
INSERT INTO looterbuddy.Follows (userID, followID, dateCreated, streamerID) VALUES (25, 764, '2024-04-19 01:38:39', 28);
INSERT INTO looterbuddy.Follows (userID, followID, dateCreated, streamerID) VALUES (25, 791, '2024-06-16 10:44:06', 24);
INSERT INTO looterbuddy.Follows (userID, followID, dateCreated, streamerID) VALUES (25, 979, '2024-03-01 10:03:07', 46);
INSERT INTO looterbuddy.Follows (userID, followID, dateCreated, streamerID) VALUES (26, 147, '2024-04-30 00:06:07', 1);
INSERT INTO looterbuddy.Follows (userID, followID, dateCreated, streamerID) VALUES (26, 216, '2023-10-15 08:14:47', 41);
INSERT INTO looterbuddy.Follows (userID, followID, dateCreated, streamerID) VALUES (26, 227, '2024-04-25 18:23:33', 59);
INSERT INTO looterbuddy.Follows (userID, followID, dateCreated, streamerID) VALUES (26, 498, '2024-06-06 21:09:18', 32);
INSERT INTO looterbuddy.Follows (userID, followID, dateCreated, streamerID) VALUES (27, 131, '2023-10-20 14:16:44', 55);
INSERT INTO looterbuddy.Follows (userID, followID, dateCreated, streamerID) VALUES (27, 308, '2023-11-22 07:23:03', 36);
INSERT INTO looterbuddy.Follows (userID, followID, dateCreated, streamerID) VALUES (27, 589, '2024-06-16 12:32:26', 16);
INSERT INTO looterbuddy.Follows (userID, followID, dateCreated, streamerID) VALUES (27, 703, '2023-11-15 20:46:55', 56);
INSERT INTO looterbuddy.Follows (userID, followID, dateCreated, streamerID) VALUES (27, 782, '2024-01-16 17:48:44', 48);
INSERT INTO looterbuddy.Follows (userID, followID, dateCreated, streamerID) VALUES (27, 821, '2023-10-12 22:55:05', 31);
INSERT INTO looterbuddy.Follows (userID, followID, dateCreated, streamerID) VALUES (27, 881, '2023-12-05 11:08:27', 1);
INSERT INTO looterbuddy.Follows (userID, followID, dateCreated, streamerID) VALUES (28, 88, '2023-10-12 02:28:19', 57);
INSERT INTO looterbuddy.Follows (userID, followID, dateCreated, streamerID) VALUES (28, 189, '2023-10-01 15:52:33', 45);
INSERT INTO looterbuddy.Follows (userID, followID, dateCreated, streamerID) VALUES (28, 570, '2023-09-17 21:57:01', 51);
INSERT INTO looterbuddy.Follows (userID, followID, dateCreated, streamerID) VALUES (30, 121, '2023-10-11 01:51:35', 32);
INSERT INTO looterbuddy.Follows (userID, followID, dateCreated, streamerID) VALUES (30, 410, '2024-01-03 00:27:58', 32);
INSERT INTO looterbuddy.Follows (userID, followID, dateCreated, streamerID) VALUES (30, 590, '2023-09-21 05:20:42', 42);
INSERT INTO looterbuddy.Follows (userID, followID, dateCreated, streamerID) VALUES (30, 719, '2023-09-13 17:05:04', 45);
INSERT INTO looterbuddy.Follows (userID, followID, dateCreated, streamerID) VALUES (30, 843, '2024-04-02 12:40:49', 50);
INSERT INTO looterbuddy.Follows (userID, followID, dateCreated, streamerID) VALUES (32, 31, '2024-06-25 01:44:49', 5);
INSERT INTO looterbuddy.Follows (userID, followID, dateCreated, streamerID) VALUES (32, 178, '2024-02-01 17:35:51', 59);
INSERT INTO looterbuddy.Follows (userID, followID, dateCreated, streamerID) VALUES (32, 448, '2024-05-19 16:09:43', 33);
INSERT INTO looterbuddy.Follows (userID, followID, dateCreated, streamerID) VALUES (32, 507, '2024-02-11 11:48:21', 34);
INSERT INTO looterbuddy.Follows (userID, followID, dateCreated, streamerID) VALUES (32, 548, '2024-05-05 11:42:28', 31);
INSERT INTO looterbuddy.Follows (userID, followID, dateCreated, streamerID) VALUES (32, 607, '2024-06-26 12:49:53', 43);
INSERT INTO looterbuddy.Follows (userID, followID, dateCreated, streamerID) VALUES (32, 792, '2023-08-15 05:36:15', 32);
INSERT INTO looterbuddy.Follows (userID, followID, dateCreated, streamerID) VALUES (32, 823, '2023-10-11 02:52:05', 52);
INSERT INTO looterbuddy.Follows (userID, followID, dateCreated, streamerID) VALUES (32, 848, '2024-05-11 01:12:11', 61);
INSERT INTO looterbuddy.Follows (userID, followID, dateCreated, streamerID) VALUES (35, 335, '2024-04-08 02:26:29', 51);
INSERT INTO looterbuddy.Follows (userID, followID, dateCreated, streamerID) VALUES (35, 525, '2023-09-06 17:41:29', 27);
INSERT INTO looterbuddy.Follows (userID, followID, dateCreated, streamerID) VALUES (35, 546, '2024-01-29 18:24:01', 61);
INSERT INTO looterbuddy.Follows (userID, followID, dateCreated, streamerID) VALUES (35, 774, '2024-01-14 12:23:39', 54);
INSERT INTO looterbuddy.Follows (userID, followID, dateCreated, streamerID) VALUES (35, 818, '2023-12-17 05:32:43', 57);
INSERT INTO looterbuddy.Follows (userID, followID, dateCreated, streamerID) VALUES (36, 156, '2024-04-23 06:23:00', 4);
INSERT INTO looterbuddy.Follows (userID, followID, dateCreated, streamerID) VALUES (36, 397, '2024-05-27 08:24:18', 49);
INSERT INTO looterbuddy.Follows (userID, followID, dateCreated, streamerID) VALUES (36, 462, '2023-09-22 17:14:56', 27);
INSERT INTO looterbuddy.Follows (userID, followID, dateCreated, streamerID) VALUES (36, 705, '2024-06-17 16:04:45', 9);
INSERT INTO looterbuddy.Follows (userID, followID, dateCreated, streamerID) VALUES (36, 863, '2023-08-24 13:50:11', 23);
INSERT INTO looterbuddy.Follows (userID, followID, dateCreated, streamerID) VALUES (36, 969, '2024-06-25 06:23:21', 43);
INSERT INTO looterbuddy.Follows (userID, followID, dateCreated, streamerID) VALUES (37, 148, '2023-09-29 06:34:33', 59);
INSERT INTO looterbuddy.Follows (userID, followID, dateCreated, streamerID) VALUES (37, 164, '2023-11-10 06:12:16', 38);
INSERT INTO looterbuddy.Follows (userID, followID, dateCreated, streamerID) VALUES (37, 333, '2023-08-21 19:58:21', 3);
INSERT INTO looterbuddy.Follows (userID, followID, dateCreated, streamerID) VALUES (37, 601, '2023-11-25 20:26:25', 28);
INSERT INTO looterbuddy.Follows (userID, followID, dateCreated, streamerID) VALUES (37, 797, '2023-11-03 09:28:13', 11);
INSERT INTO looterbuddy.Follows (userID, followID, dateCreated, streamerID) VALUES (38, 152, '2024-04-01 21:45:06', 42);
INSERT INTO looterbuddy.Follows (userID, followID, dateCreated, streamerID) VALUES (38, 329, '2024-01-11 23:24:43', 33);
INSERT INTO looterbuddy.Follows (userID, followID, dateCreated, streamerID) VALUES (38, 371, '2023-09-05 16:42:40', 21);
INSERT INTO looterbuddy.Follows (userID, followID, dateCreated, streamerID) VALUES (38, 681, '2023-08-18 04:08:02', 18);
INSERT INTO looterbuddy.Follows (userID, followID, dateCreated, streamerID) VALUES (38, 805, '2024-02-10 15:07:39', 35);
INSERT INTO looterbuddy.Follows (userID, followID, dateCreated, streamerID) VALUES (38, 811, '2024-06-29 22:10:28', 56);
INSERT INTO looterbuddy.Follows (userID, followID, dateCreated, streamerID) VALUES (38, 971, '2024-03-24 18:22:45', 41);
INSERT INTO looterbuddy.Follows (userID, followID, dateCreated, streamerID) VALUES (39, 58, '2024-04-15 03:36:45', 20);
INSERT INTO looterbuddy.Follows (userID, followID, dateCreated, streamerID) VALUES (39, 134, '2024-05-21 10:37:38', 12);
INSERT INTO looterbuddy.Follows (userID, followID, dateCreated, streamerID) VALUES (39, 206, '2023-08-31 11:17:05', 55);
INSERT INTO looterbuddy.Follows (userID, followID, dateCreated, streamerID) VALUES (39, 291, '2024-03-06 16:13:19', 17);
INSERT INTO looterbuddy.Follows (userID, followID, dateCreated, streamerID) VALUES (39, 376, '2024-03-05 14:41:29', 13);
INSERT INTO looterbuddy.Follows (userID, followID, dateCreated, streamerID) VALUES (39, 552, '2024-05-09 07:06:45', 39);
INSERT INTO looterbuddy.Follows (userID, followID, dateCreated, streamerID) VALUES (39, 927, '2023-08-21 22:41:14', 17);
INSERT INTO looterbuddy.Follows (userID, followID, dateCreated, streamerID) VALUES (39, 972, '2024-02-19 20:19:22', 33);
INSERT INTO looterbuddy.Follows (userID, followID, dateCreated, streamerID) VALUES (42, 171, '2023-09-21 04:42:36', 26);
INSERT INTO looterbuddy.Follows (userID, followID, dateCreated, streamerID) VALUES (42, 328, '2024-02-07 02:24:10', 2);
INSERT INTO looterbuddy.Follows (userID, followID, dateCreated, streamerID) VALUES (42, 522, '2023-12-30 11:15:09', 41);
INSERT INTO looterbuddy.Follows (userID, followID, dateCreated, streamerID) VALUES (42, 678, '2024-05-23 15:44:33', 46);
INSERT INTO looterbuddy.Follows (userID, followID, dateCreated, streamerID) VALUES (42, 977, '2023-12-28 23:55:00', 44);
INSERT INTO looterbuddy.Follows (userID, followID, dateCreated, streamerID) VALUES (46, 192, '2024-04-11 06:03:51', 11);
INSERT INTO looterbuddy.Follows (userID, followID, dateCreated, streamerID) VALUES (46, 540, '2024-07-03 15:25:49', 34);
INSERT INTO looterbuddy.Follows (userID, followID, dateCreated, streamerID) VALUES (46, 704, '2024-02-16 23:46:11', 2);
INSERT INTO looterbuddy.Follows (userID, followID, dateCreated, streamerID) VALUES (46, 757, '2024-07-19 06:58:12', 6);
INSERT INTO looterbuddy.Follows (userID, followID, dateCreated, streamerID) VALUES (46, 850, '2024-04-13 20:05:31', 19);
INSERT INTO looterbuddy.Follows (userID, followID, dateCreated, streamerID) VALUES (47, 184, '2023-12-24 09:45:35', 18);
INSERT INTO looterbuddy.Follows (userID, followID, dateCreated, streamerID) VALUES (47, 636, '2023-11-23 14:33:34', 18);
INSERT INTO looterbuddy.Follows (userID, followID, dateCreated, streamerID) VALUES (47, 780, '2023-10-10 00:00:08', 30);
INSERT INTO looterbuddy.Follows (userID, followID, dateCreated, streamerID) VALUES (47, 875, '2023-09-04 17:37:16', 55);
INSERT INTO looterbuddy.Follows (userID, followID, dateCreated, streamerID) VALUES (47, 982, '2024-01-09 07:23:51', 14);
INSERT INTO looterbuddy.Follows (userID, followID, dateCreated, streamerID) VALUES (48, 112, '2024-04-07 06:15:49', 54);
INSERT INTO looterbuddy.Follows (userID, followID, dateCreated, streamerID) VALUES (48, 359, '2023-08-21 07:21:52', 47);
INSERT INTO looterbuddy.Follows (userID, followID, dateCreated, streamerID) VALUES (48, 427, '2024-07-25 09:28:38', 39);
INSERT INTO looterbuddy.Follows (userID, followID, dateCreated, streamerID) VALUES (48, 473, '2024-07-10 00:18:20', 39);
INSERT INTO looterbuddy.Follows (userID, followID, dateCreated, streamerID) VALUES (48, 587, '2024-04-29 22:48:12', 52);
INSERT INTO looterbuddy.Follows (userID, followID, dateCreated, streamerID) VALUES (48, 706, '2024-04-07 01:49:26', 41);
INSERT INTO looterbuddy.Follows (userID, followID, dateCreated, streamerID) VALUES (48, 801, '2024-03-20 15:09:37', 8);
INSERT INTO looterbuddy.Follows (userID, followID, dateCreated, streamerID) VALUES (48, 869, '2024-04-30 03:20:07', 40);
INSERT INTO looterbuddy.Follows (userID, followID, dateCreated, streamerID) VALUES (48, 908, '2024-01-29 21:03:25', 26);
INSERT INTO looterbuddy.Follows (userID, followID, dateCreated, streamerID) VALUES (49, 14, '2024-04-01 04:33:03', 57);
INSERT INTO looterbuddy.Follows (userID, followID, dateCreated, streamerID) VALUES (49, 84, '2023-11-23 22:50:22', 21);
INSERT INTO looterbuddy.Follows (userID, followID, dateCreated, streamerID) VALUES (49, 126, '2024-07-21 17:19:02', 3);
INSERT INTO looterbuddy.Follows (userID, followID, dateCreated, streamerID) VALUES (49, 161, '2023-09-01 13:37:09', 28);
INSERT INTO looterbuddy.Follows (userID, followID, dateCreated, streamerID) VALUES (49, 193, '2024-06-30 09:06:31', 52);
INSERT INTO looterbuddy.Follows (userID, followID, dateCreated, streamerID) VALUES (49, 294, '2024-01-09 08:20:21', 11);
INSERT INTO looterbuddy.Follows (userID, followID, dateCreated, streamerID) VALUES (49, 324, '2023-09-03 16:40:03', 35);
INSERT INTO looterbuddy.Follows (userID, followID, dateCreated, streamerID) VALUES (49, 670, '2024-01-29 16:04:50', 28);
INSERT INTO looterbuddy.Follows (userID, followID, dateCreated, streamerID) VALUES (49, 715, '2023-10-21 18:41:58', 38);
INSERT INTO looterbuddy.Follows (userID, followID, dateCreated, streamerID) VALUES (49, 751, '2023-11-15 05:09:02', 2);
INSERT INTO looterbuddy.Follows (userID, followID, dateCreated, streamerID) VALUES (49, 904, '2024-01-28 08:30:37', 61);
INSERT INTO looterbuddy.Follows (userID, followID, dateCreated, streamerID) VALUES (49, 955, '2024-04-01 13:21:42', 32);
INSERT INTO looterbuddy.Follows (userID, followID, dateCreated, streamerID) VALUES (50, 49, '2023-11-13 18:36:01', 22);
INSERT INTO looterbuddy.Follows (userID, followID, dateCreated, streamerID) VALUES (50, 95, '2023-11-22 03:10:27', 4);
INSERT INTO looterbuddy.Follows (userID, followID, dateCreated, streamerID) VALUES (50, 140, '2023-12-16 03:50:56', 31);
INSERT INTO looterbuddy.Follows (userID, followID, dateCreated, streamerID) VALUES (50, 429, '2023-08-16 11:06:42', 34);
INSERT INTO looterbuddy.Follows (userID, followID, dateCreated, streamerID) VALUES (50, 519, '2024-07-18 02:22:19', 3);
INSERT INTO looterbuddy.Follows (userID, followID, dateCreated, streamerID) VALUES (50, 688, '2023-12-18 23:03:57', 50);
INSERT INTO looterbuddy.Follows (userID, followID, dateCreated, streamerID) VALUES (50, 755, '2023-11-28 04:59:47', 43);
INSERT INTO looterbuddy.Follows (userID, followID, dateCreated, streamerID) VALUES (50, 854, '2024-06-15 12:41:33', 55);
INSERT INTO looterbuddy.Follows (userID, followID, dateCreated, streamerID) VALUES (50, 898, '2024-07-24 00:54:00', 25);
INSERT INTO looterbuddy.Follows (userID, followID, dateCreated, streamerID) VALUES (50, 974, '2024-07-10 00:29:03', 29);
INSERT INTO looterbuddy.Follows (userID, followID, dateCreated, streamerID) VALUES (53, 50, '2023-09-06 22:12:12', 7);
INSERT INTO looterbuddy.Follows (userID, followID, dateCreated, streamerID) VALUES (53, 78, '2024-03-07 08:07:43', 1);
INSERT INTO looterbuddy.Follows (userID, followID, dateCreated, streamerID) VALUES (53, 99, '2024-05-17 03:50:43', 20);
INSERT INTO looterbuddy.Follows (userID, followID, dateCreated, streamerID) VALUES (53, 137, '2024-06-27 17:05:06', 32);
INSERT INTO looterbuddy.Follows (userID, followID, dateCreated, streamerID) VALUES (53, 174, '2024-07-21 01:11:00', 33);
INSERT INTO looterbuddy.Follows (userID, followID, dateCreated, streamerID) VALUES (53, 299, '2024-01-22 06:40:56', 2);
INSERT INTO looterbuddy.Follows (userID, followID, dateCreated, streamerID) VALUES (53, 357, '2023-12-11 17:41:50', 8);
INSERT INTO looterbuddy.Follows (userID, followID, dateCreated, streamerID) VALUES (53, 389, '2023-11-28 03:57:46', 61);
INSERT INTO looterbuddy.Follows (userID, followID, dateCreated, streamerID) VALUES (53, 417, '2024-03-28 18:56:20', 52);
INSERT INTO looterbuddy.Follows (userID, followID, dateCreated, streamerID) VALUES (53, 457, '2023-11-07 00:38:54', 44);
INSERT INTO looterbuddy.Follows (userID, followID, dateCreated, streamerID) VALUES (53, 468, '2023-10-07 10:48:43', 17);
INSERT INTO looterbuddy.Follows (userID, followID, dateCreated, streamerID) VALUES (53, 515, '2023-12-19 07:47:36', 59);
INSERT INTO looterbuddy.Follows (userID, followID, dateCreated, streamerID) VALUES (53, 627, '2024-03-12 04:08:06', 36);
INSERT INTO looterbuddy.Follows (userID, followID, dateCreated, streamerID) VALUES (53, 730, '2024-06-08 15:05:49', 2);
INSERT INTO looterbuddy.Follows (userID, followID, dateCreated, streamerID) VALUES (53, 868, '2024-05-07 14:02:38', 53);
INSERT INTO looterbuddy.Follows (userID, followID, dateCreated, streamerID) VALUES (54, 15, '2023-10-12 21:33:06', 45);
INSERT INTO looterbuddy.Follows (userID, followID, dateCreated, streamerID) VALUES (54, 40, '2023-09-02 09:31:36', 55);
INSERT INTO looterbuddy.Follows (userID, followID, dateCreated, streamerID) VALUES (54, 66, '2024-03-10 17:55:29', 17);
INSERT INTO looterbuddy.Follows (userID, followID, dateCreated, streamerID) VALUES (54, 141, '2023-09-16 19:06:53', 43);
INSERT INTO looterbuddy.Follows (userID, followID, dateCreated, streamerID) VALUES (54, 387, '2023-09-20 09:28:48', 52);
INSERT INTO looterbuddy.Follows (userID, followID, dateCreated, streamerID) VALUES (54, 490, '2023-09-09 12:05:10', 43);
INSERT INTO looterbuddy.Follows (userID, followID, dateCreated, streamerID) VALUES (54, 734, '2023-10-17 21:51:50', 60);
INSERT INTO looterbuddy.Follows (userID, followID, dateCreated, streamerID) VALUES (54, 817, '2023-12-02 10:29:11', 33);
INSERT INTO looterbuddy.Follows (userID, followID, dateCreated, streamerID) VALUES (54, 878, '2023-12-15 12:50:01', 30);
INSERT INTO looterbuddy.Follows (userID, followID, dateCreated, streamerID) VALUES (54, 947, '2024-04-30 18:39:12', 53);
INSERT INTO looterbuddy.Follows (userID, followID, dateCreated, streamerID) VALUES (55, 5, '2024-01-06 10:00:43', 10);
INSERT INTO looterbuddy.Follows (userID, followID, dateCreated, streamerID) VALUES (55, 96, '2024-07-19 05:35:37', 25);
INSERT INTO looterbuddy.Follows (userID, followID, dateCreated, streamerID) VALUES (55, 270, '2023-09-21 22:50:29', 6);
INSERT INTO looterbuddy.Follows (userID, followID, dateCreated, streamerID) VALUES (55, 280, '2024-01-01 03:56:29', 57);
INSERT INTO looterbuddy.Follows (userID, followID, dateCreated, streamerID) VALUES (55, 516, '2024-04-21 00:54:59', 38);
INSERT INTO looterbuddy.Follows (userID, followID, dateCreated, streamerID) VALUES (55, 585, '2023-12-08 19:59:03', 3);
INSERT INTO looterbuddy.Follows (userID, followID, dateCreated, streamerID) VALUES (55, 621, '2024-01-11 22:15:56', 28);
INSERT INTO looterbuddy.Follows (userID, followID, dateCreated, streamerID) VALUES (55, 680, '2023-12-22 05:44:40', 27);
INSERT INTO looterbuddy.Follows (userID, followID, dateCreated, streamerID) VALUES (55, 744, '2024-04-05 23:11:57', 41);
INSERT INTO looterbuddy.Follows (userID, followID, dateCreated, streamerID) VALUES (55, 795, '2024-04-12 22:20:46', 25);
INSERT INTO looterbuddy.Follows (userID, followID, dateCreated, streamerID) VALUES (58, 130, '2024-05-20 13:38:49', 2);
INSERT INTO looterbuddy.Follows (userID, followID, dateCreated, streamerID) VALUES (58, 391, '2024-02-07 02:16:03', 55);
INSERT INTO looterbuddy.Follows (userID, followID, dateCreated, streamerID) VALUES (58, 472, '2023-08-14 15:57:49', 14);
INSERT INTO looterbuddy.Follows (userID, followID, dateCreated, streamerID) VALUES (58, 529, '2023-10-04 08:51:12', 28);
INSERT INTO looterbuddy.Follows (userID, followID, dateCreated, streamerID) VALUES (59, 34, '2024-03-22 11:47:48', 62);
INSERT INTO looterbuddy.Follows (userID, followID, dateCreated, streamerID) VALUES (59, 64, '2024-05-22 09:54:38', 49);
INSERT INTO looterbuddy.Follows (userID, followID, dateCreated, streamerID) VALUES (59, 312, '2024-04-07 19:24:06', 8);
INSERT INTO looterbuddy.Follows (userID, followID, dateCreated, streamerID) VALUES (59, 384, '2024-04-18 07:54:58', 39);
INSERT INTO looterbuddy.Follows (userID, followID, dateCreated, streamerID) VALUES (59, 484, '2024-06-03 00:35:01', 33);
INSERT INTO looterbuddy.Follows (userID, followID, dateCreated, streamerID) VALUES (59, 810, '2023-12-11 23:21:39', 49);
INSERT INTO looterbuddy.Follows (userID, followID, dateCreated, streamerID) VALUES (59, 882, '2023-08-19 01:04:26', 46);
INSERT INTO looterbuddy.Follows (userID, followID, dateCreated, streamerID) VALUES (59, 951, '2023-09-21 03:47:12', 55);
INSERT INTO looterbuddy.Follows (userID, followID, dateCreated, streamerID) VALUES (59, 967, '2024-01-02 05:35:58', 35);
INSERT INTO looterbuddy.Follows (userID, followID, dateCreated, streamerID) VALUES (62, 252, '2024-02-14 12:50:02', 27);
INSERT INTO looterbuddy.Follows (userID, followID, dateCreated, streamerID) VALUES (62, 403, '2023-08-20 15:55:32', 9);
INSERT INTO looterbuddy.Follows (userID, followID, dateCreated, streamerID) VALUES (62, 785, '2024-03-08 09:34:56', 29);
INSERT INTO looterbuddy.Follows (userID, followID, dateCreated, streamerID) VALUES (62, 838, '2024-07-09 14:55:26', 15);
INSERT INTO looterbuddy.Follows (userID, followID, dateCreated, streamerID) VALUES (62, 959, '2023-09-02 03:58:31', 7);
INSERT INTO looterbuddy.Follows (userID, followID, dateCreated, streamerID) VALUES (62, 970, '2023-10-01 22:04:49', 49);
INSERT INTO looterbuddy.Follows (userID, followID, dateCreated, streamerID) VALUES (65, 301, '2023-09-22 01:06:05', 21);
INSERT INTO looterbuddy.Follows (userID, followID, dateCreated, streamerID) VALUES (65, 405, '2024-05-20 01:39:48', 38);
INSERT INTO looterbuddy.Follows (userID, followID, dateCreated, streamerID) VALUES (65, 728, '2024-04-01 16:24:58', 39);
INSERT INTO looterbuddy.Follows (userID, followID, dateCreated, streamerID) VALUES (65, 779, '2024-08-02 14:52:51', 62);
INSERT INTO looterbuddy.Follows (userID, followID, dateCreated, streamerID) VALUES (65, 940, '2024-04-08 21:49:16', 26);
INSERT INTO looterbuddy.Follows (userID, followID, dateCreated, streamerID) VALUES (67, 41, '2023-09-25 05:51:56', 42);
INSERT INTO looterbuddy.Follows (userID, followID, dateCreated, streamerID) VALUES (67, 214, '2024-02-01 08:13:37', 30);
INSERT INTO looterbuddy.Follows (userID, followID, dateCreated, streamerID) VALUES (67, 443, '2024-01-24 03:45:05', 5);
INSERT INTO looterbuddy.Follows (userID, followID, dateCreated, streamerID) VALUES (67, 482, '2024-06-14 13:29:17', 60);
INSERT INTO looterbuddy.Follows (userID, followID, dateCreated, streamerID) VALUES (67, 753, '2024-07-19 03:57:19', 11);
INSERT INTO looterbuddy.Follows (userID, followID, dateCreated, streamerID) VALUES (67, 886, '2023-09-13 22:27:12', 31);
INSERT INTO looterbuddy.Follows (userID, followID, dateCreated, streamerID) VALUES (67, 924, '2024-07-08 23:46:46', 56);
INSERT INTO looterbuddy.Follows (userID, followID, dateCreated, streamerID) VALUES (67, 938, '2023-09-28 06:21:43', 20);
INSERT INTO looterbuddy.Follows (userID, followID, dateCreated, streamerID) VALUES (67, 999, '2024-07-07 07:24:53', 54);
INSERT INTO looterbuddy.Follows (userID, followID, dateCreated, streamerID) VALUES (68, 175, '2024-02-20 04:36:52', 2);
INSERT INTO looterbuddy.Follows (userID, followID, dateCreated, streamerID) VALUES (68, 209, '2023-12-19 05:33:58', 26);
INSERT INTO looterbuddy.Follows (userID, followID, dateCreated, streamerID) VALUES (68, 338, '2023-11-29 14:06:53', 9);
INSERT INTO looterbuddy.Follows (userID, followID, dateCreated, streamerID) VALUES (68, 446, '2024-01-24 12:22:51', 60);
INSERT INTO looterbuddy.Follows (userID, followID, dateCreated, streamerID) VALUES (68, 475, '2024-02-26 19:41:15', 42);
INSERT INTO looterbuddy.Follows (userID, followID, dateCreated, streamerID) VALUES (68, 716, '2023-09-30 01:49:35', 36);
INSERT INTO looterbuddy.Follows (userID, followID, dateCreated, streamerID) VALUES (70, 100, '2023-10-20 08:24:54', 53);
INSERT INTO looterbuddy.Follows (userID, followID, dateCreated, streamerID) VALUES (70, 201, '2023-09-08 09:28:43', 34);
INSERT INTO looterbuddy.Follows (userID, followID, dateCreated, streamerID) VALUES (70, 245, '2024-01-19 09:48:19', 8);
INSERT INTO looterbuddy.Follows (userID, followID, dateCreated, streamerID) VALUES (70, 321, '2023-08-23 12:49:02', 54);
INSERT INTO looterbuddy.Follows (userID, followID, dateCreated, streamerID) VALUES (70, 409, '2024-02-17 21:50:56', 4);
INSERT INTO looterbuddy.Follows (userID, followID, dateCreated, streamerID) VALUES (70, 582, '2024-08-03 00:05:39', 37);
INSERT INTO looterbuddy.Follows (userID, followID, dateCreated, streamerID) VALUES (70, 639, '2024-02-18 22:48:39', 15);
INSERT INTO looterbuddy.Follows (userID, followID, dateCreated, streamerID) VALUES (70, 690, '2024-06-21 22:15:46', 40);
INSERT INTO looterbuddy.Follows (userID, followID, dateCreated, streamerID) VALUES (70, 726, '2024-08-05 15:06:36', 5);
INSERT INTO looterbuddy.Follows (userID, followID, dateCreated, streamerID) VALUES (70, 783, '2023-10-05 06:42:29', 16);
INSERT INTO looterbuddy.Follows (userID, followID, dateCreated, streamerID) VALUES (71, 20, '2024-05-15 15:01:15', 49);
INSERT INTO looterbuddy.Follows (userID, followID, dateCreated, streamerID) VALUES (71, 199, '2024-07-15 06:13:05', 61);
INSERT INTO looterbuddy.Follows (userID, followID, dateCreated, streamerID) VALUES (71, 254, '2024-04-23 20:47:45', 41);
INSERT INTO looterbuddy.Follows (userID, followID, dateCreated, streamerID) VALUES (71, 523, '2023-09-03 11:42:41', 56);
INSERT INTO looterbuddy.Follows (userID, followID, dateCreated, streamerID) VALUES (71, 542, '2023-10-25 02:59:57', 62);
INSERT INTO looterbuddy.Follows (userID, followID, dateCreated, streamerID) VALUES (71, 637, '2024-05-24 20:34:47', 37);
INSERT INTO looterbuddy.Follows (userID, followID, dateCreated, streamerID) VALUES (71, 934, '2024-02-29 20:14:45', 48);
INSERT INTO looterbuddy.Follows (userID, followID, dateCreated, streamerID) VALUES (72, 185, '2023-11-03 22:20:42', 49);
INSERT INTO looterbuddy.Follows (userID, followID, dateCreated, streamerID) VALUES (72, 208, '2023-10-21 05:11:24', 25);
INSERT INTO looterbuddy.Follows (userID, followID, dateCreated, streamerID) VALUES (72, 246, '2023-08-28 01:48:33', 29);
INSERT INTO looterbuddy.Follows (userID, followID, dateCreated, streamerID) VALUES (72, 286, '2024-07-20 13:18:30', 37);
INSERT INTO looterbuddy.Follows (userID, followID, dateCreated, streamerID) VALUES (72, 368, '2024-02-15 13:13:19', 17);
INSERT INTO looterbuddy.Follows (userID, followID, dateCreated, streamerID) VALUES (72, 416, '2023-10-25 03:18:04', 9);
INSERT INTO looterbuddy.Follows (userID, followID, dateCreated, streamerID) VALUES (72, 612, '2024-02-05 04:38:12', 15);
INSERT INTO looterbuddy.Follows (userID, followID, dateCreated, streamerID) VALUES (72, 659, '2023-10-18 12:23:51', 49);
INSERT INTO looterbuddy.Follows (userID, followID, dateCreated, streamerID) VALUES (72, 747, '2024-07-05 08:32:25', 22);
INSERT INTO looterbuddy.Follows (userID, followID, dateCreated, streamerID) VALUES (72, 963, '2024-08-05 11:07:55', 5);
INSERT INTO looterbuddy.Follows (userID, followID, dateCreated, streamerID) VALUES (73, 18, '2023-09-29 00:07:09', 48);
INSERT INTO looterbuddy.Follows (userID, followID, dateCreated, streamerID) VALUES (73, 48, '2024-08-09 02:42:05', 40);
INSERT INTO looterbuddy.Follows (userID, followID, dateCreated, streamerID) VALUES (73, 296, '2024-06-07 07:27:35', 59);
INSERT INTO looterbuddy.Follows (userID, followID, dateCreated, streamerID) VALUES (73, 352, '2023-12-17 23:28:37', 16);
INSERT INTO looterbuddy.Follows (userID, followID, dateCreated, streamerID) VALUES (73, 452, '2024-02-21 19:52:35', 22);
INSERT INTO looterbuddy.Follows (userID, followID, dateCreated, streamerID) VALUES (73, 530, '2023-11-24 17:38:50', 41);
INSERT INTO looterbuddy.Follows (userID, followID, dateCreated, streamerID) VALUES (73, 561, '2023-10-30 17:32:43', 12);
INSERT INTO looterbuddy.Follows (userID, followID, dateCreated, streamerID) VALUES (73, 743, '2024-01-21 03:05:56', 10);
INSERT INTO looterbuddy.Follows (userID, followID, dateCreated, streamerID) VALUES (73, 832, '2024-03-08 10:28:43', 42);
INSERT INTO looterbuddy.Follows (userID, followID, dateCreated, streamerID) VALUES (73, 877, '2024-04-05 05:56:06', 41);
INSERT INTO looterbuddy.Follows (userID, followID, dateCreated, streamerID) VALUES (74, 173, '2024-02-28 10:56:17', 8);
INSERT INTO looterbuddy.Follows (userID, followID, dateCreated, streamerID) VALUES (74, 284, '2024-07-01 22:03:11', 48);
INSERT INTO looterbuddy.Follows (userID, followID, dateCreated, streamerID) VALUES (74, 617, '2024-06-29 04:43:16', 58);
INSERT INTO looterbuddy.Follows (userID, followID, dateCreated, streamerID) VALUES (74, 803, '2023-09-14 05:51:48', 6);
INSERT INTO looterbuddy.Follows (userID, followID, dateCreated, streamerID) VALUES (74, 893, '2024-03-14 03:06:18', 34);
INSERT INTO looterbuddy.Follows (userID, followID, dateCreated, streamerID) VALUES (75, 47, '2024-03-19 17:53:22', 48);
INSERT INTO looterbuddy.Follows (userID, followID, dateCreated, streamerID) VALUES (75, 87, '2024-05-14 21:15:13', 42);
INSERT INTO looterbuddy.Follows (userID, followID, dateCreated, streamerID) VALUES (75, 451, '2023-10-15 20:36:15', 14);
INSERT INTO looterbuddy.Follows (userID, followID, dateCreated, streamerID) VALUES (75, 493, '2024-01-22 16:45:43', 55);
INSERT INTO looterbuddy.Follows (userID, followID, dateCreated, streamerID) VALUES (75, 554, '2024-04-18 02:57:57', 37);
INSERT INTO looterbuddy.Follows (userID, followID, dateCreated, streamerID) VALUES (75, 568, '2024-01-17 19:28:41', 55);
INSERT INTO looterbuddy.Follows (userID, followID, dateCreated, streamerID) VALUES (75, 905, '2024-02-21 05:08:42', 9);
INSERT INTO looterbuddy.Follows (userID, followID, dateCreated, streamerID) VALUES (76, 10, '2024-04-01 13:02:36', 60);
INSERT INTO looterbuddy.Follows (userID, followID, dateCreated, streamerID) VALUES (76, 32, '2024-07-02 22:04:51', 12);
INSERT INTO looterbuddy.Follows (userID, followID, dateCreated, streamerID) VALUES (76, 89, '2023-08-19 01:39:23', 40);
INSERT INTO looterbuddy.Follows (userID, followID, dateCreated, streamerID) VALUES (76, 167, '2023-12-24 15:29:52', 55);
INSERT INTO looterbuddy.Follows (userID, followID, dateCreated, streamerID) VALUES (76, 204, '2024-05-20 22:33:38', 19);
INSERT INTO looterbuddy.Follows (userID, followID, dateCreated, streamerID) VALUES (76, 306, '2024-04-29 21:17:33', 14);
INSERT INTO looterbuddy.Follows (userID, followID, dateCreated, streamerID) VALUES (76, 426, '2024-01-17 01:28:30', 47);
INSERT INTO looterbuddy.Follows (userID, followID, dateCreated, streamerID) VALUES (76, 610, '2023-09-08 19:35:13', 4);
INSERT INTO looterbuddy.Follows (userID, followID, dateCreated, streamerID) VALUES (76, 669, '2024-01-17 15:15:13', 37);
INSERT INTO looterbuddy.Follows (userID, followID, dateCreated, streamerID) VALUES (76, 808, '2023-12-28 04:51:00', 11);
INSERT INTO looterbuddy.Follows (userID, followID, dateCreated, streamerID) VALUES (77, 604, '2023-11-11 07:50:46', 1);
INSERT INTO looterbuddy.Follows (userID, followID, dateCreated, streamerID) VALUES (77, 842, '2024-01-30 12:31:11', 5);
INSERT INTO looterbuddy.Follows (userID, followID, dateCreated, streamerID) VALUES (77, 872, '2024-04-06 22:21:01', 11);
INSERT INTO looterbuddy.Follows (userID, followID, dateCreated, streamerID) VALUES (77, 975, '2024-03-26 01:46:11', 23);
INSERT INTO looterbuddy.Follows (userID, followID, dateCreated, streamerID) VALUES (78, 55, '2024-02-13 10:11:17', 18);
INSERT INTO looterbuddy.Follows (userID, followID, dateCreated, streamerID) VALUES (78, 76, '2024-07-12 03:06:01', 41);
INSERT INTO looterbuddy.Follows (userID, followID, dateCreated, streamerID) VALUES (78, 344, '2023-08-21 20:08:44', 48);
INSERT INTO looterbuddy.Follows (userID, followID, dateCreated, streamerID) VALUES (78, 514, '2023-10-17 01:42:01', 18);
INSERT INTO looterbuddy.Follows (userID, followID, dateCreated, streamerID) VALUES (78, 723, '2023-12-30 10:02:59', 50);
INSERT INTO looterbuddy.Follows (userID, followID, dateCreated, streamerID) VALUES (78, 775, '2023-10-27 04:24:57', 42);
INSERT INTO looterbuddy.Follows (userID, followID, dateCreated, streamerID) VALUES (78, 826, '2024-07-09 23:51:59', 5);
INSERT INTO looterbuddy.Follows (userID, followID, dateCreated, streamerID) VALUES (78, 964, '2023-08-30 23:56:35', 37);
INSERT INTO looterbuddy.Follows (userID, followID, dateCreated, streamerID) VALUES (79, 52, '2024-05-12 20:36:21', 14);
INSERT INTO looterbuddy.Follows (userID, followID, dateCreated, streamerID) VALUES (79, 314, '2024-04-16 06:08:57', 48);
INSERT INTO looterbuddy.Follows (userID, followID, dateCreated, streamerID) VALUES (79, 619, '2024-01-11 06:30:27', 18);
INSERT INTO looterbuddy.Follows (userID, followID, dateCreated, streamerID) VALUES (79, 648, '2024-04-17 05:01:57', 39);
INSERT INTO looterbuddy.Follows (userID, followID, dateCreated, streamerID) VALUES (79, 758, '2024-02-04 11:06:39', 3);
INSERT INTO looterbuddy.Follows (userID, followID, dateCreated, streamerID) VALUES (79, 814, '2024-07-01 13:57:34', 44);
INSERT INTO looterbuddy.Follows (userID, followID, dateCreated, streamerID) VALUES (80, 69, '2023-11-25 03:15:58', 33);
INSERT INTO looterbuddy.Follows (userID, followID, dateCreated, streamerID) VALUES (80, 117, '2024-02-22 02:45:10', 40);
INSERT INTO looterbuddy.Follows (userID, followID, dateCreated, streamerID) VALUES (80, 181, '2023-10-05 23:02:24', 37);
INSERT INTO looterbuddy.Follows (userID, followID, dateCreated, streamerID) VALUES (80, 232, '2024-03-02 18:02:48', 50);
INSERT INTO looterbuddy.Follows (userID, followID, dateCreated, streamerID) VALUES (80, 356, '2023-12-29 09:17:29', 45);
INSERT INTO looterbuddy.Follows (userID, followID, dateCreated, streamerID) VALUES (80, 668, '2024-07-11 15:57:54', 53);
INSERT INTO looterbuddy.Follows (userID, followID, dateCreated, streamerID) VALUES (80, 800, '2024-07-24 19:52:12', 51);
INSERT INTO looterbuddy.Follows (userID, followID, dateCreated, streamerID) VALUES (80, 943, '2024-08-11 06:45:31', 12);
INSERT INTO looterbuddy.Follows (userID, followID, dateCreated, streamerID) VALUES (81, 26, '2024-07-05 10:39:37', 13);
INSERT INTO looterbuddy.Follows (userID, followID, dateCreated, streamerID) VALUES (81, 274, '2024-02-12 19:01:58', 17);
INSERT INTO looterbuddy.Follows (userID, followID, dateCreated, streamerID) VALUES (81, 295, '2023-12-04 22:11:45', 47);
INSERT INTO looterbuddy.Follows (userID, followID, dateCreated, streamerID) VALUES (81, 367, '2023-08-15 02:29:14', 22);
INSERT INTO looterbuddy.Follows (userID, followID, dateCreated, streamerID) VALUES (81, 424, '2024-03-01 01:26:04', 21);
INSERT INTO looterbuddy.Follows (userID, followID, dateCreated, streamerID) VALUES (81, 485, '2024-06-29 06:22:21', 54);
INSERT INTO looterbuddy.Follows (userID, followID, dateCreated, streamerID) VALUES (81, 510, '2023-11-27 03:44:57', 26);
INSERT INTO looterbuddy.Follows (userID, followID, dateCreated, streamerID) VALUES (81, 609, '2024-07-05 18:42:52', 35);
INSERT INTO looterbuddy.Follows (userID, followID, dateCreated, streamerID) VALUES (81, 633, '2023-12-12 09:15:09', 24);
INSERT INTO looterbuddy.Follows (userID, followID, dateCreated, streamerID) VALUES (81, 713, '2023-12-26 18:26:21', 32);
INSERT INTO looterbuddy.Follows (userID, followID, dateCreated, streamerID) VALUES (81, 834, '2024-05-01 19:16:19', 12);
INSERT INTO looterbuddy.Follows (userID, followID, dateCreated, streamerID) VALUES (82, 8, '2024-04-27 18:32:51', 8);
INSERT INTO looterbuddy.Follows (userID, followID, dateCreated, streamerID) VALUES (82, 256, '2023-12-09 08:30:13', 20);
INSERT INTO looterbuddy.Follows (userID, followID, dateCreated, streamerID) VALUES (82, 285, '2023-11-14 21:43:30', 16);
INSERT INTO looterbuddy.Follows (userID, followID, dateCreated, streamerID) VALUES (82, 364, '2024-04-06 04:32:42', 33);
INSERT INTO looterbuddy.Follows (userID, followID, dateCreated, streamerID) VALUES (82, 382, '2024-02-29 18:18:44', 60);
INSERT INTO looterbuddy.Follows (userID, followID, dateCreated, streamerID) VALUES (82, 458, '2024-01-21 00:57:30', 35);
INSERT INTO looterbuddy.Follows (userID, followID, dateCreated, streamerID) VALUES (82, 527, '2023-09-25 02:17:34', 11);
INSERT INTO looterbuddy.Follows (userID, followID, dateCreated, streamerID) VALUES (82, 752, '2024-02-28 00:14:50', 49);
INSERT INTO looterbuddy.Follows (userID, followID, dateCreated, streamerID) VALUES (82, 796, '2024-04-29 21:20:37', 13);
INSERT INTO looterbuddy.Follows (userID, followID, dateCreated, streamerID) VALUES (82, 910, '2024-04-17 03:39:15', 53);
INSERT INTO looterbuddy.Follows (userID, followID, dateCreated, streamerID) VALUES (83, 1, '2023-12-27 08:49:34', 20);
INSERT INTO looterbuddy.Follows (userID, followID, dateCreated, streamerID) VALUES (83, 128, '2024-06-09 16:47:51', 52);
INSERT INTO looterbuddy.Follows (userID, followID, dateCreated, streamerID) VALUES (83, 438, '2024-05-10 14:07:01', 40);
INSERT INTO looterbuddy.Follows (userID, followID, dateCreated, streamerID) VALUES (83, 521, '2023-10-04 11:48:21', 40);
INSERT INTO looterbuddy.Follows (userID, followID, dateCreated, streamerID) VALUES (83, 598, '2024-03-14 08:10:44', 17);
INSERT INTO looterbuddy.Follows (userID, followID, dateCreated, streamerID) VALUES (83, 748, '2023-10-24 08:47:50', 12);
INSERT INTO looterbuddy.Follows (userID, followID, dateCreated, streamerID) VALUES (83, 920, '2024-04-04 10:23:48', 43);
INSERT INTO looterbuddy.Follows (userID, followID, dateCreated, streamerID) VALUES (84, 272, '2024-03-29 14:54:44', 55);
INSERT INTO looterbuddy.Follows (userID, followID, dateCreated, streamerID) VALUES (84, 313, '2024-08-05 08:25:49', 57);
INSERT INTO looterbuddy.Follows (userID, followID, dateCreated, streamerID) VALUES (84, 342, '2024-05-10 13:22:44', 31);
INSERT INTO looterbuddy.Follows (userID, followID, dateCreated, streamerID) VALUES (84, 408, '2024-01-02 20:57:48', 5);
INSERT INTO looterbuddy.Follows (userID, followID, dateCreated, streamerID) VALUES (84, 988, '2024-05-21 23:55:41', 31);
INSERT INTO looterbuddy.Follows (userID, followID, dateCreated, streamerID) VALUES (85, 144, '2023-09-04 14:41:25', 22);
INSERT INTO looterbuddy.Follows (userID, followID, dateCreated, streamerID) VALUES (85, 509, '2024-01-16 02:50:51', 47);
INSERT INTO looterbuddy.Follows (userID, followID, dateCreated, streamerID) VALUES (85, 622, '2023-11-27 21:24:57', 45);
INSERT INTO looterbuddy.Follows (userID, followID, dateCreated, streamerID) VALUES (85, 939, '2024-07-28 13:45:05', 45);
INSERT INTO looterbuddy.Follows (userID, followID, dateCreated, streamerID) VALUES (85, 983, '2024-01-05 15:32:14', 15);
INSERT INTO looterbuddy.Follows (userID, followID, dateCreated, streamerID) VALUES (86, 151, '2024-05-02 22:29:53', 20);
INSERT INTO looterbuddy.Follows (userID, followID, dateCreated, streamerID) VALUES (86, 460, '2024-02-29 05:54:07', 15);
INSERT INTO looterbuddy.Follows (userID, followID, dateCreated, streamerID) VALUES (86, 518, '2024-05-22 23:53:59', 15);
INSERT INTO looterbuddy.Follows (userID, followID, dateCreated, streamerID) VALUES (86, 553, '2024-06-24 22:31:01', 16);
INSERT INTO looterbuddy.Follows (userID, followID, dateCreated, streamerID) VALUES (86, 649, '2024-04-22 02:09:36', 26);
INSERT INTO looterbuddy.Follows (userID, followID, dateCreated, streamerID) VALUES (86, 718, '2024-03-03 07:06:33', 27);
INSERT INTO looterbuddy.Follows (userID, followID, dateCreated, streamerID) VALUES (86, 790, '2024-03-20 12:16:44', 55);
INSERT INTO looterbuddy.Follows (userID, followID, dateCreated, streamerID) VALUES (86, 840, '2024-07-28 08:39:35', 21);
INSERT INTO looterbuddy.Follows (userID, followID, dateCreated, streamerID) VALUES (88, 120, '2024-05-20 02:51:20', 7);
INSERT INTO looterbuddy.Follows (userID, followID, dateCreated, streamerID) VALUES (88, 125, '2023-08-20 06:30:56', 10);
INSERT INTO looterbuddy.Follows (userID, followID, dateCreated, streamerID) VALUES (88, 247, '2023-11-06 05:32:33', 27);
INSERT INTO looterbuddy.Follows (userID, followID, dateCreated, streamerID) VALUES (88, 332, '2023-09-02 10:20:09', 32);
INSERT INTO looterbuddy.Follows (userID, followID, dateCreated, streamerID) VALUES (88, 471, '2023-11-07 19:09:31', 22);
INSERT INTO looterbuddy.Follows (userID, followID, dateCreated, streamerID) VALUES (88, 526, '2023-09-10 10:38:38', 54);
INSERT INTO looterbuddy.Follows (userID, followID, dateCreated, streamerID) VALUES (88, 611, '2024-08-03 06:46:02', 8);
INSERT INTO looterbuddy.Follows (userID, followID, dateCreated, streamerID) VALUES (88, 628, '2024-01-02 01:05:35', 20);
INSERT INTO looterbuddy.Follows (userID, followID, dateCreated, streamerID) VALUES (88, 654, '2024-03-21 07:39:18', 42);
INSERT INTO looterbuddy.Follows (userID, followID, dateCreated, streamerID) VALUES (88, 809, '2023-11-08 13:37:43', 10);
INSERT INTO looterbuddy.Follows (userID, followID, dateCreated, streamerID) VALUES (88, 942, '2024-02-05 08:51:48', 24);
INSERT INTO looterbuddy.Follows (userID, followID, dateCreated, streamerID) VALUES (90, 65, '2023-12-06 02:20:52', 31);
INSERT INTO looterbuddy.Follows (userID, followID, dateCreated, streamerID) VALUES (90, 203, '2024-05-25 05:56:13', 51);
INSERT INTO looterbuddy.Follows (userID, followID, dateCreated, streamerID) VALUES (90, 271, '2023-11-18 03:53:27', 35);
INSERT INTO looterbuddy.Follows (userID, followID, dateCreated, streamerID) VALUES (90, 434, '2023-11-25 06:04:59', 10);
INSERT INTO looterbuddy.Follows (userID, followID, dateCreated, streamerID) VALUES (90, 447, '2023-10-02 11:18:15', 8);
INSERT INTO looterbuddy.Follows (userID, followID, dateCreated, streamerID) VALUES (90, 500, '2024-02-29 12:27:50', 28);
INSERT INTO looterbuddy.Follows (userID, followID, dateCreated, streamerID) VALUES (90, 544, '2023-12-31 11:16:34', 57);
INSERT INTO looterbuddy.Follows (userID, followID, dateCreated, streamerID) VALUES (90, 677, '2023-11-10 16:14:26', 17);
INSERT INTO looterbuddy.Follows (userID, followID, dateCreated, streamerID) VALUES (90, 683, '2024-04-09 08:26:31', 24);
INSERT INTO looterbuddy.Follows (userID, followID, dateCreated, streamerID) VALUES (90, 761, '2024-01-10 00:31:26', 58);
INSERT INTO looterbuddy.Follows (userID, followID, dateCreated, streamerID) VALUES (91, 145, '2023-11-24 12:39:30', 16);
INSERT INTO looterbuddy.Follows (userID, followID, dateCreated, streamerID) VALUES (91, 348, '2024-01-20 10:29:55', 41);
INSERT INTO looterbuddy.Follows (userID, followID, dateCreated, streamerID) VALUES (91, 508, '2023-10-04 14:10:55', 55);
INSERT INTO looterbuddy.Follows (userID, followID, dateCreated, streamerID) VALUES (91, 740, '2023-11-26 21:12:12', 49);
INSERT INTO looterbuddy.Follows (userID, followID, dateCreated, streamerID) VALUES (91, 766, '2023-10-29 04:03:22', 45);
INSERT INTO looterbuddy.Follows (userID, followID, dateCreated, streamerID) VALUES (92, 86, '2024-05-07 03:46:52', 52);
INSERT INTO looterbuddy.Follows (userID, followID, dateCreated, streamerID) VALUES (92, 172, '2024-06-08 04:07:03', 27);
INSERT INTO looterbuddy.Follows (userID, followID, dateCreated, streamerID) VALUES (92, 661, '2023-10-01 12:37:01', 51);
INSERT INTO looterbuddy.Follows (userID, followID, dateCreated, streamerID) VALUES (92, 692, '2023-08-21 09:19:09', 46);
INSERT INTO looterbuddy.Follows (userID, followID, dateCreated, streamerID) VALUES (92, 720, '2024-01-02 00:24:12', 30);
INSERT INTO looterbuddy.Follows (userID, followID, dateCreated, streamerID) VALUES (92, 896, '2024-01-07 20:58:32', 62);
INSERT INTO looterbuddy.Follows (userID, followID, dateCreated, streamerID) VALUES (92, 917, '2024-08-01 11:51:05', 28);
INSERT INTO looterbuddy.Follows (userID, followID, dateCreated, streamerID) VALUES (93, 97, '2024-07-25 16:55:50', 50);
INSERT INTO looterbuddy.Follows (userID, followID, dateCreated, streamerID) VALUES (93, 238, '2024-08-07 10:47:15', 18);
INSERT INTO looterbuddy.Follows (userID, followID, dateCreated, streamerID) VALUES (93, 388, '2024-05-20 16:21:59', 27);
INSERT INTO looterbuddy.Follows (userID, followID, dateCreated, streamerID) VALUES (93, 415, '2024-03-31 02:11:01', 12);
INSERT INTO looterbuddy.Follows (userID, followID, dateCreated, streamerID) VALUES (93, 444, '2024-08-12 08:55:07', 2);
INSERT INTO looterbuddy.Follows (userID, followID, dateCreated, streamerID) VALUES (93, 650, '2024-02-15 22:15:43', 58);
INSERT INTO looterbuddy.Follows (userID, followID, dateCreated, streamerID) VALUES (94, 219, '2024-01-16 18:09:11', 33);
INSERT INTO looterbuddy.Follows (userID, followID, dateCreated, streamerID) VALUES (94, 369, '2024-07-01 13:18:23', 37);
INSERT INTO looterbuddy.Follows (userID, followID, dateCreated, streamerID) VALUES (94, 455, '2023-12-07 16:35:25', 21);
INSERT INTO looterbuddy.Follows (userID, followID, dateCreated, streamerID) VALUES (94, 586, '2023-09-30 10:03:40', 58);
INSERT INTO looterbuddy.Follows (userID, followID, dateCreated, streamerID) VALUES (94, 835, '2024-02-13 18:49:25', 21);
INSERT INTO looterbuddy.Follows (userID, followID, dateCreated, streamerID) VALUES (94, 859, '2023-11-06 16:37:57', 45);
INSERT INTO looterbuddy.Follows (userID, followID, dateCreated, streamerID) VALUES (95, 165, '2024-08-06 00:14:13', 58);
INSERT INTO looterbuddy.Follows (userID, followID, dateCreated, streamerID) VALUES (95, 188, '2024-05-17 06:42:45', 40);
INSERT INTO looterbuddy.Follows (userID, followID, dateCreated, streamerID) VALUES (95, 281, '2023-09-22 00:00:03', 27);
INSERT INTO looterbuddy.Follows (userID, followID, dateCreated, streamerID) VALUES (95, 400, '2023-09-09 22:42:55', 51);
INSERT INTO looterbuddy.Follows (userID, followID, dateCreated, streamerID) VALUES (95, 477, '2024-01-17 09:37:26', 41);
INSERT INTO looterbuddy.Follows (userID, followID, dateCreated, streamerID) VALUES (95, 560, '2024-05-16 18:00:21', 40);
INSERT INTO looterbuddy.Follows (userID, followID, dateCreated, streamerID) VALUES (95, 608, '2023-08-13 16:16:05', 47);
INSERT INTO looterbuddy.Follows (userID, followID, dateCreated, streamerID) VALUES (95, 846, '2024-03-09 13:43:47', 13);
INSERT INTO looterbuddy.Follows (userID, followID, dateCreated, streamerID) VALUES (95, 944, '2024-01-30 11:58:55', 39);
INSERT INTO looterbuddy.Follows (userID, followID, dateCreated, streamerID) VALUES (99, 133, '2024-06-24 18:08:53', 62);
INSERT INTO looterbuddy.Follows (userID, followID, dateCreated, streamerID) VALUES (99, 375, '2024-01-16 15:11:04', 46);
INSERT INTO looterbuddy.Follows (userID, followID, dateCreated, streamerID) VALUES (99, 689, '2024-02-29 00:38:38', 53);
INSERT INTO looterbuddy.Follows (userID, followID, dateCreated, streamerID) VALUES (99, 919, '2023-11-08 01:07:24', 47);
INSERT INTO looterbuddy.Follows (userID, followID, dateCreated, streamerID) VALUES (100, 61, '2023-12-23 19:33:06', 54);
INSERT INTO looterbuddy.Follows (userID, followID, dateCreated, streamerID) VALUES (100, 584, '2023-10-31 00:17:10', 20);
INSERT INTO looterbuddy.Follows (userID, followID, dateCreated, streamerID) VALUES (100, 646, '2024-05-25 14:59:53', 21);
INSERT INTO looterbuddy.Follows (userID, followID, dateCreated, streamerID) VALUES (100, 773, '2024-07-13 13:41:05', 9);
INSERT INTO looterbuddy.Follows (userID, followID, dateCreated, streamerID) VALUES (100, 962, '2023-10-27 19:24:24', 24);
INSERT INTO looterbuddy.Follows (userID, followID, dateCreated, streamerID) VALUES (101, 230, '2023-10-25 00:21:54', 32);
INSERT INTO looterbuddy.Follows (userID, followID, dateCreated, streamerID) VALUES (101, 453, '2023-08-23 10:35:09', 52);
INSERT INTO looterbuddy.Follows (userID, followID, dateCreated, streamerID) VALUES (101, 588, '2023-09-26 16:20:37', 8);
INSERT INTO looterbuddy.Follows (userID, followID, dateCreated, streamerID) VALUES (101, 675, '2024-08-02 09:20:21', 23);
INSERT INTO looterbuddy.Follows (userID, followID, dateCreated, streamerID) VALUES (101, 789, '2024-01-30 16:44:10', 18);
INSERT INTO looterbuddy.Follows (userID, followID, dateCreated, streamerID) VALUES (102, 155, '2024-07-18 01:51:47', 39);
INSERT INTO looterbuddy.Follows (userID, followID, dateCreated, streamerID) VALUES (102, 190, '2023-10-02 16:21:53', 1);
INSERT INTO looterbuddy.Follows (userID, followID, dateCreated, streamerID) VALUES (102, 229, '2024-02-21 11:36:12', 22);
INSERT INTO looterbuddy.Follows (userID, followID, dateCreated, streamerID) VALUES (102, 262, '2024-07-23 22:08:00', 1);
INSERT INTO looterbuddy.Follows (userID, followID, dateCreated, streamerID) VALUES (102, 304, '2024-05-18 05:27:07', 33);
INSERT INTO looterbuddy.Follows (userID, followID, dateCreated, streamerID) VALUES (102, 404, '2023-08-15 02:19:58', 19);
INSERT INTO looterbuddy.Follows (userID, followID, dateCreated, streamerID) VALUES (102, 513, '2024-06-02 22:34:13', 48);
INSERT INTO looterbuddy.Follows (userID, followID, dateCreated, streamerID) VALUES (102, 537, '2024-06-16 21:15:53', 35);
INSERT INTO looterbuddy.Follows (userID, followID, dateCreated, streamerID) VALUES (102, 656, '2024-03-06 21:18:02', 36);
INSERT INTO looterbuddy.Follows (userID, followID, dateCreated, streamerID) VALUES (102, 849, '2023-11-02 10:33:25', 44);
INSERT INTO looterbuddy.Follows (userID, followID, dateCreated, streamerID) VALUES (103, 73, '2024-02-23 06:22:06', 3);
INSERT INTO looterbuddy.Follows (userID, followID, dateCreated, streamerID) VALUES (103, 494, '2024-01-19 05:50:53', 1);
INSERT INTO looterbuddy.Follows (userID, followID, dateCreated, streamerID) VALUES (103, 535, '2024-02-08 09:09:56', 52);
INSERT INTO looterbuddy.Follows (userID, followID, dateCreated, streamerID) VALUES (103, 685, '2024-08-10 00:52:11', 19);
INSERT INTO looterbuddy.Follows (userID, followID, dateCreated, streamerID) VALUES (104, 196, '2023-11-09 06:33:22', 43);
INSERT INTO looterbuddy.Follows (userID, followID, dateCreated, streamerID) VALUES (104, 288, '2024-07-21 03:59:52', 56);
INSERT INTO looterbuddy.Follows (userID, followID, dateCreated, streamerID) VALUES (104, 341, '2024-06-16 17:14:42', 22);
INSERT INTO looterbuddy.Follows (userID, followID, dateCreated, streamerID) VALUES (104, 481, '2023-12-08 20:56:04', 7);
INSERT INTO looterbuddy.Follows (userID, followID, dateCreated, streamerID) VALUES (104, 691, '2024-01-24 13:17:18', 30);
INSERT INTO looterbuddy.Follows (userID, followID, dateCreated, streamerID) VALUES (104, 765, '2024-04-30 18:26:05', 30);
INSERT INTO looterbuddy.Follows (userID, followID, dateCreated, streamerID) VALUES (104, 804, '2023-12-28 18:26:56', 12);
INSERT INTO looterbuddy.Follows (userID, followID, dateCreated, streamerID) VALUES (104, 828, '2024-08-10 17:11:35', 34);
INSERT INTO looterbuddy.Follows (userID, followID, dateCreated, streamerID) VALUES (104, 858, '2024-05-16 22:05:40', 25);
INSERT INTO looterbuddy.Follows (userID, followID, dateCreated, streamerID) VALUES (107, 177, '2023-10-02 01:24:17', 10);
INSERT INTO looterbuddy.Follows (userID, followID, dateCreated, streamerID) VALUES (107, 401, '2024-03-10 08:31:42', 8);
INSERT INTO looterbuddy.Follows (userID, followID, dateCreated, streamerID) VALUES (107, 456, '2024-07-09 06:05:31', 48);
INSERT INTO looterbuddy.Follows (userID, followID, dateCreated, streamerID) VALUES (107, 671, '2023-10-31 08:01:38', 62);
INSERT INTO looterbuddy.Follows (userID, followID, dateCreated, streamerID) VALUES (107, 925, '2024-05-15 01:06:25', 31);
INSERT INTO looterbuddy.Follows (userID, followID, dateCreated, streamerID) VALUES (107, 935, '2023-10-15 22:13:31', 42);
INSERT INTO looterbuddy.Follows (userID, followID, dateCreated, streamerID) VALUES (107, 996, '2023-12-06 09:17:11', 55);
INSERT INTO looterbuddy.Follows (userID, followID, dateCreated, streamerID) VALUES (108, 42, '2024-08-09 10:03:25', 52);
INSERT INTO looterbuddy.Follows (userID, followID, dateCreated, streamerID) VALUES (108, 237, '2024-06-10 15:14:21', 20);
INSERT INTO looterbuddy.Follows (userID, followID, dateCreated, streamerID) VALUES (108, 315, '2024-05-17 17:38:29', 31);
INSERT INTO looterbuddy.Follows (userID, followID, dateCreated, streamerID) VALUES (108, 903, '2024-02-15 20:53:04', 14);
INSERT INTO looterbuddy.Follows (userID, followID, dateCreated, streamerID) VALUES (108, 998, '2024-01-27 13:03:24', 18);
INSERT INTO looterbuddy.Follows (userID, followID, dateCreated, streamerID) VALUES (111, 158, '2024-01-28 05:34:46', 51);
INSERT INTO looterbuddy.Follows (userID, followID, dateCreated, streamerID) VALUES (111, 279, '2023-10-04 02:37:08', 15);
INSERT INTO looterbuddy.Follows (userID, followID, dateCreated, streamerID) VALUES (111, 395, '2024-07-25 11:26:45', 6);
INSERT INTO looterbuddy.Follows (userID, followID, dateCreated, streamerID) VALUES (111, 558, '2024-07-23 22:47:34', 5);
INSERT INTO looterbuddy.Follows (userID, followID, dateCreated, streamerID) VALUES (111, 645, '2024-04-01 01:54:11', 32);
INSERT INTO looterbuddy.Follows (userID, followID, dateCreated, streamerID) VALUES (112, 231, '2024-05-13 04:41:13', 3);
INSERT INTO looterbuddy.Follows (userID, followID, dateCreated, streamerID) VALUES (112, 300, '2024-04-03 05:56:10', 58);
INSERT INTO looterbuddy.Follows (userID, followID, dateCreated, streamerID) VALUES (112, 336, '2023-12-22 07:37:22', 24);
INSERT INTO looterbuddy.Follows (userID, followID, dateCreated, streamerID) VALUES (112, 459, '2024-04-24 06:00:22', 31);
INSERT INTO looterbuddy.Follows (userID, followID, dateCreated, streamerID) VALUES (112, 798, '2024-03-20 04:50:10', 37);
INSERT INTO looterbuddy.Follows (userID, followID, dateCreated, streamerID) VALUES (112, 855, '2024-06-03 03:26:33', 8);
INSERT INTO looterbuddy.Follows (userID, followID, dateCreated, streamerID) VALUES (112, 876, '2024-07-15 20:21:19', 49);
INSERT INTO looterbuddy.Follows (userID, followID, dateCreated, streamerID) VALUES (113, 23, '2023-08-14 16:32:56', 9);
INSERT INTO looterbuddy.Follows (userID, followID, dateCreated, streamerID) VALUES (113, 92, '2023-09-30 08:48:19', 51);
INSERT INTO looterbuddy.Follows (userID, followID, dateCreated, streamerID) VALUES (113, 162, '2023-10-12 08:21:51', 30);
INSERT INTO looterbuddy.Follows (userID, followID, dateCreated, streamerID) VALUES (113, 217, '2023-09-18 19:34:57', 48);
INSERT INTO looterbuddy.Follows (userID, followID, dateCreated, streamerID) VALUES (113, 707, '2024-07-18 13:03:04', 1);
INSERT INTO looterbuddy.Follows (userID, followID, dateCreated, streamerID) VALUES (113, 802, '2023-12-08 15:28:13', 40);
INSERT INTO looterbuddy.Follows (userID, followID, dateCreated, streamerID) VALUES (113, 890, '2023-11-30 23:34:06', 54);
INSERT INTO looterbuddy.Follows (userID, followID, dateCreated, streamerID) VALUES (113, 913, '2023-10-08 02:20:51', 45);
INSERT INTO looterbuddy.Follows (userID, followID, dateCreated, streamerID) VALUES (114, 94, '2024-01-31 05:45:17', 33);
INSERT INTO looterbuddy.Follows (userID, followID, dateCreated, streamerID) VALUES (114, 157, '2023-12-08 04:13:08', 35);
INSERT INTO looterbuddy.Follows (userID, followID, dateCreated, streamerID) VALUES (114, 224, '2023-11-04 10:45:49', 55);
INSERT INTO looterbuddy.Follows (userID, followID, dateCreated, streamerID) VALUES (114, 311, '2023-09-18 21:36:06', 40);
INSERT INTO looterbuddy.Follows (userID, followID, dateCreated, streamerID) VALUES (114, 620, '2024-03-13 07:04:23', 38);
INSERT INTO looterbuddy.Follows (userID, followID, dateCreated, streamerID) VALUES (114, 884, '2024-07-13 01:34:37', 27);
INSERT INTO looterbuddy.Follows (userID, followID, dateCreated, streamerID) VALUES (116, 170, '2023-09-28 05:04:43', 43);
INSERT INTO looterbuddy.Follows (userID, followID, dateCreated, streamerID) VALUES (116, 222, '2024-04-24 04:26:51', 57);
INSERT INTO looterbuddy.Follows (userID, followID, dateCreated, streamerID) VALUES (116, 418, '2024-05-08 18:00:51', 13);
INSERT INTO looterbuddy.Follows (userID, followID, dateCreated, streamerID) VALUES (116, 644, '2023-12-18 22:54:27', 55);
INSERT INTO looterbuddy.Follows (userID, followID, dateCreated, streamerID) VALUES (116, 696, '2024-06-25 20:51:13', 36);
INSERT INTO looterbuddy.Follows (userID, followID, dateCreated, streamerID) VALUES (116, 749, '2024-06-01 01:39:29', 40);
INSERT INTO looterbuddy.Follows (userID, followID, dateCreated, streamerID) VALUES (116, 836, '2023-11-12 22:01:29', 29);
INSERT INTO looterbuddy.Follows (userID, followID, dateCreated, streamerID) VALUES (116, 894, '2024-04-08 01:27:52', 2);
INSERT INTO looterbuddy.Follows (userID, followID, dateCreated, streamerID) VALUES (117, 105, '2023-09-19 08:14:57', 19);
INSERT INTO looterbuddy.Follows (userID, followID, dateCreated, streamerID) VALUES (117, 218, '2023-09-28 01:02:04', 9);
INSERT INTO looterbuddy.Follows (userID, followID, dateCreated, streamerID) VALUES (117, 445, '2023-09-10 16:02:50', 17);
INSERT INTO looterbuddy.Follows (userID, followID, dateCreated, streamerID) VALUES (117, 569, '2023-10-12 15:07:49', 19);
INSERT INTO looterbuddy.Follows (userID, followID, dateCreated, streamerID) VALUES (117, 739, '2024-02-10 20:05:32', 3);
INSERT INTO looterbuddy.Follows (userID, followID, dateCreated, streamerID) VALUES (117, 750, '2023-09-14 13:08:27', 20);
INSERT INTO looterbuddy.Follows (userID, followID, dateCreated, streamerID) VALUES (117, 911, '2023-12-22 18:34:21', 3);
INSERT INTO looterbuddy.Follows (userID, followID, dateCreated, streamerID) VALUES (117, 932, '2024-05-12 02:27:42', 16);
INSERT INTO looterbuddy.Follows (userID, followID, dateCreated, streamerID) VALUES (118, 176, '2023-12-31 12:50:06', 36);
INSERT INTO looterbuddy.Follows (userID, followID, dateCreated, streamerID) VALUES (118, 241, '2024-02-23 10:18:45', 17);
INSERT INTO looterbuddy.Follows (userID, followID, dateCreated, streamerID) VALUES (118, 258, '2024-01-02 06:01:56', 48);
INSERT INTO looterbuddy.Follows (userID, followID, dateCreated, streamerID) VALUES (118, 632, '2024-06-29 06:04:52', 2);
INSERT INTO looterbuddy.Follows (userID, followID, dateCreated, streamerID) VALUES (118, 658, '2023-09-10 10:54:39', 25);
INSERT INTO looterbuddy.Follows (userID, followID, dateCreated, streamerID) VALUES (118, 787, '2024-03-18 07:07:18', 19);
INSERT INTO looterbuddy.Follows (userID, followID, dateCreated, streamerID) VALUES (118, 827, '2024-04-06 21:31:45', 45);
INSERT INTO looterbuddy.Follows (userID, followID, dateCreated, streamerID) VALUES (118, 907, '2023-09-12 00:24:53', 21);
INSERT INTO looterbuddy.Follows (userID, followID, dateCreated, streamerID) VALUES (118, 957, '2024-07-22 12:59:52', 17);
INSERT INTO looterbuddy.Follows (userID, followID, dateCreated, streamerID) VALUES (118, 986, '2023-10-12 01:25:52', 20);
INSERT INTO looterbuddy.Follows (userID, followID, dateCreated, streamerID) VALUES (119, 305, '2024-01-13 15:27:42', 44);
INSERT INTO looterbuddy.Follows (userID, followID, dateCreated, streamerID) VALUES (119, 390, '2023-11-27 01:46:17', 28);
INSERT INTO looterbuddy.Follows (userID, followID, dateCreated, streamerID) VALUES (119, 710, '2023-10-27 06:02:57', 39);
INSERT INTO looterbuddy.Follows (userID, followID, dateCreated, streamerID) VALUES (119, 856, '2023-11-28 00:03:59', 16);
INSERT INTO looterbuddy.Follows (userID, followID, dateCreated, streamerID) VALUES (119, 873, '2024-04-20 16:23:40', 16);
INSERT INTO looterbuddy.Follows (userID, followID, dateCreated, streamerID) VALUES (119, 956, '2023-12-24 19:06:50', 43);
INSERT INTO looterbuddy.Follows (userID, followID, dateCreated, streamerID) VALUES (120, 3, '2024-02-27 04:34:13', 33);
INSERT INTO looterbuddy.Follows (userID, followID, dateCreated, streamerID) VALUES (120, 116, '2024-04-05 19:39:08', 17);
INSERT INTO looterbuddy.Follows (userID, followID, dateCreated, streamerID) VALUES (120, 571, '2024-07-30 20:56:40', 21);
INSERT INTO looterbuddy.Follows (userID, followID, dateCreated, streamerID) VALUES (120, 738, '2023-11-12 21:38:59', 19);
INSERT INTO looterbuddy.Follows (userID, followID, dateCreated, streamerID) VALUES (120, 777, '2023-10-07 07:54:39', 49);
INSERT INTO looterbuddy.Follows (userID, followID, dateCreated, streamerID) VALUES (120, 824, '2023-09-19 19:14:50', 30);
INSERT INTO looterbuddy.Follows (userID, followID, dateCreated, streamerID) VALUES (120, 993, '2023-09-25 09:08:01', 28);
INSERT INTO looterbuddy.Follows (userID, followID, dateCreated, streamerID) VALUES (121, 22, '2023-10-18 17:35:16', 29);
INSERT INTO looterbuddy.Follows (userID, followID, dateCreated, streamerID) VALUES (121, 334, '2024-03-05 06:29:16', 60);
INSERT INTO looterbuddy.Follows (userID, followID, dateCreated, streamerID) VALUES (121, 393, '2023-10-17 11:09:57', 56);
INSERT INTO looterbuddy.Follows (userID, followID, dateCreated, streamerID) VALUES (121, 436, '2023-09-20 14:12:24', 54);
INSERT INTO looterbuddy.Follows (userID, followID, dateCreated, streamerID) VALUES (121, 594, '2023-12-12 17:24:47', 27);
INSERT INTO looterbuddy.Follows (userID, followID, dateCreated, streamerID) VALUES (121, 889, '2023-09-30 07:54:43', 29);
INSERT INTO looterbuddy.Follows (userID, followID, dateCreated, streamerID) VALUES (121, 902, '2024-03-03 05:12:54', 58);
INSERT INTO looterbuddy.Follows (userID, followID, dateCreated, streamerID) VALUES (121, 936, '2024-07-01 19:11:05', 34);
INSERT INTO looterbuddy.Follows (userID, followID, dateCreated, streamerID) VALUES (122, 19, '2024-06-10 21:55:27', 50);
INSERT INTO looterbuddy.Follows (userID, followID, dateCreated, streamerID) VALUES (122, 123, '2023-09-14 20:38:05', 43);
INSERT INTO looterbuddy.Follows (userID, followID, dateCreated, streamerID) VALUES (122, 195, '2024-04-21 07:11:07', 57);
INSERT INTO looterbuddy.Follows (userID, followID, dateCreated, streamerID) VALUES (122, 273, '2024-07-12 10:48:26', 49);
INSERT INTO looterbuddy.Follows (userID, followID, dateCreated, streamerID) VALUES (122, 413, '2023-12-12 17:03:19', 53);
INSERT INTO looterbuddy.Follows (userID, followID, dateCreated, streamerID) VALUES (122, 474, '2023-12-08 04:36:10', 19);
INSERT INTO looterbuddy.Follows (userID, followID, dateCreated, streamerID) VALUES (122, 575, '2024-04-03 00:05:09', 59);
INSERT INTO looterbuddy.Follows (userID, followID, dateCreated, streamerID) VALUES (122, 592, '2024-05-22 20:57:46', 20);
INSERT INTO looterbuddy.Follows (userID, followID, dateCreated, streamerID) VALUES (122, 647, '2024-03-27 10:17:54', 6);
INSERT INTO looterbuddy.Follows (userID, followID, dateCreated, streamerID) VALUES (122, 674, '2023-10-09 23:34:50', 16);
INSERT INTO looterbuddy.Follows (userID, followID, dateCreated, streamerID) VALUES (122, 731, '2024-03-30 01:58:12', 24);
INSERT INTO looterbuddy.Follows (userID, followID, dateCreated, streamerID) VALUES (126, 110, '2024-04-04 07:17:38', 61);
INSERT INTO looterbuddy.Follows (userID, followID, dateCreated, streamerID) VALUES (126, 182, '2023-10-28 11:42:04', 40);
INSERT INTO looterbuddy.Follows (userID, followID, dateCreated, streamerID) VALUES (126, 266, '2024-03-30 18:35:33', 33);
INSERT INTO looterbuddy.Follows (userID, followID, dateCreated, streamerID) VALUES (126, 365, '2024-04-11 19:56:38', 50);
INSERT INTO looterbuddy.Follows (userID, followID, dateCreated, streamerID) VALUES (126, 595, '2023-12-30 07:22:25', 25);
INSERT INTO looterbuddy.Follows (userID, followID, dateCreated, streamerID) VALUES (126, 714, '2023-12-29 00:24:22', 51);
INSERT INTO looterbuddy.Follows (userID, followID, dateCreated, streamerID) VALUES (126, 813, '2023-11-20 15:21:16', 37);
INSERT INTO looterbuddy.Follows (userID, followID, dateCreated, streamerID) VALUES (126, 861, '2024-07-17 19:29:30', 20);
INSERT INTO looterbuddy.Follows (userID, followID, dateCreated, streamerID) VALUES (126, 928, '2024-01-09 11:40:17', 42);
INSERT INTO looterbuddy.Follows (userID, followID, dateCreated, streamerID) VALUES (127, 12, '2024-05-02 17:48:41', 16);
INSERT INTO looterbuddy.Follows (userID, followID, dateCreated, streamerID) VALUES (127, 132, '2024-07-07 13:59:09', 46);
INSERT INTO looterbuddy.Follows (userID, followID, dateCreated, streamerID) VALUES (127, 267, '2024-03-20 01:08:58', 58);
INSERT INTO looterbuddy.Follows (userID, followID, dateCreated, streamerID) VALUES (127, 298, '2024-05-11 08:45:42', 9);
INSERT INTO looterbuddy.Follows (userID, followID, dateCreated, streamerID) VALUES (127, 486, '2024-05-06 04:29:31', 58);
INSERT INTO looterbuddy.Follows (userID, followID, dateCreated, streamerID) VALUES (127, 499, '2024-02-15 20:52:57', 17);
INSERT INTO looterbuddy.Follows (userID, followID, dateCreated, streamerID) VALUES (127, 652, '2023-11-17 13:13:09', 31);
INSERT INTO looterbuddy.Follows (userID, followID, dateCreated, streamerID) VALUES (127, 746, '2024-05-15 12:08:23', 47);
INSERT INTO looterbuddy.Follows (userID, followID, dateCreated, streamerID) VALUES (127, 916, '2024-04-11 13:46:27', 32);
INSERT INTO looterbuddy.Follows (userID, followID, dateCreated, streamerID) VALUES (127, 981, '2023-12-06 22:47:43', 57);
INSERT INTO looterbuddy.Follows (userID, followID, dateCreated, streamerID) VALUES (129, 38, '2024-02-01 04:10:12', 30);
INSERT INTO looterbuddy.Follows (userID, followID, dateCreated, streamerID) VALUES (129, 70, '2023-12-03 02:10:29', 6);
INSERT INTO looterbuddy.Follows (userID, followID, dateCreated, streamerID) VALUES (129, 264, '2023-10-15 13:42:20', 44);
INSERT INTO looterbuddy.Follows (userID, followID, dateCreated, streamerID) VALUES (129, 320, '2024-01-18 22:03:29', 30);
INSERT INTO looterbuddy.Follows (userID, followID, dateCreated, streamerID) VALUES (129, 366, '2023-12-14 13:34:22', 28);
INSERT INTO looterbuddy.Follows (userID, followID, dateCreated, streamerID) VALUES (129, 412, '2023-09-16 03:41:38', 28);
INSERT INTO looterbuddy.Follows (userID, followID, dateCreated, streamerID) VALUES (129, 640, '2024-06-27 20:49:55', 46);
INSERT INTO looterbuddy.Follows (userID, followID, dateCreated, streamerID) VALUES (129, 968, '2024-07-09 07:15:35', 32);
INSERT INTO looterbuddy.Follows (userID, followID, dateCreated, streamerID) VALUES (133, 259, '2024-04-27 17:50:16', 10);
INSERT INTO looterbuddy.Follows (userID, followID, dateCreated, streamerID) VALUES (133, 350, '2023-11-29 15:31:24', 14);
INSERT INTO looterbuddy.Follows (userID, followID, dateCreated, streamerID) VALUES (133, 573, '2024-01-16 23:20:15', 49);
INSERT INTO looterbuddy.Follows (userID, followID, dateCreated, streamerID) VALUES (133, 699, '2024-01-06 17:42:42', 26);
INSERT INTO looterbuddy.Follows (userID, followID, dateCreated, streamerID) VALUES (133, 806, '2024-02-27 20:43:56', 52);
INSERT INTO looterbuddy.Follows (userID, followID, dateCreated, streamerID) VALUES (133, 885, '2024-05-31 15:50:55', 7);
INSERT INTO looterbuddy.Follows (userID, followID, dateCreated, streamerID) VALUES (133, 929, '2024-01-08 08:30:11', 40);
INSERT INTO looterbuddy.Follows (userID, followID, dateCreated, streamerID) VALUES (133, 946, '2023-12-26 02:00:15', 10);
INSERT INTO looterbuddy.Follows (userID, followID, dateCreated, streamerID) VALUES (134, 36, '2023-10-05 18:41:47', 33);
INSERT INTO looterbuddy.Follows (userID, followID, dateCreated, streamerID) VALUES (134, 81, '2024-01-21 04:52:19', 24);
INSERT INTO looterbuddy.Follows (userID, followID, dateCreated, streamerID) VALUES (134, 234, '2023-11-11 03:23:39', 19);
INSERT INTO looterbuddy.Follows (userID, followID, dateCreated, streamerID) VALUES (134, 423, '2023-11-02 00:07:06', 3);
INSERT INTO looterbuddy.Follows (userID, followID, dateCreated, streamerID) VALUES (134, 483, '2024-01-06 07:19:52', 35);
INSERT INTO looterbuddy.Follows (userID, followID, dateCreated, streamerID) VALUES (134, 603, '2024-03-24 20:50:23', 37);
INSERT INTO looterbuddy.Follows (userID, followID, dateCreated, streamerID) VALUES (134, 666, '2024-01-24 12:48:34', 8);
INSERT INTO looterbuddy.Follows (userID, followID, dateCreated, streamerID) VALUES (134, 687, '2024-01-26 07:13:52', 34);
INSERT INTO looterbuddy.Follows (userID, followID, dateCreated, streamerID) VALUES (134, 721, '2023-12-13 18:18:30', 17);
INSERT INTO looterbuddy.Follows (userID, followID, dateCreated, streamerID) VALUES (134, 778, '2024-05-17 17:26:50', 4);
INSERT INTO looterbuddy.Follows (userID, followID, dateCreated, streamerID) VALUES (137, 183, '2023-08-29 07:14:12', 13);
INSERT INTO looterbuddy.Follows (userID, followID, dateCreated, streamerID) VALUES (137, 213, '2024-05-07 12:37:52', 27);
INSERT INTO looterbuddy.Follows (userID, followID, dateCreated, streamerID) VALUES (137, 289, '2024-01-16 19:18:28', 62);
INSERT INTO looterbuddy.Follows (userID, followID, dateCreated, streamerID) VALUES (137, 643, '2023-12-22 09:20:11', 40);
INSERT INTO looterbuddy.Follows (userID, followID, dateCreated, streamerID) VALUES (137, 722, '2024-03-11 01:46:43', 1);
INSERT INTO looterbuddy.Follows (userID, followID, dateCreated, streamerID) VALUES (137, 769, '2024-08-08 09:06:11', 38);
INSERT INTO looterbuddy.Follows (userID, followID, dateCreated, streamerID) VALUES (137, 915, '2024-04-06 16:59:37', 6);
INSERT INTO looterbuddy.Follows (userID, followID, dateCreated, streamerID) VALUES (137, 990, '2024-03-05 12:06:44', 10);
INSERT INTO looterbuddy.Follows (userID, followID, dateCreated, streamerID) VALUES (139, 67, '2024-04-19 05:17:59', 45);
INSERT INTO looterbuddy.Follows (userID, followID, dateCreated, streamerID) VALUES (139, 221, '2024-05-27 03:05:53', 15);
INSERT INTO looterbuddy.Follows (userID, followID, dateCreated, streamerID) VALUES (139, 331, '2023-10-18 22:02:15', 1);
INSERT INTO looterbuddy.Follows (userID, followID, dateCreated, streamerID) VALUES (139, 379, '2024-01-11 13:54:38', 53);
INSERT INTO looterbuddy.Follows (userID, followID, dateCreated, streamerID) VALUES (139, 602, '2024-01-12 21:55:55', 24);
INSERT INTO looterbuddy.Follows (userID, followID, dateCreated, streamerID) VALUES (139, 698, '2023-12-04 14:47:06', 14);
INSERT INTO looterbuddy.Follows (userID, followID, dateCreated, streamerID) VALUES (139, 735, '2023-08-22 12:00:20', 6);
INSERT INTO looterbuddy.Follows (userID, followID, dateCreated, streamerID) VALUES (139, 852, '2023-09-18 02:40:55', 26);
INSERT INTO looterbuddy.Follows (userID, followID, dateCreated, streamerID) VALUES (140, 9, '2024-02-23 11:11:32', 17);
INSERT INTO looterbuddy.Follows (userID, followID, dateCreated, streamerID) VALUES (140, 146, '2024-06-25 06:20:36', 5);
INSERT INTO looterbuddy.Follows (userID, followID, dateCreated, streamerID) VALUES (140, 347, '2024-06-18 20:13:41', 4);
INSERT INTO looterbuddy.Follows (userID, followID, dateCreated, streamerID) VALUES (140, 433, '2023-09-13 09:21:25', 23);
INSERT INTO looterbuddy.Follows (userID, followID, dateCreated, streamerID) VALUES (140, 503, '2023-10-17 06:32:46', 51);
INSERT INTO looterbuddy.Follows (userID, followID, dateCreated, streamerID) VALUES (140, 626, '2024-02-04 23:20:54', 25);
INSERT INTO looterbuddy.Follows (userID, followID, dateCreated, streamerID) VALUES (140, 665, '2024-07-22 03:38:25', 48);
INSERT INTO looterbuddy.Follows (userID, followID, dateCreated, streamerID) VALUES (140, 693, '2024-08-04 19:52:29', 49);
INSERT INTO looterbuddy.Follows (userID, followID, dateCreated, streamerID) VALUES (140, 937, '2023-09-26 17:41:28', 50);
INSERT INTO looterbuddy.Follows (userID, followID, dateCreated, streamerID) VALUES (141, 45, '2024-07-14 07:41:46', 43);
INSERT INTO looterbuddy.Follows (userID, followID, dateCreated, streamerID) VALUES (141, 495, '2023-09-02 18:50:55', 24);
INSERT INTO looterbuddy.Follows (userID, followID, dateCreated, streamerID) VALUES (141, 520, '2024-05-18 21:28:57', 20);
INSERT INTO looterbuddy.Follows (userID, followID, dateCreated, streamerID) VALUES (141, 623, '2024-08-12 19:05:30', 29);
INSERT INTO looterbuddy.Follows (userID, followID, dateCreated, streamerID) VALUES (141, 673, '2024-01-06 03:48:30', 45);
INSERT INTO looterbuddy.Follows (userID, followID, dateCreated, streamerID) VALUES (141, 816, '2023-10-10 23:31:08', 55);
INSERT INTO looterbuddy.Follows (userID, followID, dateCreated, streamerID) VALUES (143, 51, '2023-08-26 20:54:09', 23);
INSERT INTO looterbuddy.Follows (userID, followID, dateCreated, streamerID) VALUES (143, 169, '2023-09-10 19:15:48', 47);
INSERT INTO looterbuddy.Follows (userID, followID, dateCreated, streamerID) VALUES (143, 275, '2024-01-29 21:42:16', 52);
INSERT INTO looterbuddy.Follows (userID, followID, dateCreated, streamerID) VALUES (143, 631, '2023-10-05 14:41:50', 3);
INSERT INTO looterbuddy.Follows (userID, followID, dateCreated, streamerID) VALUES (143, 662, '2024-05-14 08:19:57', 3);
INSERT INTO looterbuddy.Follows (userID, followID, dateCreated, streamerID) VALUES (143, 961, '2023-08-13 18:14:35', 4);
INSERT INTO looterbuddy.Follows (userID, followID, dateCreated, streamerID) VALUES (145, 240, '2024-07-25 10:43:23', 44);
INSERT INTO looterbuddy.Follows (userID, followID, dateCreated, streamerID) VALUES (145, 330, '2024-01-17 08:43:21', 45);
INSERT INTO looterbuddy.Follows (userID, followID, dateCreated, streamerID) VALUES (145, 479, '2024-04-19 21:12:06', 47);
INSERT INTO looterbuddy.Follows (userID, followID, dateCreated, streamerID) VALUES (145, 712, '2024-04-15 04:24:33', 15);
INSERT INTO looterbuddy.Follows (userID, followID, dateCreated, streamerID) VALUES (145, 770, '2024-07-02 14:29:35', 17);
INSERT INTO looterbuddy.Follows (userID, followID, dateCreated, streamerID) VALUES (145, 807, '2024-01-24 16:33:31', 17);
INSERT INTO looterbuddy.Follows (userID, followID, dateCreated, streamerID) VALUES (145, 847, '2024-06-04 10:03:37', 12);
INSERT INTO looterbuddy.Follows (userID, followID, dateCreated, streamerID) VALUES (146, 68, '2023-10-04 09:30:41', 62);
INSERT INTO looterbuddy.Follows (userID, followID, dateCreated, streamerID) VALUES (146, 198, '2023-12-03 11:08:21', 18);
INSERT INTO looterbuddy.Follows (userID, followID, dateCreated, streamerID) VALUES (146, 346, '2024-03-05 03:51:29', 20);
INSERT INTO looterbuddy.Follows (userID, followID, dateCreated, streamerID) VALUES (146, 653, '2023-10-12 20:10:31', 34);
INSERT INTO looterbuddy.Follows (userID, followID, dateCreated, streamerID) VALUES (146, 745, '2023-12-17 23:21:54', 41);
INSERT INTO looterbuddy.Follows (userID, followID, dateCreated, streamerID) VALUES (146, 837, '2024-05-23 13:19:06', 14);
INSERT INTO looterbuddy.Follows (userID, followID, dateCreated, streamerID) VALUES (146, 880, '2023-12-14 05:12:07', 47);
INSERT INTO looterbuddy.Follows (userID, followID, dateCreated, streamerID) VALUES (147, 150, '2024-03-25 14:58:49', 23);
INSERT INTO looterbuddy.Follows (userID, followID, dateCreated, streamerID) VALUES (147, 277, '2024-06-23 00:33:32', 42);
INSERT INTO looterbuddy.Follows (userID, followID, dateCreated, streamerID) VALUES (147, 363, '2024-03-31 20:14:15', 62);
INSERT INTO looterbuddy.Follows (userID, followID, dateCreated, streamerID) VALUES (147, 605, '2024-07-03 12:44:14', 6);
INSERT INTO looterbuddy.Follows (userID, followID, dateCreated, streamerID) VALUES (147, 630, '2023-11-07 21:16:43', 41);
INSERT INTO looterbuddy.Follows (userID, followID, dateCreated, streamerID) VALUES (147, 702, '2024-05-05 16:23:30', 6);
INSERT INTO looterbuddy.Follows (userID, followID, dateCreated, streamerID) VALUES (147, 767, '2024-06-26 09:15:42', 62);
INSERT INTO looterbuddy.Follows (userID, followID, dateCreated, streamerID) VALUES (147, 867, '2024-05-24 18:21:04', 60);
INSERT INTO looterbuddy.Follows (userID, followID, dateCreated, streamerID) VALUES (149, 77, '2024-07-25 02:22:11', 7);
INSERT INTO looterbuddy.Follows (userID, followID, dateCreated, streamerID) VALUES (149, 242, '2024-01-16 23:12:57', 25);
INSERT INTO looterbuddy.Follows (userID, followID, dateCreated, streamerID) VALUES (149, 251, '2024-04-27 19:59:49', 59);
INSERT INTO looterbuddy.Follows (userID, followID, dateCreated, streamerID) VALUES (149, 337, '2024-02-14 13:58:35', 38);
INSERT INTO looterbuddy.Follows (userID, followID, dateCreated, streamerID) VALUES (149, 353, '2024-01-01 10:34:38', 11);
INSERT INTO looterbuddy.Follows (userID, followID, dateCreated, streamerID) VALUES (149, 374, '2024-01-22 07:39:46', 42);
INSERT INTO looterbuddy.Follows (userID, followID, dateCreated, streamerID) VALUES (149, 825, '2024-07-08 10:44:38', 27);
INSERT INTO looterbuddy.Follows (userID, followID, dateCreated, streamerID) VALUES (149, 862, '2024-01-06 19:31:19', 49);
INSERT INTO looterbuddy.Follows (userID, followID, dateCreated, streamerID) VALUES (149, 926, '2024-01-20 12:41:37', 41);
INSERT INTO looterbuddy.Follows (userID, followID, dateCreated, streamerID) VALUES (149, 989, '2023-11-21 23:04:51', 12);
INSERT INTO looterbuddy.Follows (userID, followID, dateCreated, streamerID) VALUES (150, 56, '2023-12-26 15:04:26', 49);
INSERT INTO looterbuddy.Follows (userID, followID, dateCreated, streamerID) VALUES (150, 202, '2024-04-14 14:42:56', 21);
INSERT INTO looterbuddy.Follows (userID, followID, dateCreated, streamerID) VALUES (150, 263, '2023-11-03 08:26:24', 37);
INSERT INTO looterbuddy.Follows (userID, followID, dateCreated, streamerID) VALUES (150, 501, '2024-01-23 22:05:10', 7);
INSERT INTO looterbuddy.Follows (userID, followID, dateCreated, streamerID) VALUES (150, 536, '2023-11-30 02:35:50', 18);
INSERT INTO looterbuddy.Follows (userID, followID, dateCreated, streamerID) VALUES (150, 618, '2023-12-07 23:44:23', 19);
INSERT INTO looterbuddy.Follows (userID, followID, dateCreated, streamerID) VALUES (150, 697, '2024-05-23 06:26:06', 35);
INSERT INTO looterbuddy.Follows (userID, followID, dateCreated, streamerID) VALUES (151, 27, '2024-01-31 15:59:21', 42);
INSERT INTO looterbuddy.Follows (userID, followID, dateCreated, streamerID) VALUES (151, 74, '2023-11-04 03:57:46', 9);
INSERT INTO looterbuddy.Follows (userID, followID, dateCreated, streamerID) VALUES (151, 243, '2024-07-21 07:23:10', 23);
INSERT INTO looterbuddy.Follows (userID, followID, dateCreated, streamerID) VALUES (151, 325, '2023-12-07 12:42:17', 14);
INSERT INTO looterbuddy.Follows (userID, followID, dateCreated, streamerID) VALUES (151, 349, '2024-02-15 10:02:58', 43);
INSERT INTO looterbuddy.Follows (userID, followID, dateCreated, streamerID) VALUES (151, 663, '2023-12-01 17:18:47', 55);
INSERT INTO looterbuddy.Follows (userID, followID, dateCreated, streamerID) VALUES (151, 694, '2024-01-14 22:02:52', 60);
INSERT INTO looterbuddy.Follows (userID, followID, dateCreated, streamerID) VALUES (151, 976, '2023-10-21 07:14:37', 13);
INSERT INTO looterbuddy.Follows (userID, followID, dateCreated, streamerID) VALUES (152, 138, '2024-04-08 01:13:06', 41);
INSERT INTO looterbuddy.Follows (userID, followID, dateCreated, streamerID) VALUES (152, 268, '2024-02-16 12:41:58', 2);
INSERT INTO looterbuddy.Follows (userID, followID, dateCreated, streamerID) VALUES (152, 316, '2023-09-02 15:06:13', 11);
INSERT INTO looterbuddy.Follows (userID, followID, dateCreated, streamerID) VALUES (152, 361, '2023-12-02 21:33:06', 38);
INSERT INTO looterbuddy.Follows (userID, followID, dateCreated, streamerID) VALUES (152, 539, '2024-07-05 01:17:45', 56);
INSERT INTO looterbuddy.Follows (userID, followID, dateCreated, streamerID) VALUES (152, 567, '2024-08-12 16:29:43', 48);
INSERT INTO looterbuddy.Follows (userID, followID, dateCreated, streamerID) VALUES (152, 682, '2024-03-01 00:51:58', 32);
INSERT INTO looterbuddy.Follows (userID, followID, dateCreated, streamerID) VALUES (152, 771, '2023-08-28 02:48:49', 13);
INSERT INTO looterbuddy.Follows (userID, followID, dateCreated, streamerID) VALUES (152, 794, '2023-10-13 02:47:30', 47);
INSERT INTO looterbuddy.Follows (userID, followID, dateCreated, streamerID) VALUES (152, 831, '2024-01-05 13:20:32', 24);
INSERT INTO looterbuddy.Follows (userID, followID, dateCreated, streamerID) VALUES (152, 895, '2024-01-03 02:54:30', 5);
INSERT INTO looterbuddy.Follows (userID, followID, dateCreated, streamerID) VALUES (152, 922, '2024-02-08 12:56:30', 59);
INSERT INTO looterbuddy.Follows (userID, followID, dateCreated, streamerID) VALUES (153, 53, '2024-04-01 07:56:22', 28);
INSERT INTO looterbuddy.Follows (userID, followID, dateCreated, streamerID) VALUES (153, 79, '2023-12-29 01:46:39', 15);
INSERT INTO looterbuddy.Follows (userID, followID, dateCreated, streamerID) VALUES (153, 180, '2023-08-16 08:50:56', 44);
INSERT INTO looterbuddy.Follows (userID, followID, dateCreated, streamerID) VALUES (153, 228, '2023-11-02 13:24:46', 4);
INSERT INTO looterbuddy.Follows (userID, followID, dateCreated, streamerID) VALUES (153, 322, '2023-10-11 01:43:28', 13);
INSERT INTO looterbuddy.Follows (userID, followID, dateCreated, streamerID) VALUES (153, 380, '2024-02-01 08:03:57', 38);
INSERT INTO looterbuddy.Follows (userID, followID, dateCreated, streamerID) VALUES (153, 487, '2023-09-04 17:52:16', 61);
INSERT INTO looterbuddy.Follows (userID, followID, dateCreated, streamerID) VALUES (153, 511, '2024-07-05 00:57:40', 39);
INSERT INTO looterbuddy.Follows (userID, followID, dateCreated, streamerID) VALUES (153, 577, '2024-05-24 02:20:40', 45);
INSERT INTO looterbuddy.Follows (userID, followID, dateCreated, streamerID) VALUES (153, 642, '2024-01-15 05:42:11', 13);
INSERT INTO looterbuddy.Follows (userID, followID, dateCreated, streamerID) VALUES (153, 727, '2024-04-17 04:23:01', 46);
INSERT INTO looterbuddy.Follows (userID, followID, dateCreated, streamerID) VALUES (153, 845, '2024-01-05 23:21:47', 38);
INSERT INTO looterbuddy.Follows (userID, followID, dateCreated, streamerID) VALUES (153, 960, '2024-04-13 08:53:42', 21);
INSERT INTO looterbuddy.Follows (userID, followID, dateCreated, streamerID) VALUES (154, 293, '2024-05-13 12:58:08', 4);
INSERT INTO looterbuddy.Follows (userID, followID, dateCreated, streamerID) VALUES (154, 428, '2024-07-19 14:53:56', 44);
INSERT INTO looterbuddy.Follows (userID, followID, dateCreated, streamerID) VALUES (154, 463, '2023-10-16 03:58:22', 49);
INSERT INTO looterbuddy.Follows (userID, followID, dateCreated, streamerID) VALUES (154, 833, '2024-07-11 17:22:18', 47);
INSERT INTO looterbuddy.Follows (userID, followID, dateCreated, streamerID) VALUES (156, 39, '2024-07-01 21:25:30', 1);
INSERT INTO looterbuddy.Follows (userID, followID, dateCreated, streamerID) VALUES (156, 109, '2024-06-27 20:10:17', 6);
INSERT INTO looterbuddy.Follows (userID, followID, dateCreated, streamerID) VALUES (156, 226, '2024-05-09 08:29:42', 24);
INSERT INTO looterbuddy.Follows (userID, followID, dateCreated, streamerID) VALUES (156, 278, '2023-09-25 17:27:09', 29);
INSERT INTO looterbuddy.Follows (userID, followID, dateCreated, streamerID) VALUES (156, 377, '2024-06-28 05:24:04', 62);
INSERT INTO looterbuddy.Follows (userID, followID, dateCreated, streamerID) VALUES (156, 432, '2024-06-14 22:18:08', 37);
INSERT INTO looterbuddy.Follows (userID, followID, dateCreated, streamerID) VALUES (156, 465, '2023-12-17 09:39:33', 57);
INSERT INTO looterbuddy.Follows (userID, followID, dateCreated, streamerID) VALUES (156, 551, '2024-03-03 06:24:12', 17);
INSERT INTO looterbuddy.Follows (userID, followID, dateCreated, streamerID) VALUES (156, 562, '2023-08-27 01:49:26', 56);
INSERT INTO looterbuddy.Follows (userID, followID, dateCreated, streamerID) VALUES (156, 624, '2023-09-08 05:08:46', 27);
INSERT INTO looterbuddy.Follows (userID, followID, dateCreated, streamerID) VALUES (157, 101, '2023-08-15 18:59:26', 41);
INSERT INTO looterbuddy.Follows (userID, followID, dateCreated, streamerID) VALUES (157, 215, '2024-03-07 23:54:55', 37);
INSERT INTO looterbuddy.Follows (userID, followID, dateCreated, streamerID) VALUES (157, 282, '2024-07-16 16:57:45', 51);
INSERT INTO looterbuddy.Follows (userID, followID, dateCreated, streamerID) VALUES (157, 512, '2024-07-06 11:42:51', 12);
INSERT INTO looterbuddy.Follows (userID, followID, dateCreated, streamerID) VALUES (157, 784, '2024-01-03 12:48:15', 3);
INSERT INTO looterbuddy.Follows (userID, followID, dateCreated, streamerID) VALUES (157, 870, '2024-03-12 03:40:53', 42);
INSERT INTO looterbuddy.Follows (userID, followID, dateCreated, streamerID) VALUES (157, 912, '2024-05-15 06:34:24', 29);
INSERT INTO looterbuddy.Follows (userID, followID, dateCreated, streamerID) VALUES (158, 153, '2023-09-22 02:03:46', 18);
INSERT INTO looterbuddy.Follows (userID, followID, dateCreated, streamerID) VALUES (158, 187, '2023-09-13 23:31:27', 9);
INSERT INTO looterbuddy.Follows (userID, followID, dateCreated, streamerID) VALUES (158, 239, '2023-09-24 02:13:26', 42);
INSERT INTO looterbuddy.Follows (userID, followID, dateCreated, streamerID) VALUES (158, 269, '2023-12-04 08:58:07', 21);
INSERT INTO looterbuddy.Follows (userID, followID, dateCreated, streamerID) VALUES (158, 310, '2024-02-18 09:36:41', 24);
INSERT INTO looterbuddy.Follows (userID, followID, dateCreated, streamerID) VALUES (158, 396, '2023-09-06 15:18:08', 4);
INSERT INTO looterbuddy.Follows (userID, followID, dateCreated, streamerID) VALUES (158, 478, '2024-03-30 03:19:30', 59);
INSERT INTO looterbuddy.Follows (userID, followID, dateCreated, streamerID) VALUES (158, 541, '2024-05-14 14:31:13', 11);
INSERT INTO looterbuddy.Follows (userID, followID, dateCreated, streamerID) VALUES (158, 819, '2024-08-07 02:02:38', 53);
INSERT INTO looterbuddy.Follows (userID, followID, dateCreated, streamerID) VALUES (158, 958, '2024-05-28 02:15:26', 15);
INSERT INTO looterbuddy.Follows (userID, followID, dateCreated, streamerID) VALUES (159, 113, '2024-07-20 12:30:04', 28);
INSERT INTO looterbuddy.Follows (userID, followID, dateCreated, streamerID) VALUES (159, 290, '2024-07-13 14:06:32', 43);
INSERT INTO looterbuddy.Follows (userID, followID, dateCreated, streamerID) VALUES (159, 317, '2024-04-03 10:06:18', 26);
INSERT INTO looterbuddy.Follows (userID, followID, dateCreated, streamerID) VALUES (159, 437, '2023-08-13 22:46:59', 51);
INSERT INTO looterbuddy.Follows (userID, followID, dateCreated, streamerID) VALUES (159, 496, '2023-10-01 22:59:19', 48);
INSERT INTO looterbuddy.Follows (userID, followID, dateCreated, streamerID) VALUES (159, 844, '2024-01-06 19:47:46', 27);
INSERT INTO looterbuddy.Follows (userID, followID, dateCreated, streamerID) VALUES (162, 106, '2024-07-03 20:48:21', 56);
INSERT INTO looterbuddy.Follows (userID, followID, dateCreated, streamerID) VALUES (162, 236, '2023-10-09 09:25:50', 53);
INSERT INTO looterbuddy.Follows (userID, followID, dateCreated, streamerID) VALUES (162, 600, '2024-02-13 01:18:34', 7);
INSERT INTO looterbuddy.Follows (userID, followID, dateCreated, streamerID) VALUES (162, 815, '2023-11-23 13:26:26', 50);
INSERT INTO looterbuddy.Follows (userID, followID, dateCreated, streamerID) VALUES (162, 966, '2023-11-18 11:02:45', 4);
INSERT INTO looterbuddy.Follows (userID, followID, dateCreated, streamerID) VALUES (163, 244, '2024-03-04 04:08:48', 2);
INSERT INTO looterbuddy.Follows (userID, followID, dateCreated, streamerID) VALUES (163, 597, '2024-03-07 07:39:13', 31);
INSERT INTO looterbuddy.Follows (userID, followID, dateCreated, streamerID) VALUES (163, 672, '2024-06-27 04:55:00', 60);
INSERT INTO looterbuddy.Follows (userID, followID, dateCreated, streamerID) VALUES (163, 883, '2024-06-02 05:35:27', 10);
INSERT INTO looterbuddy.Follows (userID, followID, dateCreated, streamerID) VALUES (163, 949, '2023-08-30 09:49:25', 57);
INSERT INTO looterbuddy.Follows (userID, followID, dateCreated, streamerID) VALUES (165, 17, '2024-04-25 08:43:25', 21);
INSERT INTO looterbuddy.Follows (userID, followID, dateCreated, streamerID) VALUES (165, 326, '2024-02-15 09:00:28', 55);
INSERT INTO looterbuddy.Follows (userID, followID, dateCreated, streamerID) VALUES (165, 372, '2023-10-14 22:42:40', 32);
INSERT INTO looterbuddy.Follows (userID, followID, dateCreated, streamerID) VALUES (165, 480, '2024-01-11 06:18:48', 8);
INSERT INTO looterbuddy.Follows (userID, followID, dateCreated, streamerID) VALUES (165, 505, '2024-04-02 23:33:48', 60);
INSERT INTO looterbuddy.Follows (userID, followID, dateCreated, streamerID) VALUES (165, 596, '2024-01-07 08:36:54', 10);
INSERT INTO looterbuddy.Follows (userID, followID, dateCreated, streamerID) VALUES (165, 667, '2024-06-14 22:30:01', 61);
INSERT INTO looterbuddy.Follows (userID, followID, dateCreated, streamerID) VALUES (165, 684, '2023-12-16 09:47:15', 55);
INSERT INTO looterbuddy.Follows (userID, followID, dateCreated, streamerID) VALUES (165, 776, '2023-12-02 07:29:09', 36);
INSERT INTO looterbuddy.Follows (userID, followID, dateCreated, streamerID) VALUES (165, 930, '2024-08-01 14:06:44', 57);
INSERT INTO looterbuddy.Follows (userID, followID, dateCreated, streamerID) VALUES (167, 30, '2023-09-06 03:24:16', 24);
INSERT INTO looterbuddy.Follows (userID, followID, dateCreated, streamerID) VALUES (167, 80, '2023-09-25 16:16:25', 29);
INSERT INTO looterbuddy.Follows (userID, followID, dateCreated, streamerID) VALUES (167, 392, '2024-06-03 22:24:48', 2);
INSERT INTO looterbuddy.Follows (userID, followID, dateCreated, streamerID) VALUES (167, 635, '2023-11-26 13:56:28', 34);
INSERT INTO looterbuddy.Follows (userID, followID, dateCreated, streamerID) VALUES (167, 717, '2023-09-19 09:37:49', 7);
INSERT INTO looterbuddy.Follows (userID, followID, dateCreated, streamerID) VALUES (167, 812, '2023-12-03 00:15:04', 35);
INSERT INTO looterbuddy.Follows (userID, followID, dateCreated, streamerID) VALUES (167, 851, '2024-04-02 11:27:25', 14);
INSERT INTO looterbuddy.Follows (userID, followID, dateCreated, streamerID) VALUES (167, 901, '2023-09-08 05:40:31', 10);
INSERT INTO looterbuddy.Follows (userID, followID, dateCreated, streamerID) VALUES (173, 287, '2024-01-19 18:04:13', 26);
INSERT INTO looterbuddy.Follows (userID, followID, dateCreated, streamerID) VALUES (173, 394, '2024-03-30 13:49:03', 24);
INSERT INTO looterbuddy.Follows (userID, followID, dateCreated, streamerID) VALUES (173, 464, '2024-02-29 14:45:49', 23);
INSERT INTO looterbuddy.Follows (userID, followID, dateCreated, streamerID) VALUES (173, 593, '2024-08-02 21:02:02', 56);
INSERT INTO looterbuddy.Follows (userID, followID, dateCreated, streamerID) VALUES (173, 708, '2023-10-01 12:25:27', 12);
INSERT INTO looterbuddy.Follows (userID, followID, dateCreated, streamerID) VALUES (173, 933, '2024-07-31 13:06:38', 41);
INSERT INTO looterbuddy.Follows (userID, followID, dateCreated, streamerID) VALUES (174, 28, '2024-08-08 18:59:52', 26);
INSERT INTO looterbuddy.Follows (userID, followID, dateCreated, streamerID) VALUES (174, 211, '2023-10-24 07:08:58', 46);
INSERT INTO looterbuddy.Follows (userID, followID, dateCreated, streamerID) VALUES (174, 233, '2023-12-27 17:29:12', 26);
INSERT INTO looterbuddy.Follows (userID, followID, dateCreated, streamerID) VALUES (174, 497, '2024-04-03 08:09:09', 29);
INSERT INTO looterbuddy.Follows (userID, followID, dateCreated, streamerID) VALUES (174, 528, '2024-05-15 06:11:26', 15);
INSERT INTO looterbuddy.Follows (userID, followID, dateCreated, streamerID) VALUES (174, 614, '2024-01-20 02:56:01', 16);
INSERT INTO looterbuddy.Follows (userID, followID, dateCreated, streamerID) VALUES (174, 923, '2023-11-09 19:55:34', 15);
INSERT INTO looterbuddy.Follows (userID, followID, dateCreated, streamerID) VALUES (174, 973, '2023-10-07 10:45:11', 48);
INSERT INTO looterbuddy.Follows (userID, followID, dateCreated, streamerID) VALUES (175, 343, '2023-11-22 09:21:36', 51);
INSERT INTO looterbuddy.Follows (userID, followID, dateCreated, streamerID) VALUES (175, 421, '2024-05-11 15:16:00', 45);
INSERT INTO looterbuddy.Follows (userID, followID, dateCreated, streamerID) VALUES (175, 449, '2023-11-23 12:07:11', 1);
INSERT INTO looterbuddy.Follows (userID, followID, dateCreated, streamerID) VALUES (175, 830, '2023-11-16 07:14:16', 41);
INSERT INTO looterbuddy.Follows (userID, followID, dateCreated, streamerID) VALUES (175, 887, '2024-06-17 13:35:53', 56);
INSERT INTO looterbuddy.Follows (userID, followID, dateCreated, streamerID) VALUES (176, 63, '2024-08-07 03:44:07', 30);
INSERT INTO looterbuddy.Follows (userID, followID, dateCreated, streamerID) VALUES (176, 135, '2024-03-30 05:56:01', 11);
INSERT INTO looterbuddy.Follows (userID, followID, dateCreated, streamerID) VALUES (176, 430, '2024-07-29 12:43:21', 35);
INSERT INTO looterbuddy.Follows (userID, followID, dateCreated, streamerID) VALUES (176, 435, '2024-03-04 01:07:54', 19);
INSERT INTO looterbuddy.Follows (userID, followID, dateCreated, streamerID) VALUES (176, 531, '2023-12-17 05:00:11', 3);
INSERT INTO looterbuddy.Follows (userID, followID, dateCreated, streamerID) VALUES (176, 725, '2023-10-15 15:19:21', 28);
INSERT INTO looterbuddy.Follows (userID, followID, dateCreated, streamerID) VALUES (176, 756, '2024-02-03 21:44:29', 16);
INSERT INTO looterbuddy.Follows (userID, followID, dateCreated, streamerID) VALUES (176, 892, '2023-12-09 02:38:58', 59);
INSERT INTO looterbuddy.Follows (userID, followID, dateCreated, streamerID) VALUES (176, 980, '2024-04-28 07:07:59', 3);
INSERT INTO looterbuddy.Follows (userID, followID, dateCreated, streamerID) VALUES (177, 2, '2024-02-09 10:28:48', 6);
INSERT INTO looterbuddy.Follows (userID, followID, dateCreated, streamerID) VALUES (177, 104, '2024-01-08 14:20:02', 27);
INSERT INTO looterbuddy.Follows (userID, followID, dateCreated, streamerID) VALUES (177, 159, '2024-03-07 08:49:23', 6);
INSERT INTO looterbuddy.Follows (userID, followID, dateCreated, streamerID) VALUES (177, 309, '2023-09-29 10:33:10', 28);
INSERT INTO looterbuddy.Follows (userID, followID, dateCreated, streamerID) VALUES (177, 358, '2024-02-27 10:32:22', 60);
INSERT INTO looterbuddy.Follows (userID, followID, dateCreated, streamerID) VALUES (177, 461, '2024-03-30 16:18:47', 34);
INSERT INTO looterbuddy.Follows (userID, followID, dateCreated, streamerID) VALUES (177, 545, '2024-06-17 02:58:22', 44);
INSERT INTO looterbuddy.Follows (userID, followID, dateCreated, streamerID) VALUES (177, 615, '2024-02-11 04:23:01', 61);
INSERT INTO looterbuddy.Follows (userID, followID, dateCreated, streamerID) VALUES (177, 651, '2023-10-08 04:23:05', 30);
INSERT INTO looterbuddy.Follows (userID, followID, dateCreated, streamerID) VALUES (177, 657, '2024-05-27 02:22:28', 38);
INSERT INTO looterbuddy.Follows (userID, followID, dateCreated, streamerID) VALUES (177, 729, '2024-02-14 00:46:56', 56);
INSERT INTO looterbuddy.Follows (userID, followID, dateCreated, streamerID) VALUES (177, 874, '2024-03-27 09:59:37', 21);
INSERT INTO looterbuddy.Follows (userID, followID, dateCreated, streamerID) VALUES (177, 948, '2024-04-26 06:17:42', 61);
INSERT INTO looterbuddy.Follows (userID, followID, dateCreated, streamerID) VALUES (178, 129, '2024-04-27 01:46:30', 56);
INSERT INTO looterbuddy.Follows (userID, followID, dateCreated, streamerID) VALUES (178, 235, '2024-01-22 17:17:54', 1);
INSERT INTO looterbuddy.Follows (userID, followID, dateCreated, streamerID) VALUES (178, 398, '2024-02-29 19:55:44', 30);
INSERT INTO looterbuddy.Follows (userID, followID, dateCreated, streamerID) VALUES (178, 634, '2023-08-19 10:01:02', 59);
INSERT INTO looterbuddy.Follows (userID, followID, dateCreated, streamerID) VALUES (178, 686, '2023-09-03 21:43:21', 54);
INSERT INTO looterbuddy.Follows (userID, followID, dateCreated, streamerID) VALUES (178, 839, '2023-11-18 05:32:29', 43);
INSERT INTO looterbuddy.Follows (userID, followID, dateCreated, streamerID) VALUES (178, 879, '2024-08-02 19:13:25', 57);
INSERT INTO looterbuddy.Follows (userID, followID, dateCreated, streamerID) VALUES (179, 25, '2023-12-06 01:39:35', 2);
INSERT INTO looterbuddy.Follows (userID, followID, dateCreated, streamerID) VALUES (179, 257, '2024-07-24 00:44:22', 46);
INSERT INTO looterbuddy.Follows (userID, followID, dateCreated, streamerID) VALUES (179, 370, '2023-11-11 03:29:25', 13);
INSERT INTO looterbuddy.Follows (userID, followID, dateCreated, streamerID) VALUES (179, 466, '2024-06-10 01:20:30', 12);
INSERT INTO looterbuddy.Follows (userID, followID, dateCreated, streamerID) VALUES (179, 532, '2024-02-18 07:39:02', 7);
INSERT INTO looterbuddy.Follows (userID, followID, dateCreated, streamerID) VALUES (179, 700, '2024-05-20 19:48:02', 61);
INSERT INTO looterbuddy.Follows (userID, followID, dateCreated, streamerID) VALUES (179, 866, '2024-05-14 23:58:30', 4);
INSERT INTO looterbuddy.Follows (userID, followID, dateCreated, streamerID) VALUES (179, 871, '2023-08-18 20:22:40', 45);
INSERT INTO looterbuddy.Follows (userID, followID, dateCreated, streamerID) VALUES (179, 950, '2024-02-18 17:21:02', 36);
INSERT INTO looterbuddy.Follows (userID, followID, dateCreated, streamerID) VALUES (182, 154, '2024-04-13 19:15:53', 53);
INSERT INTO looterbuddy.Follows (userID, followID, dateCreated, streamerID) VALUES (182, 160, '2024-03-20 13:32:42', 31);
INSERT INTO looterbuddy.Follows (userID, followID, dateCreated, streamerID) VALUES (182, 207, '2024-04-18 19:58:30', 20);
INSERT INTO looterbuddy.Follows (userID, followID, dateCreated, streamerID) VALUES (182, 260, '2024-07-06 05:08:33', 34);
INSERT INTO looterbuddy.Follows (userID, followID, dateCreated, streamerID) VALUES (182, 319, '2024-07-25 09:09:04', 4);
INSERT INTO looterbuddy.Follows (userID, followID, dateCreated, streamerID) VALUES (182, 355, '2024-06-09 13:36:22', 29);
INSERT INTO looterbuddy.Follows (userID, followID, dateCreated, streamerID) VALUES (182, 373, '2023-09-17 21:28:57', 40);
INSERT INTO looterbuddy.Follows (userID, followID, dateCreated, streamerID) VALUES (182, 420, '2024-07-25 21:19:51', 18);
INSERT INTO looterbuddy.Follows (userID, followID, dateCreated, streamerID) VALUES (182, 440, '2023-09-01 23:06:07', 12);
INSERT INTO looterbuddy.Follows (userID, followID, dateCreated, streamerID) VALUES (182, 502, '2024-07-13 04:14:30', 23);
INSERT INTO looterbuddy.Follows (userID, followID, dateCreated, streamerID) VALUES (182, 557, '2024-06-24 06:19:00', 36);
INSERT INTO looterbuddy.Follows (userID, followID, dateCreated, streamerID) VALUES (182, 599, '2024-05-30 05:25:59', 3);
INSERT INTO looterbuddy.Follows (userID, followID, dateCreated, streamerID) VALUES (182, 709, '2023-08-19 03:31:12', 51);
INSERT INTO looterbuddy.Follows (userID, followID, dateCreated, streamerID) VALUES (182, 829, '2024-08-01 10:34:44', 23);
INSERT INTO looterbuddy.Follows (userID, followID, dateCreated, streamerID) VALUES (182, 987, '2023-11-25 23:25:33', 27);
INSERT INTO looterbuddy.Follows (userID, followID, dateCreated, streamerID) VALUES (183, 60, '2023-09-11 03:49:19', 29);
INSERT INTO looterbuddy.Follows (userID, followID, dateCreated, streamerID) VALUES (183, 136, '2023-12-25 05:01:17', 47);
INSERT INTO looterbuddy.Follows (userID, followID, dateCreated, streamerID) VALUES (183, 419, '2024-05-12 10:18:11', 61);
INSERT INTO looterbuddy.Follows (userID, followID, dateCreated, streamerID) VALUES (183, 583, '2024-07-01 04:54:27', 32);
INSERT INTO looterbuddy.Follows (userID, followID, dateCreated, streamerID) VALUES (183, 899, '2024-02-07 02:51:29', 6);
INSERT INTO looterbuddy.Follows (userID, followID, dateCreated, streamerID) VALUES (185, 54, '2023-11-13 17:12:44', 58);
INSERT INTO looterbuddy.Follows (userID, followID, dateCreated, streamerID) VALUES (185, 210, '2023-08-27 09:30:19', 50);
INSERT INTO looterbuddy.Follows (userID, followID, dateCreated, streamerID) VALUES (185, 340, '2024-03-12 05:00:19', 23);
INSERT INTO looterbuddy.Follows (userID, followID, dateCreated, streamerID) VALUES (185, 354, '2023-08-29 20:44:49', 49);
INSERT INTO looterbuddy.Follows (userID, followID, dateCreated, streamerID) VALUES (185, 378, '2023-08-13 09:16:57', 11);
INSERT INTO looterbuddy.Follows (userID, followID, dateCreated, streamerID) VALUES (185, 555, '2023-11-13 00:28:02', 58);
INSERT INTO looterbuddy.Follows (userID, followID, dateCreated, streamerID) VALUES (185, 565, '2024-04-12 12:27:09', 11);
INSERT INTO looterbuddy.Follows (userID, followID, dateCreated, streamerID) VALUES (185, 676, '2024-02-27 06:45:01', 58);
INSERT INTO looterbuddy.Follows (userID, followID, dateCreated, streamerID) VALUES (185, 754, '2023-10-01 04:01:03', 61);
INSERT INTO looterbuddy.Follows (userID, followID, dateCreated, streamerID) VALUES (187, 124, '2024-01-16 23:32:45', 57);
INSERT INTO looterbuddy.Follows (userID, followID, dateCreated, streamerID) VALUES (187, 250, '2024-06-07 16:27:12', 19);
INSERT INTO looterbuddy.Follows (userID, followID, dateCreated, streamerID) VALUES (187, 318, '2024-04-24 16:16:24', 34);
INSERT INTO looterbuddy.Follows (userID, followID, dateCreated, streamerID) VALUES (187, 543, '2024-06-15 23:11:07', 55);
INSERT INTO looterbuddy.Follows (userID, followID, dateCreated, streamerID) VALUES (187, 579, '2023-12-19 18:19:16', 6);
INSERT INTO looterbuddy.Follows (userID, followID, dateCreated, streamerID) VALUES (187, 625, '2023-08-31 01:40:27', 54);
INSERT INTO looterbuddy.Follows (userID, followID, dateCreated, streamerID) VALUES (187, 865, '2023-12-25 14:13:53', 42);
INSERT INTO looterbuddy.Follows (userID, followID, dateCreated, streamerID) VALUES (187, 918, '2023-08-21 23:07:58', 55);
INSERT INTO looterbuddy.Follows (userID, followID, dateCreated, streamerID) VALUES (188, 24, '2024-08-11 03:19:31', 55);
INSERT INTO looterbuddy.Follows (userID, followID, dateCreated, streamerID) VALUES (188, 143, '2023-11-23 04:03:37', 21);
INSERT INTO looterbuddy.Follows (userID, followID, dateCreated, streamerID) VALUES (188, 223, '2024-02-01 10:58:20', 62);
INSERT INTO looterbuddy.Follows (userID, followID, dateCreated, streamerID) VALUES (188, 255, '2023-08-25 00:35:01', 39);
INSERT INTO looterbuddy.Follows (userID, followID, dateCreated, streamerID) VALUES (188, 574, '2024-06-08 19:00:11', 26);
INSERT INTO looterbuddy.Follows (userID, followID, dateCreated, streamerID) VALUES (189, 59, '2023-12-02 03:20:52', 41);
INSERT INTO looterbuddy.Follows (userID, followID, dateCreated, streamerID) VALUES (189, 386, '2024-08-08 11:56:29', 21);
INSERT INTO looterbuddy.Follows (userID, followID, dateCreated, streamerID) VALUES (189, 476, '2023-10-09 14:16:11', 6);
INSERT INTO looterbuddy.Follows (userID, followID, dateCreated, streamerID) VALUES (189, 638, '2024-05-05 13:56:46', 22);
INSERT INTO looterbuddy.Follows (userID, followID, dateCreated, streamerID) VALUES (189, 655, '2024-01-27 18:17:22', 19);
INSERT INTO looterbuddy.Follows (userID, followID, dateCreated, streamerID) VALUES (189, 952, '2023-10-20 12:42:02', 44);
INSERT INTO looterbuddy.Follows (userID, followID, dateCreated, streamerID) VALUES (189, 994, '2024-02-16 23:29:33', 61);
INSERT INTO looterbuddy.Follows (userID, followID, dateCreated, streamerID) VALUES (190, 33, '2023-12-28 02:19:41', 19);
INSERT INTO looterbuddy.Follows (userID, followID, dateCreated, streamerID) VALUES (190, 91, '2023-11-02 18:43:57', 5);
INSERT INTO looterbuddy.Follows (userID, followID, dateCreated, streamerID) VALUES (190, 111, '2023-12-16 11:27:31', 12);
INSERT INTO looterbuddy.Follows (userID, followID, dateCreated, streamerID) VALUES (190, 194, '2024-03-20 06:18:18', 7);
INSERT INTO looterbuddy.Follows (userID, followID, dateCreated, streamerID) VALUES (190, 345, '2024-04-02 06:27:31', 59);
INSERT INTO looterbuddy.Follows (userID, followID, dateCreated, streamerID) VALUES (190, 411, '2024-07-13 17:45:21', 54);
INSERT INTO looterbuddy.Follows (userID, followID, dateCreated, streamerID) VALUES (190, 442, '2024-03-21 16:40:31', 30);
INSERT INTO looterbuddy.Follows (userID, followID, dateCreated, streamerID) VALUES (190, 679, '2023-08-23 06:39:36', 33);
INSERT INTO looterbuddy.Follows (userID, followID, dateCreated, streamerID) VALUES (190, 768, '2023-10-01 00:27:07', 33);
INSERT INTO looterbuddy.Follows (userID, followID, dateCreated, streamerID) VALUES (191, 21, '2024-02-14 02:27:07', 40);
INSERT INTO looterbuddy.Follows (userID, followID, dateCreated, streamerID) VALUES (191, 118, '2024-03-25 20:22:33', 21);
INSERT INTO looterbuddy.Follows (userID, followID, dateCreated, streamerID) VALUES (191, 200, '2024-05-07 20:47:08', 60);
INSERT INTO looterbuddy.Follows (userID, followID, dateCreated, streamerID) VALUES (191, 524, '2024-03-23 12:43:14', 53);
INSERT INTO looterbuddy.Follows (userID, followID, dateCreated, streamerID) VALUES (192, 7, '2024-06-18 02:56:30', 61);
INSERT INTO looterbuddy.Follows (userID, followID, dateCreated, streamerID) VALUES (192, 166, '2024-03-11 11:23:52', 32);
INSERT INTO looterbuddy.Follows (userID, followID, dateCreated, streamerID) VALUES (192, 292, '2024-07-03 22:59:44', 23);
INSERT INTO looterbuddy.Follows (userID, followID, dateCreated, streamerID) VALUES (192, 351, '2024-01-13 06:31:17', 23);
INSERT INTO looterbuddy.Follows (userID, followID, dateCreated, streamerID) VALUES (192, 383, '2024-06-26 08:40:43', 5);
INSERT INTO looterbuddy.Follows (userID, followID, dateCreated, streamerID) VALUES (192, 431, '2023-09-22 21:16:56', 26);
INSERT INTO looterbuddy.Follows (userID, followID, dateCreated, streamerID) VALUES (192, 454, '2024-05-07 22:57:53', 29);
INSERT INTO looterbuddy.Follows (userID, followID, dateCreated, streamerID) VALUES (192, 641, '2024-04-14 06:30:32', 8);
INSERT INTO looterbuddy.Follows (userID, followID, dateCreated, streamerID) VALUES (192, 781, '2024-04-20 22:38:32', 7);
INSERT INTO looterbuddy.Follows (userID, followID, dateCreated, streamerID) VALUES (192, 1000, '2024-01-05 07:21:25', 11);
INSERT INTO looterbuddy.Follows (userID, followID, dateCreated, streamerID) VALUES (193, 16, '2023-11-07 02:24:40', 43);
INSERT INTO looterbuddy.Follows (userID, followID, dateCreated, streamerID) VALUES (193, 115, '2024-03-28 07:11:39', 29);
INSERT INTO looterbuddy.Follows (userID, followID, dateCreated, streamerID) VALUES (193, 179, '2024-03-01 07:10:39', 1);
INSERT INTO looterbuddy.Follows (userID, followID, dateCreated, streamerID) VALUES (193, 381, '2024-06-27 02:56:45', 41);
INSERT INTO looterbuddy.Follows (userID, followID, dateCreated, streamerID) VALUES (193, 422, '2024-05-02 09:26:44', 55);
INSERT INTO looterbuddy.Follows (userID, followID, dateCreated, streamerID) VALUES (193, 491, '2023-10-07 15:00:48', 50);
INSERT INTO looterbuddy.Follows (userID, followID, dateCreated, streamerID) VALUES (193, 547, '2024-03-29 23:42:48', 38);
INSERT INTO looterbuddy.Follows (userID, followID, dateCreated, streamerID) VALUES (193, 616, '2024-02-10 00:16:12', 33);
INSERT INTO looterbuddy.Follows (userID, followID, dateCreated, streamerID) VALUES (193, 788, '2024-02-24 10:35:17', 41);
INSERT INTO looterbuddy.Follows (userID, followID, dateCreated, streamerID) VALUES (193, 997, '2024-07-28 06:07:33', 7);
INSERT INTO looterbuddy.Follows (userID, followID, dateCreated, streamerID) VALUES (194, 29, '2024-02-24 18:54:21', 30);
INSERT INTO looterbuddy.Follows (userID, followID, dateCreated, streamerID) VALUES (194, 35, '2024-04-18 14:59:56', 3);
INSERT INTO looterbuddy.Follows (userID, followID, dateCreated, streamerID) VALUES (194, 205, '2023-12-22 14:26:53', 17);
INSERT INTO looterbuddy.Follows (userID, followID, dateCreated, streamerID) VALUES (194, 253, '2024-04-26 02:28:19', 31);
INSERT INTO looterbuddy.Follows (userID, followID, dateCreated, streamerID) VALUES (194, 323, '2024-06-22 06:50:51', 44);
INSERT INTO looterbuddy.Follows (userID, followID, dateCreated, streamerID) VALUES (194, 564, '2024-06-29 06:33:15', 2);
INSERT INTO looterbuddy.Follows (userID, followID, dateCreated, streamerID) VALUES (194, 737, '2024-07-11 07:59:42', 8);
INSERT INTO looterbuddy.Follows (userID, followID, dateCreated, streamerID) VALUES (194, 763, '2024-07-16 18:40:02', 15);
INSERT INTO looterbuddy.Follows (userID, followID, dateCreated, streamerID) VALUES (194, 941, '2024-04-06 19:28:56', 29);
INSERT INTO looterbuddy.Follows (userID, followID, dateCreated, streamerID) VALUES (195, 13, '2024-02-13 20:08:13', 41);
INSERT INTO looterbuddy.Follows (userID, followID, dateCreated, streamerID) VALUES (195, 82, '2023-08-22 09:47:23', 8);
INSERT INTO looterbuddy.Follows (userID, followID, dateCreated, streamerID) VALUES (195, 249, '2024-01-02 05:08:31', 8);
INSERT INTO looterbuddy.Follows (userID, followID, dateCreated, streamerID) VALUES (195, 504, '2024-05-16 22:02:08', 19);
INSERT INTO looterbuddy.Follows (userID, followID, dateCreated, streamerID) VALUES (195, 563, '2023-08-28 03:04:18', 17);
INSERT INTO looterbuddy.Follows (userID, followID, dateCreated, streamerID) VALUES (195, 742, '2024-04-29 19:57:29', 48);
INSERT INTO looterbuddy.Follows (userID, followID, dateCreated, streamerID) VALUES (196, 37, '2023-08-19 12:34:42', 32);
INSERT INTO looterbuddy.Follows (userID, followID, dateCreated, streamerID) VALUES (196, 114, '2024-03-30 16:18:21', 39);
INSERT INTO looterbuddy.Follows (userID, followID, dateCreated, streamerID) VALUES (196, 186, '2023-10-11 11:05:40', 42);
INSERT INTO looterbuddy.Follows (userID, followID, dateCreated, streamerID) VALUES (196, 225, '2024-06-28 04:43:04', 43);
INSERT INTO looterbuddy.Follows (userID, followID, dateCreated, streamerID) VALUES (196, 741, '2023-11-16 03:55:42', 37);
INSERT INTO looterbuddy.Follows (userID, followID, dateCreated, streamerID) VALUES (196, 759, '2024-07-25 15:24:06', 25);
INSERT INTO looterbuddy.Follows (userID, followID, dateCreated, streamerID) VALUES (196, 793, '2024-04-01 16:28:55', 39);
INSERT INTO looterbuddy.Follows (userID, followID, dateCreated, streamerID) VALUES (196, 909, '2023-09-04 23:07:19', 8);
INSERT INTO looterbuddy.Follows (userID, followID, dateCreated, streamerID) VALUES (196, 931, '2024-01-07 11:10:06', 23);
INSERT INTO looterbuddy.Follows (userID, followID, dateCreated, streamerID) VALUES (196, 992, '2024-07-13 08:00:56', 9);
INSERT INTO looterbuddy.Follows (userID, followID, dateCreated, streamerID) VALUES (197, 4, '2024-08-10 17:35:25', 25);
INSERT INTO looterbuddy.Follows (userID, followID, dateCreated, streamerID) VALUES (197, 327, '2024-08-09 03:17:47', 12);
INSERT INTO looterbuddy.Follows (userID, followID, dateCreated, streamerID) VALUES (197, 450, '2024-02-25 11:06:54', 13);
INSERT INTO looterbuddy.Follows (userID, followID, dateCreated, streamerID) VALUES (197, 534, '2023-12-03 17:40:08', 43);
INSERT INTO looterbuddy.Follows (userID, followID, dateCreated, streamerID) VALUES (197, 660, '2024-04-03 23:33:07', 15);
INSERT INTO looterbuddy.Follows (userID, followID, dateCreated, streamerID) VALUES (197, 760, '2024-05-12 22:29:52', 4);
INSERT INTO looterbuddy.Follows (userID, followID, dateCreated, streamerID) VALUES (197, 799, '2023-08-22 23:49:41', 46);
INSERT INTO looterbuddy.Follows (userID, followID, dateCreated, streamerID) VALUES (200, 44, '2024-01-16 00:20:15', 25);
INSERT INTO looterbuddy.Follows (userID, followID, dateCreated, streamerID) VALUES (200, 107, '2023-12-31 21:55:31', 3);
INSERT INTO looterbuddy.Follows (userID, followID, dateCreated, streamerID) VALUES (200, 139, '2024-06-23 14:09:53', 6);
INSERT INTO looterbuddy.Follows (userID, followID, dateCreated, streamerID) VALUES (200, 163, '2024-04-27 08:11:04', 53);
INSERT INTO looterbuddy.Follows (userID, followID, dateCreated, streamerID) VALUES (200, 191, '2024-06-26 09:50:08', 15);
INSERT INTO looterbuddy.Follows (userID, followID, dateCreated, streamerID) VALUES (200, 283, '2024-05-15 20:33:24', 35);
INSERT INTO looterbuddy.Follows (userID, followID, dateCreated, streamerID) VALUES (200, 556, '2024-03-28 17:50:47', 48);
INSERT INTO looterbuddy.Follows (userID, followID, dateCreated, streamerID) VALUES (200, 762, '2023-12-25 00:27:40', 46);
INSERT INTO looterbuddy.Follows (userID, followID, dateCreated, streamerID) VALUES (200, 891, '2024-08-12 20:47:24', 18);
INSERT INTO looterbuddy.Follows (userID, followID, dateCreated, streamerID) VALUES (200, 991, '2024-05-02 22:19:47', 52);

INSERT INTO looterbuddy.Missions (missionID, name, description) VALUES (1, 'Zaam-Dox', 'Aenean lectus. Pellentesque eget nunc. Donec quis orci eget orci vehicula condimentum.');
INSERT INTO looterbuddy.Missions (missionID, name, description) VALUES (2, 'Zoolab', 'Duis bibendum, felis sed interdum venenatis, turpis enim blandit mi, in porttitor pede justo eu massa. Donec dapibus. Duis at velit eu est congue elementum.

In hac habitasse platea dictumst. Morbi vestibulum, velit id pretium iaculis, diam erat fermentum justo, nec condimentum neque sapien placerat ante. Nulla justo.

Aliquam quis turpis eget elit sodales scelerisque. Mauris sit amet eros. Suspendisse accumsan tortor quis turpis.');
INSERT INTO looterbuddy.Missions (missionID, name, description) VALUES (3, 'Bytecard', 'Fusce posuere felis sed lacus. Morbi sem mauris, laoreet ut, rhoncus aliquet, pulvinar sed, nisl. Nunc rhoncus dui vel sem.

Sed sagittis. Nam congue, risus semper porta volutpat, quam pede lobortis ligula, sit amet eleifend pede libero quis orci. Nullam molestie nibh in lectus.

Pellentesque at nulla. Suspendisse potenti. Cras in purus eu magna vulputate luctus.');
INSERT INTO looterbuddy.Missions (missionID, name, description) VALUES (4, 'Konklab', 'Morbi porttitor lorem id ligula. Suspendisse ornare consequat lectus. In est risus, auctor sed, tristique in, tempus sit amet, sem.

Fusce consequat. Nulla nisl. Nunc nisl.');
INSERT INTO looterbuddy.Missions (missionID, name, description) VALUES (5, 'Gembucket', 'Integer tincidunt ante vel ipsum. Praesent blandit lacinia erat. Vestibulum sed magna at nunc commodo placerat.

Praesent blandit. Nam nulla. Integer pede justo, lacinia eget, tincidunt eget, tempus vel, pede.

Morbi porttitor lorem id ligula. Suspendisse ornare consequat lectus. In est risus, auctor sed, tristique in, tempus sit amet, sem.');
INSERT INTO looterbuddy.Missions (missionID, name, description) VALUES (6, 'Bamity', 'Proin interdum mauris non ligula pellentesque ultrices. Phasellus id sapien in sapien iaculis congue. Vivamus metus arcu, adipiscing molestie, hendrerit at, vulputate vitae, nisl.

Aenean lectus. Pellentesque eget nunc. Donec quis orci eget orci vehicula condimentum.');
INSERT INTO looterbuddy.Missions (missionID, name, description) VALUES (7, 'Impor', 'Maecenas ut massa quis augue luctus tincidunt. Nulla mollis molestie lorem. Quisque ut erat.');
INSERT INTO looterbuddy.Missions (missionID, name, description) VALUES (8, 'Alpha', 'Nulla ut erat id mauris vulputate elementum. Nullam varius. Nulla facilisi.

Cras non velit nec nisi vulputate nonummy. Maecenas tincidunt lacus at velit. Vivamus vel nulla eget eros elementum pellentesque.');
INSERT INTO looterbuddy.Missions (missionID, name, description) VALUES (9, 'Transcof', 'Maecenas ut massa quis augue luctus tincidunt. Nulla mollis molestie lorem. Quisque ut erat.');
INSERT INTO looterbuddy.Missions (missionID, name, description) VALUES (10, 'Y-Solowarm', 'Integer ac leo. Pellentesque ultrices mattis odio. Donec vitae nisi.

Nam ultrices, libero non mattis pulvinar, nulla pede ullamcorper augue, a suscipit nulla elit ac nulla. Sed vel enim sit amet nunc viverra dapibus. Nulla suscipit ligula in lacus.');

INSERT INTO looterbuddy.Items (itemID, name, type, rarity) VALUES (1, 'Calliergon stramineum (Brid.) Kindb.', 'armor', 'uncommon');
INSERT INTO looterbuddy.Items (itemID, name, type, rarity) VALUES (2, 'Hypericum punctatum Lam.', 'weapon', 'common');
INSERT INTO looterbuddy.Items (itemID, name, type, rarity) VALUES (3, 'Saxifraga flagellaris Willd. ex Sternb. ssp. setig', 'armor', 'common');
INSERT INTO looterbuddy.Items (itemID, name, type, rarity) VALUES (4, 'Salix ovalifolia Trautv. var. ovalifolia', 'weapon', 'rare');
INSERT INTO looterbuddy.Items (itemID, name, type, rarity) VALUES (5, 'Argemone squarrosa Greene ssp. squarrosa', 'weapon', 'rare');
INSERT INTO looterbuddy.Items (itemID, name, type, rarity) VALUES (6, 'Cistanthe parryi (A. Gray) Hershkovitz var. nevade', 'weapon', 'common');
INSERT INTO looterbuddy.Items (itemID, name, type, rarity) VALUES (7, 'Cladina (Nyl.) Nyl.', 'armor', 'rare');
INSERT INTO looterbuddy.Items (itemID, name, type, rarity) VALUES (8, 'Geocarpon Mack.', 'weapon', 'rare');
INSERT INTO looterbuddy.Items (itemID, name, type, rarity) VALUES (9, 'Phacelia pulchella A. Gray', 'armor', 'common');
INSERT INTO looterbuddy.Items (itemID, name, type, rarity) VALUES (10, 'Acarospora oligospora (Nyl.) Arnold', 'armor', 'uncommon');
INSERT INTO looterbuddy.Items (itemID, name, type, rarity) VALUES (11, 'Trillium undulatum Willd.', 'armor', 'uncommon');
INSERT INTO looterbuddy.Items (itemID, name, type, rarity) VALUES (12, 'Phacelia crenulata Torr. ex S. Watson var. corruga', 'armor', 'common');
INSERT INTO looterbuddy.Items (itemID, name, type, rarity) VALUES (13, 'Achnatherum diegoense (Swallen) Barkworth', 'armor', 'common');
INSERT INTO looterbuddy.Items (itemID, name, type, rarity) VALUES (14, 'Cyanea salicina H. Lv.', 'armor', 'uncommon');
INSERT INTO looterbuddy.Items (itemID, name, type, rarity) VALUES (15, 'Scutellaria altamaha Small', 'armor', 'uncommon');
INSERT INTO looterbuddy.Items (itemID, name, type, rarity) VALUES (16, 'Columbiadoria G.L. Nesom', 'weapon', 'common');
INSERT INTO looterbuddy.Items (itemID, name, type, rarity) VALUES (17, 'Clarkia biloba (Durand) A. Nelson & J.F. Macbr.', 'armor', 'rare');
INSERT INTO looterbuddy.Items (itemID, name, type, rarity) VALUES (18, 'Calliergon megalophyllum Mikut.', 'armor', 'common');
INSERT INTO looterbuddy.Items (itemID, name, type, rarity) VALUES (19, 'Allophyllum gilioides (Benth.) A.D. Grant & V.E. G', 'armor', 'common');
INSERT INTO looterbuddy.Items (itemID, name, type, rarity) VALUES (20, 'Packera ionophylla (Greene) W.A. Weber & . Lve', 'armor', 'common');
INSERT INTO looterbuddy.Items (itemID, name, type, rarity) VALUES (21, 'Astragalus didymocarpus Hook. & Arn. var. didymoca', 'armor', 'uncommon');
INSERT INTO looterbuddy.Items (itemID, name, type, rarity) VALUES (22, 'Castela erecta Turp.', 'weapon', 'common');
INSERT INTO looterbuddy.Items (itemID, name, type, rarity) VALUES (23, 'Spiraea chamaedryfolia L.', 'armor', 'common');
INSERT INTO looterbuddy.Items (itemID, name, type, rarity) VALUES (24, 'Anulocaulis eriosolenus (A. Gray) Standl.', 'weapon', 'uncommon');
INSERT INTO looterbuddy.Items (itemID, name, type, rarity) VALUES (25, 'Oenothera rosea L\'Hr. ex Aiton', 'weapon', 'uncommon');
INSERT INTO looterbuddy.Items (itemID, name, type, rarity) VALUES (26, 'Mirabilis laevis (Benth.) Curran var. laevis', 'armor', 'epic');
INSERT INTO looterbuddy.Items (itemID, name, type, rarity) VALUES (27, 'Ipomoea pes-tigridis L.', 'armor', 'common');
INSERT INTO looterbuddy.Items (itemID, name, type, rarity) VALUES (28, 'Boronia Sm.', 'weapon', 'epic');
INSERT INTO looterbuddy.Items (itemID, name, type, rarity) VALUES (29, 'Licaria triandra (Sw.) Kosterm.', 'weapon', 'rare');
INSERT INTO looterbuddy.Items (itemID, name, type, rarity) VALUES (30, 'Salvia fruticosa Mill.', 'armor', 'common');
INSERT INTO looterbuddy.Items (itemID, name, type, rarity) VALUES (31, 'Spathoglottis Blume', 'armor', 'rare');
INSERT INTO looterbuddy.Items (itemID, name, type, rarity) VALUES (32, 'Bouteloua dimorpha J.T. Columbus', 'armor', 'common');
INSERT INTO looterbuddy.Items (itemID, name, type, rarity) VALUES (33, 'Arnica unalaschcensis Less.', 'weapon', 'rare');
INSERT INTO looterbuddy.Items (itemID, name, type, rarity) VALUES (34, 'Pycnanthemum incanum (L.) Michx. var. puberulum (E', 'weapon', 'rare');
INSERT INTO looterbuddy.Items (itemID, name, type, rarity) VALUES (35, 'Lechea minor L.', 'armor', 'common');
INSERT INTO looterbuddy.Items (itemID, name, type, rarity) VALUES (36, 'Poa glauca Vahl ssp. rupicola (Nash ex Rydb.) W.A.', 'armor', 'uncommon');
INSERT INTO looterbuddy.Items (itemID, name, type, rarity) VALUES (37, 'Hierochloe occidentalis Buckley', 'armor', 'uncommon');
INSERT INTO looterbuddy.Items (itemID, name, type, rarity) VALUES (38, 'Arundinaria appalachiana Triplett, Weakley, & L.G.', 'weapon', 'common');
INSERT INTO looterbuddy.Items (itemID, name, type, rarity) VALUES (39, 'Poa chaixii Vill.', 'armor', 'common');
INSERT INTO looterbuddy.Items (itemID, name, type, rarity) VALUES (40, 'Pyrus communis L.', 'weapon', 'rare');
INSERT INTO looterbuddy.Items (itemID, name, type, rarity) VALUES (41, 'Carpinus betulus L.', 'weapon', 'common');
INSERT INTO looterbuddy.Items (itemID, name, type, rarity) VALUES (42, 'Phacelia strictiflora (Engelm. & A. Gray) A. Gray ', 'weapon', 'common');
INSERT INTO looterbuddy.Items (itemID, name, type, rarity) VALUES (43, 'Balanites aegyptiacus (L.) Delile', 'armor', 'common');
INSERT INTO looterbuddy.Items (itemID, name, type, rarity) VALUES (44, 'Leptochloa digitata (R. Br.) Domin', 'armor', 'uncommon');
INSERT INTO looterbuddy.Items (itemID, name, type, rarity) VALUES (45, 'Baptisia sphaerocarpa Nutt.', 'armor', 'common');
INSERT INTO looterbuddy.Items (itemID, name, type, rarity) VALUES (46, 'Costus scaber Ruiz & Pav.', 'armor', 'common');
INSERT INTO looterbuddy.Items (itemID, name, type, rarity) VALUES (47, 'Camissonia exilis (P.H. Raven) P.H. Raven', 'armor', 'uncommon');
INSERT INTO looterbuddy.Items (itemID, name, type, rarity) VALUES (48, 'Rubus rydbergianus L.H. Bailey', 'armor', 'common');
INSERT INTO looterbuddy.Items (itemID, name, type, rarity) VALUES (49, 'Phacelia constancei N.D. Atwood', 'weapon', 'rare');
INSERT INTO looterbuddy.Items (itemID, name, type, rarity) VALUES (50, 'Botrychium alaskense W.H. Wagner & J.R. Grant', 'armor', 'uncommon');
INSERT INTO looterbuddy.Items (itemID, name, type, rarity) VALUES (51, 'Stachytarpheta cayennensis (Rich.) Vahl', 'armor', 'common');
INSERT INTO looterbuddy.Items (itemID, name, type, rarity) VALUES (52, 'Buellia lepidastra (Tuck.) Tuck.', 'armor', 'uncommon');
INSERT INTO looterbuddy.Items (itemID, name, type, rarity) VALUES (53, 'Betula L.', 'armor', 'uncommon');
INSERT INTO looterbuddy.Items (itemID, name, type, rarity) VALUES (54, 'Cirsium turneri Warnock', 'armor', 'rare');
INSERT INTO looterbuddy.Items (itemID, name, type, rarity) VALUES (55, 'Ficus benjamina L.', 'weapon', 'uncommon');
INSERT INTO looterbuddy.Items (itemID, name, type, rarity) VALUES (56, 'Orthotrichum laevigatum J.E. Zetterst.', 'weapon', 'common');
INSERT INTO looterbuddy.Items (itemID, name, type, rarity) VALUES (57, 'Machaerina restioides (Sw.) Vahl', 'armor', 'uncommon');
INSERT INTO looterbuddy.Items (itemID, name, type, rarity) VALUES (58, 'Celastrus L.', 'armor', 'uncommon');
INSERT INTO looterbuddy.Items (itemID, name, type, rarity) VALUES (59, 'Aponogeton distachyos L. f.', 'armor', 'common');
INSERT INTO looterbuddy.Items (itemID, name, type, rarity) VALUES (60, 'Koeleria macrantha (Ledeb.) Schult.', 'weapon', 'common');

INSERT INTO looterbuddy.Armor (itemID, armorID, defense) VALUES (1, 1, 32);
INSERT INTO looterbuddy.Armor (itemID, armorID, defense) VALUES (3, 2, 14);
INSERT INTO looterbuddy.Armor (itemID, armorID, defense) VALUES (7, 3, 74);
INSERT INTO looterbuddy.Armor (itemID, armorID, defense) VALUES (9, 4, 18);
INSERT INTO looterbuddy.Armor (itemID, armorID, defense) VALUES (10, 5, 23);
INSERT INTO looterbuddy.Armor (itemID, armorID, defense) VALUES (11, 6, 7);
INSERT INTO looterbuddy.Armor (itemID, armorID, defense) VALUES (12, 7, 5);
INSERT INTO looterbuddy.Armor (itemID, armorID, defense) VALUES (13, 8, 4);
INSERT INTO looterbuddy.Armor (itemID, armorID, defense) VALUES (14, 9, 45);
INSERT INTO looterbuddy.Armor (itemID, armorID, defense) VALUES (15, 10, 45);
INSERT INTO looterbuddy.Armor (itemID, armorID, defense) VALUES (17, 11, 64);
INSERT INTO looterbuddy.Armor (itemID, armorID, defense) VALUES (18, 12, 89);
INSERT INTO looterbuddy.Armor (itemID, armorID, defense) VALUES (19, 13, 64);
INSERT INTO looterbuddy.Armor (itemID, armorID, defense) VALUES (20, 14, 30);
INSERT INTO looterbuddy.Armor (itemID, armorID, defense) VALUES (21, 15, 52);
INSERT INTO looterbuddy.Armor (itemID, armorID, defense) VALUES (23, 16, 15);
INSERT INTO looterbuddy.Armor (itemID, armorID, defense) VALUES (26, 17, 4);
INSERT INTO looterbuddy.Armor (itemID, armorID, defense) VALUES (27, 18, 2);
INSERT INTO looterbuddy.Armor (itemID, armorID, defense) VALUES (30, 19, 79);
INSERT INTO looterbuddy.Armor (itemID, armorID, defense) VALUES (31, 20, 7);
INSERT INTO looterbuddy.Armor (itemID, armorID, defense) VALUES (32, 21, 22);
INSERT INTO looterbuddy.Armor (itemID, armorID, defense) VALUES (35, 22, 91);
INSERT INTO looterbuddy.Armor (itemID, armorID, defense) VALUES (36, 23, 48);
INSERT INTO looterbuddy.Armor (itemID, armorID, defense) VALUES (37, 24, 97);
INSERT INTO looterbuddy.Armor (itemID, armorID, defense) VALUES (39, 25, 5);
INSERT INTO looterbuddy.Armor (itemID, armorID, defense) VALUES (43, 26, 70);
INSERT INTO looterbuddy.Armor (itemID, armorID, defense) VALUES (44, 27, 62);
INSERT INTO looterbuddy.Armor (itemID, armorID, defense) VALUES (45, 28, 3);
INSERT INTO looterbuddy.Armor (itemID, armorID, defense) VALUES (46, 29, 91);
INSERT INTO looterbuddy.Armor (itemID, armorID, defense) VALUES (47, 30, 30);
INSERT INTO looterbuddy.Armor (itemID, armorID, defense) VALUES (48, 31, 66);
INSERT INTO looterbuddy.Armor (itemID, armorID, defense) VALUES (50, 32, 46);
INSERT INTO looterbuddy.Armor (itemID, armorID, defense) VALUES (51, 33, 10);
INSERT INTO looterbuddy.Armor (itemID, armorID, defense) VALUES (52, 34, 99);
INSERT INTO looterbuddy.Armor (itemID, armorID, defense) VALUES (53, 35, 41);
INSERT INTO looterbuddy.Armor (itemID, armorID, defense) VALUES (54, 36, 70);
INSERT INTO looterbuddy.Armor (itemID, armorID, defense) VALUES (57, 37, 10);
INSERT INTO looterbuddy.Armor (itemID, armorID, defense) VALUES (58, 38, 28);
INSERT INTO looterbuddy.Armor (itemID, armorID, defense) VALUES (59, 39, 70);

INSERT INTO looterbuddy.Weapons (itemID, weaponID, damage, magSize, fireRate) VALUES (2, 1, 689, 89, 23);
INSERT INTO looterbuddy.Weapons (itemID, weaponID, damage, magSize, fireRate) VALUES (4, 2, 105, 33, 27);
INSERT INTO looterbuddy.Weapons (itemID, weaponID, damage, magSize, fireRate) VALUES (5, 3, 672, 13, 14);
INSERT INTO looterbuddy.Weapons (itemID, weaponID, damage, magSize, fireRate) VALUES (6, 4, 667, 95, 20);
INSERT INTO looterbuddy.Weapons (itemID, weaponID, damage, magSize, fireRate) VALUES (8, 5, 990, 31, 27);
INSERT INTO looterbuddy.Weapons (itemID, weaponID, damage, magSize, fireRate) VALUES (16, 6, 988, 30, 19);
INSERT INTO looterbuddy.Weapons (itemID, weaponID, damage, magSize, fireRate) VALUES (22, 7, 607, 62, 6);
INSERT INTO looterbuddy.Weapons (itemID, weaponID, damage, magSize, fireRate) VALUES (24, 8, 609, 31, 25);
INSERT INTO looterbuddy.Weapons (itemID, weaponID, damage, magSize, fireRate) VALUES (25, 9, 756, 73, 12);
INSERT INTO looterbuddy.Weapons (itemID, weaponID, damage, magSize, fireRate) VALUES (28, 10, 828, 47, 16);
INSERT INTO looterbuddy.Weapons (itemID, weaponID, damage, magSize, fireRate) VALUES (29, 11, 833, 14, 10);
INSERT INTO looterbuddy.Weapons (itemID, weaponID, damage, magSize, fireRate) VALUES (33, 12, 238, 99, 14);
INSERT INTO looterbuddy.Weapons (itemID, weaponID, damage, magSize, fireRate) VALUES (34, 13, 596, 94, 13);
INSERT INTO looterbuddy.Weapons (itemID, weaponID, damage, magSize, fireRate) VALUES (38, 14, 697, 33, 30);
INSERT INTO looterbuddy.Weapons (itemID, weaponID, damage, magSize, fireRate) VALUES (40, 15, 304, 46, 18);
INSERT INTO looterbuddy.Weapons (itemID, weaponID, damage, magSize, fireRate) VALUES (41, 16, 795, 25, 12);
INSERT INTO looterbuddy.Weapons (itemID, weaponID, damage, magSize, fireRate) VALUES (42, 17, 753, 47, 6);
INSERT INTO looterbuddy.Weapons (itemID, weaponID, damage, magSize, fireRate) VALUES (49, 18, 533, 94, 23);
INSERT INTO looterbuddy.Weapons (itemID, weaponID, damage, magSize, fireRate) VALUES (55, 19, 201, 8, 25);
INSERT INTO looterbuddy.Weapons (itemID, weaponID, damage, magSize, fireRate) VALUES (56, 20, 826, 73, 4);
INSERT INTO looterbuddy.Weapons (itemID, weaponID, damage, magSize, fireRate) VALUES (60, 21, 271, 41, 9);

INSERT INTO looterbuddy.Inventory (playerID, inventoryID, itemID) VALUES (72, 1, 45);
INSERT INTO looterbuddy.Inventory (playerID, inventoryID, itemID) VALUES (78, 2, 18);
INSERT INTO looterbuddy.Inventory (playerID, inventoryID, itemID) VALUES (125, 3, 39);
INSERT INTO looterbuddy.Inventory (playerID, inventoryID, itemID) VALUES (119, 4, 5);
INSERT INTO looterbuddy.Inventory (playerID, inventoryID, itemID) VALUES (40, 5, 60);
INSERT INTO looterbuddy.Inventory (playerID, inventoryID, itemID) VALUES (116, 6, 48);
INSERT INTO looterbuddy.Inventory (playerID, inventoryID, itemID) VALUES (43, 7, 27);
INSERT INTO looterbuddy.Inventory (playerID, inventoryID, itemID) VALUES (66, 8, 41);
INSERT INTO looterbuddy.Inventory (playerID, inventoryID, itemID) VALUES (55, 9, 49);
INSERT INTO looterbuddy.Inventory (playerID, inventoryID, itemID) VALUES (19, 10, 53);
INSERT INTO looterbuddy.Inventory (playerID, inventoryID, itemID) VALUES (2, 11, 31);
INSERT INTO looterbuddy.Inventory (playerID, inventoryID, itemID) VALUES (89, 12, 46);
INSERT INTO looterbuddy.Inventory (playerID, inventoryID, itemID) VALUES (10, 13, 14);
INSERT INTO looterbuddy.Inventory (playerID, inventoryID, itemID) VALUES (4, 14, 13);
INSERT INTO looterbuddy.Inventory (playerID, inventoryID, itemID) VALUES (92, 15, 17);
INSERT INTO looterbuddy.Inventory (playerID, inventoryID, itemID) VALUES (71, 16, 3);
INSERT INTO looterbuddy.Inventory (playerID, inventoryID, itemID) VALUES (66, 17, 4);
INSERT INTO looterbuddy.Inventory (playerID, inventoryID, itemID) VALUES (52, 18, 2);
INSERT INTO looterbuddy.Inventory (playerID, inventoryID, itemID) VALUES (100, 19, 58);
INSERT INTO looterbuddy.Inventory (playerID, inventoryID, itemID) VALUES (14, 20, 18);
INSERT INTO looterbuddy.Inventory (playerID, inventoryID, itemID) VALUES (111, 21, 50);
INSERT INTO looterbuddy.Inventory (playerID, inventoryID, itemID) VALUES (49, 22, 56);
INSERT INTO looterbuddy.Inventory (playerID, inventoryID, itemID) VALUES (78, 23, 31);
INSERT INTO looterbuddy.Inventory (playerID, inventoryID, itemID) VALUES (127, 24, 41);
INSERT INTO looterbuddy.Inventory (playerID, inventoryID, itemID) VALUES (97, 25, 32);
INSERT INTO looterbuddy.Inventory (playerID, inventoryID, itemID) VALUES (48, 26, 33);
INSERT INTO looterbuddy.Inventory (playerID, inventoryID, itemID) VALUES (23, 27, 27);
INSERT INTO looterbuddy.Inventory (playerID, inventoryID, itemID) VALUES (131, 28, 21);
INSERT INTO looterbuddy.Inventory (playerID, inventoryID, itemID) VALUES (82, 29, 34);
INSERT INTO looterbuddy.Inventory (playerID, inventoryID, itemID) VALUES (94, 30, 26);
INSERT INTO looterbuddy.Inventory (playerID, inventoryID, itemID) VALUES (11, 31, 18);
INSERT INTO looterbuddy.Inventory (playerID, inventoryID, itemID) VALUES (27, 32, 48);
INSERT INTO looterbuddy.Inventory (playerID, inventoryID, itemID) VALUES (74, 33, 10);
INSERT INTO looterbuddy.Inventory (playerID, inventoryID, itemID) VALUES (103, 34, 44);
INSERT INTO looterbuddy.Inventory (playerID, inventoryID, itemID) VALUES (35, 35, 14);
INSERT INTO looterbuddy.Inventory (playerID, inventoryID, itemID) VALUES (6, 36, 57);
INSERT INTO looterbuddy.Inventory (playerID, inventoryID, itemID) VALUES (130, 37, 13);
INSERT INTO looterbuddy.Inventory (playerID, inventoryID, itemID) VALUES (21, 38, 53);
INSERT INTO looterbuddy.Inventory (playerID, inventoryID, itemID) VALUES (30, 39, 31);
INSERT INTO looterbuddy.Inventory (playerID, inventoryID, itemID) VALUES (4, 40, 47);
INSERT INTO looterbuddy.Inventory (playerID, inventoryID, itemID) VALUES (51, 41, 12);
INSERT INTO looterbuddy.Inventory (playerID, inventoryID, itemID) VALUES (76, 42, 6);
INSERT INTO looterbuddy.Inventory (playerID, inventoryID, itemID) VALUES (80, 43, 43);
INSERT INTO looterbuddy.Inventory (playerID, inventoryID, itemID) VALUES (111, 44, 15);
INSERT INTO looterbuddy.Inventory (playerID, inventoryID, itemID) VALUES (127, 45, 19);
INSERT INTO looterbuddy.Inventory (playerID, inventoryID, itemID) VALUES (76, 46, 38);
INSERT INTO looterbuddy.Inventory (playerID, inventoryID, itemID) VALUES (74, 47, 25);
INSERT INTO looterbuddy.Inventory (playerID, inventoryID, itemID) VALUES (18, 48, 40);
INSERT INTO looterbuddy.Inventory (playerID, inventoryID, itemID) VALUES (57, 49, 3);
INSERT INTO looterbuddy.Inventory (playerID, inventoryID, itemID) VALUES (56, 50, 24);
INSERT INTO looterbuddy.Inventory (playerID, inventoryID, itemID) VALUES (65, 51, 41);
INSERT INTO looterbuddy.Inventory (playerID, inventoryID, itemID) VALUES (24, 52, 13);
INSERT INTO looterbuddy.Inventory (playerID, inventoryID, itemID) VALUES (52, 53, 29);
INSERT INTO looterbuddy.Inventory (playerID, inventoryID, itemID) VALUES (59, 54, 5);
INSERT INTO looterbuddy.Inventory (playerID, inventoryID, itemID) VALUES (88, 55, 51);
INSERT INTO looterbuddy.Inventory (playerID, inventoryID, itemID) VALUES (118, 56, 19);
INSERT INTO looterbuddy.Inventory (playerID, inventoryID, itemID) VALUES (23, 57, 4);
INSERT INTO looterbuddy.Inventory (playerID, inventoryID, itemID) VALUES (54, 58, 31);
INSERT INTO looterbuddy.Inventory (playerID, inventoryID, itemID) VALUES (99, 59, 46);
INSERT INTO looterbuddy.Inventory (playerID, inventoryID, itemID) VALUES (115, 60, 55);
INSERT INTO looterbuddy.Inventory (playerID, inventoryID, itemID) VALUES (97, 61, 32);
INSERT INTO looterbuddy.Inventory (playerID, inventoryID, itemID) VALUES (34, 62, 54);
INSERT INTO looterbuddy.Inventory (playerID, inventoryID, itemID) VALUES (28, 63, 24);
INSERT INTO looterbuddy.Inventory (playerID, inventoryID, itemID) VALUES (78, 64, 29);
INSERT INTO looterbuddy.Inventory (playerID, inventoryID, itemID) VALUES (10, 65, 46);
INSERT INTO looterbuddy.Inventory (playerID, inventoryID, itemID) VALUES (91, 66, 43);
INSERT INTO looterbuddy.Inventory (playerID, inventoryID, itemID) VALUES (100, 67, 49);
INSERT INTO looterbuddy.Inventory (playerID, inventoryID, itemID) VALUES (26, 68, 52);
INSERT INTO looterbuddy.Inventory (playerID, inventoryID, itemID) VALUES (1, 69, 39);
INSERT INTO looterbuddy.Inventory (playerID, inventoryID, itemID) VALUES (56, 70, 10);
INSERT INTO looterbuddy.Inventory (playerID, inventoryID, itemID) VALUES (25, 71, 11);
INSERT INTO looterbuddy.Inventory (playerID, inventoryID, itemID) VALUES (93, 72, 3);
INSERT INTO looterbuddy.Inventory (playerID, inventoryID, itemID) VALUES (4, 73, 22);
INSERT INTO looterbuddy.Inventory (playerID, inventoryID, itemID) VALUES (42, 74, 42);
INSERT INTO looterbuddy.Inventory (playerID, inventoryID, itemID) VALUES (105, 75, 51);
INSERT INTO looterbuddy.Inventory (playerID, inventoryID, itemID) VALUES (61, 76, 34);
INSERT INTO looterbuddy.Inventory (playerID, inventoryID, itemID) VALUES (77, 77, 24);
INSERT INTO looterbuddy.Inventory (playerID, inventoryID, itemID) VALUES (118, 78, 44);
INSERT INTO looterbuddy.Inventory (playerID, inventoryID, itemID) VALUES (87, 79, 5);
INSERT INTO looterbuddy.Inventory (playerID, inventoryID, itemID) VALUES (117, 80, 10);
INSERT INTO looterbuddy.Inventory (playerID, inventoryID, itemID) VALUES (27, 81, 36);
INSERT INTO looterbuddy.Inventory (playerID, inventoryID, itemID) VALUES (49, 82, 27);
INSERT INTO looterbuddy.Inventory (playerID, inventoryID, itemID) VALUES (126, 83, 11);
INSERT INTO looterbuddy.Inventory (playerID, inventoryID, itemID) VALUES (82, 84, 8);
INSERT INTO looterbuddy.Inventory (playerID, inventoryID, itemID) VALUES (52, 85, 60);
INSERT INTO looterbuddy.Inventory (playerID, inventoryID, itemID) VALUES (73, 86, 37);
INSERT INTO looterbuddy.Inventory (playerID, inventoryID, itemID) VALUES (33, 87, 1);
INSERT INTO looterbuddy.Inventory (playerID, inventoryID, itemID) VALUES (45, 88, 9);
INSERT INTO looterbuddy.Inventory (playerID, inventoryID, itemID) VALUES (86, 89, 46);
INSERT INTO looterbuddy.Inventory (playerID, inventoryID, itemID) VALUES (8, 90, 38);
INSERT INTO looterbuddy.Inventory (playerID, inventoryID, itemID) VALUES (29, 91, 55);
INSERT INTO looterbuddy.Inventory (playerID, inventoryID, itemID) VALUES (73, 92, 18);
INSERT INTO looterbuddy.Inventory (playerID, inventoryID, itemID) VALUES (109, 93, 59);
INSERT INTO looterbuddy.Inventory (playerID, inventoryID, itemID) VALUES (39, 94, 58);
INSERT INTO looterbuddy.Inventory (playerID, inventoryID, itemID) VALUES (27, 95, 31);
INSERT INTO looterbuddy.Inventory (playerID, inventoryID, itemID) VALUES (22, 96, 21);
INSERT INTO looterbuddy.Inventory (playerID, inventoryID, itemID) VALUES (128, 97, 50);
INSERT INTO looterbuddy.Inventory (playerID, inventoryID, itemID) VALUES (60, 98, 4);
INSERT INTO looterbuddy.Inventory (playerID, inventoryID, itemID) VALUES (66, 99, 60);
INSERT INTO looterbuddy.Inventory (playerID, inventoryID, itemID) VALUES (79, 100, 53);
INSERT INTO looterbuddy.Inventory (playerID, inventoryID, itemID) VALUES (15, 101, 45);
INSERT INTO looterbuddy.Inventory (playerID, inventoryID, itemID) VALUES (61, 102, 2);
INSERT INTO looterbuddy.Inventory (playerID, inventoryID, itemID) VALUES (72, 103, 23);
INSERT INTO looterbuddy.Inventory (playerID, inventoryID, itemID) VALUES (3, 104, 49);
INSERT INTO looterbuddy.Inventory (playerID, inventoryID, itemID) VALUES (63, 105, 35);
INSERT INTO looterbuddy.Inventory (playerID, inventoryID, itemID) VALUES (71, 106, 16);
INSERT INTO looterbuddy.Inventory (playerID, inventoryID, itemID) VALUES (43, 107, 17);
INSERT INTO looterbuddy.Inventory (playerID, inventoryID, itemID) VALUES (122, 108, 19);
INSERT INTO looterbuddy.Inventory (playerID, inventoryID, itemID) VALUES (16, 109, 6);
INSERT INTO looterbuddy.Inventory (playerID, inventoryID, itemID) VALUES (107, 110, 29);
INSERT INTO looterbuddy.Inventory (playerID, inventoryID, itemID) VALUES (83, 111, 47);
INSERT INTO looterbuddy.Inventory (playerID, inventoryID, itemID) VALUES (88, 112, 59);
INSERT INTO looterbuddy.Inventory (playerID, inventoryID, itemID) VALUES (20, 113, 45);
INSERT INTO looterbuddy.Inventory (playerID, inventoryID, itemID) VALUES (75, 114, 18);
INSERT INTO looterbuddy.Inventory (playerID, inventoryID, itemID) VALUES (68, 115, 46);
INSERT INTO looterbuddy.Inventory (playerID, inventoryID, itemID) VALUES (5, 116, 49);
INSERT INTO looterbuddy.Inventory (playerID, inventoryID, itemID) VALUES (10, 117, 54);
INSERT INTO looterbuddy.Inventory (playerID, inventoryID, itemID) VALUES (73, 118, 20);
INSERT INTO looterbuddy.Inventory (playerID, inventoryID, itemID) VALUES (14, 119, 8);
INSERT INTO looterbuddy.Inventory (playerID, inventoryID, itemID) VALUES (80, 120, 22);
INSERT INTO looterbuddy.Inventory (playerID, inventoryID, itemID) VALUES (120, 121, 9);
INSERT INTO looterbuddy.Inventory (playerID, inventoryID, itemID) VALUES (28, 122, 25);
INSERT INTO looterbuddy.Inventory (playerID, inventoryID, itemID) VALUES (130, 123, 54);
INSERT INTO looterbuddy.Inventory (playerID, inventoryID, itemID) VALUES (45, 124, 40);
INSERT INTO looterbuddy.Inventory (playerID, inventoryID, itemID) VALUES (63, 125, 15);
INSERT INTO looterbuddy.Inventory (playerID, inventoryID, itemID) VALUES (65, 126, 37);
INSERT INTO looterbuddy.Inventory (playerID, inventoryID, itemID) VALUES (117, 127, 52);
INSERT INTO looterbuddy.Inventory (playerID, inventoryID, itemID) VALUES (38, 128, 26);
INSERT INTO looterbuddy.Inventory (playerID, inventoryID, itemID) VALUES (122, 129, 60);
INSERT INTO looterbuddy.Inventory (playerID, inventoryID, itemID) VALUES (60, 130, 17);
INSERT INTO looterbuddy.Inventory (playerID, inventoryID, itemID) VALUES (29, 131, 22);
INSERT INTO looterbuddy.Inventory (playerID, inventoryID, itemID) VALUES (86, 132, 18);
INSERT INTO looterbuddy.Inventory (playerID, inventoryID, itemID) VALUES (47, 133, 12);
INSERT INTO looterbuddy.Inventory (playerID, inventoryID, itemID) VALUES (102, 134, 1);
INSERT INTO looterbuddy.Inventory (playerID, inventoryID, itemID) VALUES (73, 135, 35);
INSERT INTO looterbuddy.Inventory (playerID, inventoryID, itemID) VALUES (45, 136, 23);
INSERT INTO looterbuddy.Inventory (playerID, inventoryID, itemID) VALUES (118, 137, 12);
INSERT INTO looterbuddy.Inventory (playerID, inventoryID, itemID) VALUES (6, 138, 38);
INSERT INTO looterbuddy.Inventory (playerID, inventoryID, itemID) VALUES (97, 139, 20);
INSERT INTO looterbuddy.Inventory (playerID, inventoryID, itemID) VALUES (60, 140, 39);
INSERT INTO looterbuddy.Inventory (playerID, inventoryID, itemID) VALUES (35, 141, 42);
INSERT INTO looterbuddy.Inventory (playerID, inventoryID, itemID) VALUES (9, 142, 9);
INSERT INTO looterbuddy.Inventory (playerID, inventoryID, itemID) VALUES (10, 143, 57);
INSERT INTO looterbuddy.Inventory (playerID, inventoryID, itemID) VALUES (49, 144, 30);
INSERT INTO looterbuddy.Inventory (playerID, inventoryID, itemID) VALUES (75, 145, 36);
INSERT INTO looterbuddy.Inventory (playerID, inventoryID, itemID) VALUES (23, 146, 60);
INSERT INTO looterbuddy.Inventory (playerID, inventoryID, itemID) VALUES (84, 147, 46);
INSERT INTO looterbuddy.Inventory (playerID, inventoryID, itemID) VALUES (58, 148, 35);
INSERT INTO looterbuddy.Inventory (playerID, inventoryID, itemID) VALUES (88, 149, 45);
INSERT INTO looterbuddy.Inventory (playerID, inventoryID, itemID) VALUES (24, 150, 43);
INSERT INTO looterbuddy.Inventory (playerID, inventoryID, itemID) VALUES (65, 151, 15);
INSERT INTO looterbuddy.Inventory (playerID, inventoryID, itemID) VALUES (4, 152, 30);
INSERT INTO looterbuddy.Inventory (playerID, inventoryID, itemID) VALUES (1, 153, 40);
INSERT INTO looterbuddy.Inventory (playerID, inventoryID, itemID) VALUES (9, 154, 19);
INSERT INTO looterbuddy.Inventory (playerID, inventoryID, itemID) VALUES (12, 155, 20);
INSERT INTO looterbuddy.Inventory (playerID, inventoryID, itemID) VALUES (7, 156, 59);
INSERT INTO looterbuddy.Inventory (playerID, inventoryID, itemID) VALUES (126, 157, 49);
INSERT INTO looterbuddy.Inventory (playerID, inventoryID, itemID) VALUES (124, 158, 57);
INSERT INTO looterbuddy.Inventory (playerID, inventoryID, itemID) VALUES (27, 159, 6);
INSERT INTO looterbuddy.Inventory (playerID, inventoryID, itemID) VALUES (71, 160, 33);
INSERT INTO looterbuddy.Inventory (playerID, inventoryID, itemID) VALUES (23, 161, 13);
INSERT INTO looterbuddy.Inventory (playerID, inventoryID, itemID) VALUES (2, 162, 31);
INSERT INTO looterbuddy.Inventory (playerID, inventoryID, itemID) VALUES (38, 163, 56);
INSERT INTO looterbuddy.Inventory (playerID, inventoryID, itemID) VALUES (16, 164, 22);
INSERT INTO looterbuddy.Inventory (playerID, inventoryID, itemID) VALUES (55, 165, 32);
INSERT INTO looterbuddy.Inventory (playerID, inventoryID, itemID) VALUES (26, 166, 27);
INSERT INTO looterbuddy.Inventory (playerID, inventoryID, itemID) VALUES (20, 167, 1);
INSERT INTO looterbuddy.Inventory (playerID, inventoryID, itemID) VALUES (17, 168, 43);
INSERT INTO looterbuddy.Inventory (playerID, inventoryID, itemID) VALUES (53, 169, 7);
INSERT INTO looterbuddy.Inventory (playerID, inventoryID, itemID) VALUES (115, 170, 13);
INSERT INTO looterbuddy.Inventory (playerID, inventoryID, itemID) VALUES (102, 171, 28);
INSERT INTO looterbuddy.Inventory (playerID, inventoryID, itemID) VALUES (10, 172, 50);
INSERT INTO looterbuddy.Inventory (playerID, inventoryID, itemID) VALUES (48, 173, 49);
INSERT INTO looterbuddy.Inventory (playerID, inventoryID, itemID) VALUES (75, 174, 52);
INSERT INTO looterbuddy.Inventory (playerID, inventoryID, itemID) VALUES (117, 175, 8);
INSERT INTO looterbuddy.Inventory (playerID, inventoryID, itemID) VALUES (90, 176, 14);
INSERT INTO looterbuddy.Inventory (playerID, inventoryID, itemID) VALUES (31, 177, 42);
INSERT INTO looterbuddy.Inventory (playerID, inventoryID, itemID) VALUES (32, 178, 39);
INSERT INTO looterbuddy.Inventory (playerID, inventoryID, itemID) VALUES (38, 179, 54);
INSERT INTO looterbuddy.Inventory (playerID, inventoryID, itemID) VALUES (4, 180, 60);
INSERT INTO looterbuddy.Inventory (playerID, inventoryID, itemID) VALUES (116, 181, 36);
INSERT INTO looterbuddy.Inventory (playerID, inventoryID, itemID) VALUES (20, 182, 2);
INSERT INTO looterbuddy.Inventory (playerID, inventoryID, itemID) VALUES (25, 183, 11);
INSERT INTO looterbuddy.Inventory (playerID, inventoryID, itemID) VALUES (6, 184, 42);
INSERT INTO looterbuddy.Inventory (playerID, inventoryID, itemID) VALUES (59, 185, 20);
INSERT INTO looterbuddy.Inventory (playerID, inventoryID, itemID) VALUES (120, 186, 9);
INSERT INTO looterbuddy.Inventory (playerID, inventoryID, itemID) VALUES (107, 187, 31);
INSERT INTO looterbuddy.Inventory (playerID, inventoryID, itemID) VALUES (93, 188, 23);
INSERT INTO looterbuddy.Inventory (playerID, inventoryID, itemID) VALUES (49, 189, 14);
INSERT INTO looterbuddy.Inventory (playerID, inventoryID, itemID) VALUES (35, 190, 1);
INSERT INTO looterbuddy.Inventory (playerID, inventoryID, itemID) VALUES (54, 191, 39);
INSERT INTO looterbuddy.Inventory (playerID, inventoryID, itemID) VALUES (42, 192, 27);
INSERT INTO looterbuddy.Inventory (playerID, inventoryID, itemID) VALUES (114, 193, 53);
INSERT INTO looterbuddy.Inventory (playerID, inventoryID, itemID) VALUES (96, 194, 59);
INSERT INTO looterbuddy.Inventory (playerID, inventoryID, itemID) VALUES (10, 195, 56);
INSERT INTO looterbuddy.Inventory (playerID, inventoryID, itemID) VALUES (131, 196, 3);
INSERT INTO looterbuddy.Inventory (playerID, inventoryID, itemID) VALUES (24, 197, 25);
INSERT INTO looterbuddy.Inventory (playerID, inventoryID, itemID) VALUES (26, 198, 11);
INSERT INTO looterbuddy.Inventory (playerID, inventoryID, itemID) VALUES (15, 199, 48);
INSERT INTO looterbuddy.Inventory (playerID, inventoryID, itemID) VALUES (99, 200, 17);
INSERT INTO looterbuddy.Inventory (playerID, inventoryID, itemID) VALUES (65, 201, 8);
INSERT INTO looterbuddy.Inventory (playerID, inventoryID, itemID) VALUES (105, 202, 28);
INSERT INTO looterbuddy.Inventory (playerID, inventoryID, itemID) VALUES (91, 203, 12);
INSERT INTO looterbuddy.Inventory (playerID, inventoryID, itemID) VALUES (70, 204, 5);
INSERT INTO looterbuddy.Inventory (playerID, inventoryID, itemID) VALUES (115, 205, 34);
INSERT INTO looterbuddy.Inventory (playerID, inventoryID, itemID) VALUES (97, 206, 55);
INSERT INTO looterbuddy.Inventory (playerID, inventoryID, itemID) VALUES (76, 207, 41);
INSERT INTO looterbuddy.Inventory (playerID, inventoryID, itemID) VALUES (48, 208, 57);
INSERT INTO looterbuddy.Inventory (playerID, inventoryID, itemID) VALUES (1, 209, 29);
INSERT INTO looterbuddy.Inventory (playerID, inventoryID, itemID) VALUES (9, 210, 24);
INSERT INTO looterbuddy.Inventory (playerID, inventoryID, itemID) VALUES (48, 211, 33);
INSERT INTO looterbuddy.Inventory (playerID, inventoryID, itemID) VALUES (120, 212, 40);
INSERT INTO looterbuddy.Inventory (playerID, inventoryID, itemID) VALUES (50, 213, 18);
INSERT INTO looterbuddy.Inventory (playerID, inventoryID, itemID) VALUES (130, 214, 60);
INSERT INTO looterbuddy.Inventory (playerID, inventoryID, itemID) VALUES (127, 215, 14);
INSERT INTO looterbuddy.Inventory (playerID, inventoryID, itemID) VALUES (68, 216, 8);
INSERT INTO looterbuddy.Inventory (playerID, inventoryID, itemID) VALUES (29, 217, 57);
INSERT INTO looterbuddy.Inventory (playerID, inventoryID, itemID) VALUES (54, 218, 29);
INSERT INTO looterbuddy.Inventory (playerID, inventoryID, itemID) VALUES (39, 219, 55);
INSERT INTO looterbuddy.Inventory (playerID, inventoryID, itemID) VALUES (65, 220, 41);
INSERT INTO looterbuddy.Inventory (playerID, inventoryID, itemID) VALUES (44, 221, 47);
INSERT INTO looterbuddy.Inventory (playerID, inventoryID, itemID) VALUES (43, 222, 35);
INSERT INTO looterbuddy.Inventory (playerID, inventoryID, itemID) VALUES (11, 223, 30);
INSERT INTO looterbuddy.Inventory (playerID, inventoryID, itemID) VALUES (75, 224, 37);
INSERT INTO looterbuddy.Inventory (playerID, inventoryID, itemID) VALUES (25, 225, 43);
INSERT INTO looterbuddy.Inventory (playerID, inventoryID, itemID) VALUES (4, 226, 55);
INSERT INTO looterbuddy.Inventory (playerID, inventoryID, itemID) VALUES (41, 227, 34);
INSERT INTO looterbuddy.Inventory (playerID, inventoryID, itemID) VALUES (22, 228, 41);
INSERT INTO looterbuddy.Inventory (playerID, inventoryID, itemID) VALUES (123, 229, 53);
INSERT INTO looterbuddy.Inventory (playerID, inventoryID, itemID) VALUES (51, 230, 6);
INSERT INTO looterbuddy.Inventory (playerID, inventoryID, itemID) VALUES (125, 231, 9);
INSERT INTO looterbuddy.Inventory (playerID, inventoryID, itemID) VALUES (39, 232, 4);
INSERT INTO looterbuddy.Inventory (playerID, inventoryID, itemID) VALUES (107, 233, 12);
INSERT INTO looterbuddy.Inventory (playerID, inventoryID, itemID) VALUES (131, 234, 2);
INSERT INTO looterbuddy.Inventory (playerID, inventoryID, itemID) VALUES (17, 235, 39);
INSERT INTO looterbuddy.Inventory (playerID, inventoryID, itemID) VALUES (62, 236, 15);
INSERT INTO looterbuddy.Inventory (playerID, inventoryID, itemID) VALUES (21, 237, 18);
INSERT INTO looterbuddy.Inventory (playerID, inventoryID, itemID) VALUES (128, 238, 3);
INSERT INTO looterbuddy.Inventory (playerID, inventoryID, itemID) VALUES (77, 239, 22);
INSERT INTO looterbuddy.Inventory (playerID, inventoryID, itemID) VALUES (92, 240, 28);
INSERT INTO looterbuddy.Inventory (playerID, inventoryID, itemID) VALUES (124, 241, 19);
INSERT INTO looterbuddy.Inventory (playerID, inventoryID, itemID) VALUES (44, 242, 37);
INSERT INTO looterbuddy.Inventory (playerID, inventoryID, itemID) VALUES (5, 243, 33);
INSERT INTO looterbuddy.Inventory (playerID, inventoryID, itemID) VALUES (123, 244, 39);
INSERT INTO looterbuddy.Inventory (playerID, inventoryID, itemID) VALUES (72, 245, 45);
INSERT INTO looterbuddy.Inventory (playerID, inventoryID, itemID) VALUES (83, 246, 29);
INSERT INTO looterbuddy.Inventory (playerID, inventoryID, itemID) VALUES (12, 247, 31);
INSERT INTO looterbuddy.Inventory (playerID, inventoryID, itemID) VALUES (81, 248, 8);
INSERT INTO looterbuddy.Inventory (playerID, inventoryID, itemID) VALUES (110, 249, 7);
INSERT INTO looterbuddy.Inventory (playerID, inventoryID, itemID) VALUES (33, 250, 53);
INSERT INTO looterbuddy.Inventory (playerID, inventoryID, itemID) VALUES (115, 251, 27);
INSERT INTO looterbuddy.Inventory (playerID, inventoryID, itemID) VALUES (47, 252, 47);
INSERT INTO looterbuddy.Inventory (playerID, inventoryID, itemID) VALUES (100, 253, 30);
INSERT INTO looterbuddy.Inventory (playerID, inventoryID, itemID) VALUES (88, 254, 46);
INSERT INTO looterbuddy.Inventory (playerID, inventoryID, itemID) VALUES (93, 255, 11);
INSERT INTO looterbuddy.Inventory (playerID, inventoryID, itemID) VALUES (103, 256, 39);
INSERT INTO looterbuddy.Inventory (playerID, inventoryID, itemID) VALUES (63, 257, 49);
INSERT INTO looterbuddy.Inventory (playerID, inventoryID, itemID) VALUES (13, 258, 5);
INSERT INTO looterbuddy.Inventory (playerID, inventoryID, itemID) VALUES (124, 259, 35);
INSERT INTO looterbuddy.Inventory (playerID, inventoryID, itemID) VALUES (34, 260, 48);
INSERT INTO looterbuddy.Inventory (playerID, inventoryID, itemID) VALUES (6, 261, 11);
INSERT INTO looterbuddy.Inventory (playerID, inventoryID, itemID) VALUES (41, 262, 18);
INSERT INTO looterbuddy.Inventory (playerID, inventoryID, itemID) VALUES (1, 263, 60);
INSERT INTO looterbuddy.Inventory (playerID, inventoryID, itemID) VALUES (3, 264, 34);
INSERT INTO looterbuddy.Inventory (playerID, inventoryID, itemID) VALUES (43, 265, 25);
INSERT INTO looterbuddy.Inventory (playerID, inventoryID, itemID) VALUES (81, 266, 27);
INSERT INTO looterbuddy.Inventory (playerID, inventoryID, itemID) VALUES (27, 267, 10);
INSERT INTO looterbuddy.Inventory (playerID, inventoryID, itemID) VALUES (44, 268, 12);
INSERT INTO looterbuddy.Inventory (playerID, inventoryID, itemID) VALUES (47, 269, 32);
INSERT INTO looterbuddy.Inventory (playerID, inventoryID, itemID) VALUES (18, 270, 30);
INSERT INTO looterbuddy.Inventory (playerID, inventoryID, itemID) VALUES (35, 271, 26);
INSERT INTO looterbuddy.Inventory (playerID, inventoryID, itemID) VALUES (13, 272, 8);
INSERT INTO looterbuddy.Inventory (playerID, inventoryID, itemID) VALUES (3, 273, 42);
INSERT INTO looterbuddy.Inventory (playerID, inventoryID, itemID) VALUES (83, 274, 43);
INSERT INTO looterbuddy.Inventory (playerID, inventoryID, itemID) VALUES (129, 275, 34);
INSERT INTO looterbuddy.Inventory (playerID, inventoryID, itemID) VALUES (121, 276, 52);
INSERT INTO looterbuddy.Inventory (playerID, inventoryID, itemID) VALUES (81, 277, 31);
INSERT INTO looterbuddy.Inventory (playerID, inventoryID, itemID) VALUES (130, 278, 17);
INSERT INTO looterbuddy.Inventory (playerID, inventoryID, itemID) VALUES (93, 279, 30);
INSERT INTO looterbuddy.Inventory (playerID, inventoryID, itemID) VALUES (22, 280, 23);
INSERT INTO looterbuddy.Inventory (playerID, inventoryID, itemID) VALUES (6, 281, 41);
INSERT INTO looterbuddy.Inventory (playerID, inventoryID, itemID) VALUES (60, 282, 3);
INSERT INTO looterbuddy.Inventory (playerID, inventoryID, itemID) VALUES (70, 283, 10);
INSERT INTO looterbuddy.Inventory (playerID, inventoryID, itemID) VALUES (12, 284, 35);
INSERT INTO looterbuddy.Inventory (playerID, inventoryID, itemID) VALUES (17, 285, 38);
INSERT INTO looterbuddy.Inventory (playerID, inventoryID, itemID) VALUES (50, 286, 46);
INSERT INTO looterbuddy.Inventory (playerID, inventoryID, itemID) VALUES (32, 287, 42);
INSERT INTO looterbuddy.Inventory (playerID, inventoryID, itemID) VALUES (70, 288, 22);
INSERT INTO looterbuddy.Inventory (playerID, inventoryID, itemID) VALUES (25, 289, 44);
INSERT INTO looterbuddy.Inventory (playerID, inventoryID, itemID) VALUES (74, 290, 31);
INSERT INTO looterbuddy.Inventory (playerID, inventoryID, itemID) VALUES (22, 291, 41);
INSERT INTO looterbuddy.Inventory (playerID, inventoryID, itemID) VALUES (49, 292, 34);
INSERT INTO looterbuddy.Inventory (playerID, inventoryID, itemID) VALUES (26, 293, 56);
INSERT INTO looterbuddy.Inventory (playerID, inventoryID, itemID) VALUES (52, 294, 43);
INSERT INTO looterbuddy.Inventory (playerID, inventoryID, itemID) VALUES (46, 295, 60);
INSERT INTO looterbuddy.Inventory (playerID, inventoryID, itemID) VALUES (64, 296, 11);
INSERT INTO looterbuddy.Inventory (playerID, inventoryID, itemID) VALUES (12, 297, 36);
INSERT INTO looterbuddy.Inventory (playerID, inventoryID, itemID) VALUES (92, 298, 8);
INSERT INTO looterbuddy.Inventory (playerID, inventoryID, itemID) VALUES (129, 299, 32);
INSERT INTO looterbuddy.Inventory (playerID, inventoryID, itemID) VALUES (72, 300, 18);
INSERT INTO looterbuddy.Inventory (playerID, inventoryID, itemID) VALUES (101, 301, 31);
INSERT INTO looterbuddy.Inventory (playerID, inventoryID, itemID) VALUES (99, 302, 33);
INSERT INTO looterbuddy.Inventory (playerID, inventoryID, itemID) VALUES (120, 303, 29);
INSERT INTO looterbuddy.Inventory (playerID, inventoryID, itemID) VALUES (61, 304, 32);
INSERT INTO looterbuddy.Inventory (playerID, inventoryID, itemID) VALUES (43, 305, 13);
INSERT INTO looterbuddy.Inventory (playerID, inventoryID, itemID) VALUES (57, 306, 3);
INSERT INTO looterbuddy.Inventory (playerID, inventoryID, itemID) VALUES (92, 307, 23);
INSERT INTO looterbuddy.Inventory (playerID, inventoryID, itemID) VALUES (29, 308, 38);
INSERT INTO looterbuddy.Inventory (playerID, inventoryID, itemID) VALUES (30, 309, 22);
INSERT INTO looterbuddy.Inventory (playerID, inventoryID, itemID) VALUES (81, 310, 59);
INSERT INTO looterbuddy.Inventory (playerID, inventoryID, itemID) VALUES (89, 311, 16);
INSERT INTO looterbuddy.Inventory (playerID, inventoryID, itemID) VALUES (66, 312, 45);
INSERT INTO looterbuddy.Inventory (playerID, inventoryID, itemID) VALUES (5, 313, 43);
INSERT INTO looterbuddy.Inventory (playerID, inventoryID, itemID) VALUES (55, 314, 39);
INSERT INTO looterbuddy.Inventory (playerID, inventoryID, itemID) VALUES (31, 315, 19);
INSERT INTO looterbuddy.Inventory (playerID, inventoryID, itemID) VALUES (100, 316, 5);
INSERT INTO looterbuddy.Inventory (playerID, inventoryID, itemID) VALUES (63, 317, 44);
INSERT INTO looterbuddy.Inventory (playerID, inventoryID, itemID) VALUES (2, 318, 29);
INSERT INTO looterbuddy.Inventory (playerID, inventoryID, itemID) VALUES (108, 319, 19);
INSERT INTO looterbuddy.Inventory (playerID, inventoryID, itemID) VALUES (21, 320, 46);
INSERT INTO looterbuddy.Inventory (playerID, inventoryID, itemID) VALUES (74, 321, 48);
INSERT INTO looterbuddy.Inventory (playerID, inventoryID, itemID) VALUES (12, 322, 38);
INSERT INTO looterbuddy.Inventory (playerID, inventoryID, itemID) VALUES (91, 323, 9);
INSERT INTO looterbuddy.Inventory (playerID, inventoryID, itemID) VALUES (30, 324, 4);
INSERT INTO looterbuddy.Inventory (playerID, inventoryID, itemID) VALUES (17, 325, 7);
INSERT INTO looterbuddy.Inventory (playerID, inventoryID, itemID) VALUES (65, 326, 40);
INSERT INTO looterbuddy.Inventory (playerID, inventoryID, itemID) VALUES (24, 327, 42);
INSERT INTO looterbuddy.Inventory (playerID, inventoryID, itemID) VALUES (58, 328, 28);
INSERT INTO looterbuddy.Inventory (playerID, inventoryID, itemID) VALUES (55, 329, 34);
INSERT INTO looterbuddy.Inventory (playerID, inventoryID, itemID) VALUES (101, 330, 55);
INSERT INTO looterbuddy.Inventory (playerID, inventoryID, itemID) VALUES (32, 331, 18);
INSERT INTO looterbuddy.Inventory (playerID, inventoryID, itemID) VALUES (120, 332, 20);
INSERT INTO looterbuddy.Inventory (playerID, inventoryID, itemID) VALUES (5, 333, 23);
INSERT INTO looterbuddy.Inventory (playerID, inventoryID, itemID) VALUES (122, 334, 56);
INSERT INTO looterbuddy.Inventory (playerID, inventoryID, itemID) VALUES (75, 335, 25);
INSERT INTO looterbuddy.Inventory (playerID, inventoryID, itemID) VALUES (95, 336, 41);
INSERT INTO looterbuddy.Inventory (playerID, inventoryID, itemID) VALUES (110, 337, 12);
INSERT INTO looterbuddy.Inventory (playerID, inventoryID, itemID) VALUES (78, 338, 17);
INSERT INTO looterbuddy.Inventory (playerID, inventoryID, itemID) VALUES (76, 339, 29);
INSERT INTO looterbuddy.Inventory (playerID, inventoryID, itemID) VALUES (34, 340, 11);
INSERT INTO looterbuddy.Inventory (playerID, inventoryID, itemID) VALUES (126, 341, 19);
INSERT INTO looterbuddy.Inventory (playerID, inventoryID, itemID) VALUES (13, 342, 44);
INSERT INTO looterbuddy.Inventory (playerID, inventoryID, itemID) VALUES (86, 343, 3);
INSERT INTO looterbuddy.Inventory (playerID, inventoryID, itemID) VALUES (33, 344, 55);
INSERT INTO looterbuddy.Inventory (playerID, inventoryID, itemID) VALUES (7, 345, 22);
INSERT INTO looterbuddy.Inventory (playerID, inventoryID, itemID) VALUES (5, 346, 58);
INSERT INTO looterbuddy.Inventory (playerID, inventoryID, itemID) VALUES (22, 347, 53);
INSERT INTO looterbuddy.Inventory (playerID, inventoryID, itemID) VALUES (88, 348, 21);
INSERT INTO looterbuddy.Inventory (playerID, inventoryID, itemID) VALUES (90, 349, 50);
INSERT INTO looterbuddy.Inventory (playerID, inventoryID, itemID) VALUES (63, 350, 55);
INSERT INTO looterbuddy.Inventory (playerID, inventoryID, itemID) VALUES (13, 351, 11);
INSERT INTO looterbuddy.Inventory (playerID, inventoryID, itemID) VALUES (9, 352, 37);
INSERT INTO looterbuddy.Inventory (playerID, inventoryID, itemID) VALUES (83, 353, 60);
INSERT INTO looterbuddy.Inventory (playerID, inventoryID, itemID) VALUES (82, 354, 6);
INSERT INTO looterbuddy.Inventory (playerID, inventoryID, itemID) VALUES (113, 355, 31);
INSERT INTO looterbuddy.Inventory (playerID, inventoryID, itemID) VALUES (29, 356, 12);
INSERT INTO looterbuddy.Inventory (playerID, inventoryID, itemID) VALUES (66, 357, 51);
INSERT INTO looterbuddy.Inventory (playerID, inventoryID, itemID) VALUES (77, 358, 44);
INSERT INTO looterbuddy.Inventory (playerID, inventoryID, itemID) VALUES (11, 359, 17);
INSERT INTO looterbuddy.Inventory (playerID, inventoryID, itemID) VALUES (20, 360, 30);
INSERT INTO looterbuddy.Inventory (playerID, inventoryID, itemID) VALUES (129, 361, 10);
INSERT INTO looterbuddy.Inventory (playerID, inventoryID, itemID) VALUES (92, 362, 51);
INSERT INTO looterbuddy.Inventory (playerID, inventoryID, itemID) VALUES (110, 363, 47);
INSERT INTO looterbuddy.Inventory (playerID, inventoryID, itemID) VALUES (45, 364, 5);
INSERT INTO looterbuddy.Inventory (playerID, inventoryID, itemID) VALUES (47, 365, 22);
INSERT INTO looterbuddy.Inventory (playerID, inventoryID, itemID) VALUES (46, 366, 38);
INSERT INTO looterbuddy.Inventory (playerID, inventoryID, itemID) VALUES (121, 367, 1);
INSERT INTO looterbuddy.Inventory (playerID, inventoryID, itemID) VALUES (42, 368, 35);
INSERT INTO looterbuddy.Inventory (playerID, inventoryID, itemID) VALUES (80, 369, 33);
INSERT INTO looterbuddy.Inventory (playerID, inventoryID, itemID) VALUES (5, 370, 28);
INSERT INTO looterbuddy.Inventory (playerID, inventoryID, itemID) VALUES (108, 371, 8);
INSERT INTO looterbuddy.Inventory (playerID, inventoryID, itemID) VALUES (20, 372, 34);
INSERT INTO looterbuddy.Inventory (playerID, inventoryID, itemID) VALUES (32, 373, 46);
INSERT INTO looterbuddy.Inventory (playerID, inventoryID, itemID) VALUES (39, 374, 43);
INSERT INTO looterbuddy.Inventory (playerID, inventoryID, itemID) VALUES (113, 375, 54);
INSERT INTO looterbuddy.Inventory (playerID, inventoryID, itemID) VALUES (19, 376, 12);
INSERT INTO looterbuddy.Inventory (playerID, inventoryID, itemID) VALUES (68, 377, 47);
INSERT INTO looterbuddy.Inventory (playerID, inventoryID, itemID) VALUES (46, 378, 23);
INSERT INTO looterbuddy.Inventory (playerID, inventoryID, itemID) VALUES (98, 379, 20);
INSERT INTO looterbuddy.Inventory (playerID, inventoryID, itemID) VALUES (105, 380, 58);
INSERT INTO looterbuddy.Inventory (playerID, inventoryID, itemID) VALUES (70, 381, 9);
INSERT INTO looterbuddy.Inventory (playerID, inventoryID, itemID) VALUES (15, 382, 5);
INSERT INTO looterbuddy.Inventory (playerID, inventoryID, itemID) VALUES (85, 383, 59);
INSERT INTO looterbuddy.Inventory (playerID, inventoryID, itemID) VALUES (128, 384, 18);
INSERT INTO looterbuddy.Inventory (playerID, inventoryID, itemID) VALUES (99, 385, 57);
INSERT INTO looterbuddy.Inventory (playerID, inventoryID, itemID) VALUES (9, 386, 29);
INSERT INTO looterbuddy.Inventory (playerID, inventoryID, itemID) VALUES (96, 387, 45);
INSERT INTO looterbuddy.Inventory (playerID, inventoryID, itemID) VALUES (88, 388, 33);
INSERT INTO looterbuddy.Inventory (playerID, inventoryID, itemID) VALUES (125, 389, 51);
INSERT INTO looterbuddy.Inventory (playerID, inventoryID, itemID) VALUES (40, 390, 27);
INSERT INTO looterbuddy.Inventory (playerID, inventoryID, itemID) VALUES (106, 391, 37);
INSERT INTO looterbuddy.Inventory (playerID, inventoryID, itemID) VALUES (60, 392, 6);
INSERT INTO looterbuddy.Inventory (playerID, inventoryID, itemID) VALUES (22, 393, 53);
INSERT INTO looterbuddy.Inventory (playerID, inventoryID, itemID) VALUES (104, 394, 60);
INSERT INTO looterbuddy.Inventory (playerID, inventoryID, itemID) VALUES (43, 395, 20);
INSERT INTO looterbuddy.Inventory (playerID, inventoryID, itemID) VALUES (130, 396, 31);
INSERT INTO looterbuddy.Inventory (playerID, inventoryID, itemID) VALUES (103, 397, 15);
INSERT INTO looterbuddy.Inventory (playerID, inventoryID, itemID) VALUES (66, 398, 54);
INSERT INTO looterbuddy.Inventory (playerID, inventoryID, itemID) VALUES (49, 399, 56);
INSERT INTO looterbuddy.Inventory (playerID, inventoryID, itemID) VALUES (88, 400, 46);
INSERT INTO looterbuddy.Inventory (playerID, inventoryID, itemID) VALUES (73, 401, 32);
INSERT INTO looterbuddy.Inventory (playerID, inventoryID, itemID) VALUES (82, 402, 55);
INSERT INTO looterbuddy.Inventory (playerID, inventoryID, itemID) VALUES (63, 403, 49);
INSERT INTO looterbuddy.Inventory (playerID, inventoryID, itemID) VALUES (111, 404, 45);
INSERT INTO looterbuddy.Inventory (playerID, inventoryID, itemID) VALUES (101, 405, 47);
INSERT INTO looterbuddy.Inventory (playerID, inventoryID, itemID) VALUES (22, 406, 23);
INSERT INTO looterbuddy.Inventory (playerID, inventoryID, itemID) VALUES (128, 407, 47);
INSERT INTO looterbuddy.Inventory (playerID, inventoryID, itemID) VALUES (119, 408, 42);
INSERT INTO looterbuddy.Inventory (playerID, inventoryID, itemID) VALUES (83, 409, 5);
INSERT INTO looterbuddy.Inventory (playerID, inventoryID, itemID) VALUES (62, 410, 39);
INSERT INTO looterbuddy.Inventory (playerID, inventoryID, itemID) VALUES (77, 411, 11);
INSERT INTO looterbuddy.Inventory (playerID, inventoryID, itemID) VALUES (9, 412, 60);
INSERT INTO looterbuddy.Inventory (playerID, inventoryID, itemID) VALUES (58, 413, 58);
INSERT INTO looterbuddy.Inventory (playerID, inventoryID, itemID) VALUES (125, 414, 48);
INSERT INTO looterbuddy.Inventory (playerID, inventoryID, itemID) VALUES (100, 415, 30);
INSERT INTO looterbuddy.Inventory (playerID, inventoryID, itemID) VALUES (131, 416, 25);
INSERT INTO looterbuddy.Inventory (playerID, inventoryID, itemID) VALUES (94, 417, 2);
INSERT INTO looterbuddy.Inventory (playerID, inventoryID, itemID) VALUES (114, 418, 45);
INSERT INTO looterbuddy.Inventory (playerID, inventoryID, itemID) VALUES (4, 419, 15);
INSERT INTO looterbuddy.Inventory (playerID, inventoryID, itemID) VALUES (69, 420, 1);
INSERT INTO looterbuddy.Inventory (playerID, inventoryID, itemID) VALUES (38, 421, 25);
INSERT INTO looterbuddy.Inventory (playerID, inventoryID, itemID) VALUES (110, 422, 51);
INSERT INTO looterbuddy.Inventory (playerID, inventoryID, itemID) VALUES (112, 423, 59);
INSERT INTO looterbuddy.Inventory (playerID, inventoryID, itemID) VALUES (49, 424, 45);
INSERT INTO looterbuddy.Inventory (playerID, inventoryID, itemID) VALUES (94, 425, 41);
INSERT INTO looterbuddy.Inventory (playerID, inventoryID, itemID) VALUES (32, 426, 46);
INSERT INTO looterbuddy.Inventory (playerID, inventoryID, itemID) VALUES (44, 427, 19);
INSERT INTO looterbuddy.Inventory (playerID, inventoryID, itemID) VALUES (96, 428, 31);
INSERT INTO looterbuddy.Inventory (playerID, inventoryID, itemID) VALUES (102, 429, 8);
INSERT INTO looterbuddy.Inventory (playerID, inventoryID, itemID) VALUES (81, 430, 9);
INSERT INTO looterbuddy.Inventory (playerID, inventoryID, itemID) VALUES (39, 431, 14);
INSERT INTO looterbuddy.Inventory (playerID, inventoryID, itemID) VALUES (85, 432, 33);
INSERT INTO looterbuddy.Inventory (playerID, inventoryID, itemID) VALUES (130, 433, 36);
INSERT INTO looterbuddy.Inventory (playerID, inventoryID, itemID) VALUES (31, 434, 55);
INSERT INTO looterbuddy.Inventory (playerID, inventoryID, itemID) VALUES (40, 435, 60);
INSERT INTO looterbuddy.Inventory (playerID, inventoryID, itemID) VALUES (50, 436, 10);
INSERT INTO looterbuddy.Inventory (playerID, inventoryID, itemID) VALUES (51, 437, 45);
INSERT INTO looterbuddy.Inventory (playerID, inventoryID, itemID) VALUES (118, 438, 22);
INSERT INTO looterbuddy.Inventory (playerID, inventoryID, itemID) VALUES (77, 439, 39);
INSERT INTO looterbuddy.Inventory (playerID, inventoryID, itemID) VALUES (68, 440, 38);
INSERT INTO looterbuddy.Inventory (playerID, inventoryID, itemID) VALUES (24, 441, 47);
INSERT INTO looterbuddy.Inventory (playerID, inventoryID, itemID) VALUES (97, 442, 35);
INSERT INTO looterbuddy.Inventory (playerID, inventoryID, itemID) VALUES (52, 443, 41);
INSERT INTO looterbuddy.Inventory (playerID, inventoryID, itemID) VALUES (34, 444, 57);
INSERT INTO looterbuddy.Inventory (playerID, inventoryID, itemID) VALUES (69, 445, 58);
INSERT INTO looterbuddy.Inventory (playerID, inventoryID, itemID) VALUES (109, 446, 24);
INSERT INTO looterbuddy.Inventory (playerID, inventoryID, itemID) VALUES (101, 447, 27);
INSERT INTO looterbuddy.Inventory (playerID, inventoryID, itemID) VALUES (31, 448, 37);
INSERT INTO looterbuddy.Inventory (playerID, inventoryID, itemID) VALUES (89, 449, 46);
INSERT INTO looterbuddy.Inventory (playerID, inventoryID, itemID) VALUES (110, 450, 51);
INSERT INTO looterbuddy.Inventory (playerID, inventoryID, itemID) VALUES (131, 451, 31);
INSERT INTO looterbuddy.Inventory (playerID, inventoryID, itemID) VALUES (17, 452, 6);
INSERT INTO looterbuddy.Inventory (playerID, inventoryID, itemID) VALUES (20, 453, 44);
INSERT INTO looterbuddy.Inventory (playerID, inventoryID, itemID) VALUES (119, 454, 45);
INSERT INTO looterbuddy.Inventory (playerID, inventoryID, itemID) VALUES (82, 455, 26);
INSERT INTO looterbuddy.Inventory (playerID, inventoryID, itemID) VALUES (1, 456, 17);
INSERT INTO looterbuddy.Inventory (playerID, inventoryID, itemID) VALUES (75, 457, 40);
INSERT INTO looterbuddy.Inventory (playerID, inventoryID, itemID) VALUES (107, 458, 2);
INSERT INTO looterbuddy.Inventory (playerID, inventoryID, itemID) VALUES (12, 459, 19);
INSERT INTO looterbuddy.Inventory (playerID, inventoryID, itemID) VALUES (111, 460, 49);
INSERT INTO looterbuddy.Inventory (playerID, inventoryID, itemID) VALUES (23, 461, 38);
INSERT INTO looterbuddy.Inventory (playerID, inventoryID, itemID) VALUES (83, 462, 58);
INSERT INTO looterbuddy.Inventory (playerID, inventoryID, itemID) VALUES (45, 463, 41);
INSERT INTO looterbuddy.Inventory (playerID, inventoryID, itemID) VALUES (62, 464, 36);
INSERT INTO looterbuddy.Inventory (playerID, inventoryID, itemID) VALUES (35, 465, 16);
INSERT INTO looterbuddy.Inventory (playerID, inventoryID, itemID) VALUES (119, 466, 58);
INSERT INTO looterbuddy.Inventory (playerID, inventoryID, itemID) VALUES (48, 467, 56);
INSERT INTO looterbuddy.Inventory (playerID, inventoryID, itemID) VALUES (27, 468, 22);
INSERT INTO looterbuddy.Inventory (playerID, inventoryID, itemID) VALUES (76, 469, 32);
INSERT INTO looterbuddy.Inventory (playerID, inventoryID, itemID) VALUES (13, 470, 31);
INSERT INTO looterbuddy.Inventory (playerID, inventoryID, itemID) VALUES (104, 471, 24);
INSERT INTO looterbuddy.Inventory (playerID, inventoryID, itemID) VALUES (91, 472, 57);
INSERT INTO looterbuddy.Inventory (playerID, inventoryID, itemID) VALUES (107, 473, 45);
INSERT INTO looterbuddy.Inventory (playerID, inventoryID, itemID) VALUES (35, 474, 16);
INSERT INTO looterbuddy.Inventory (playerID, inventoryID, itemID) VALUES (127, 475, 21);
INSERT INTO looterbuddy.Inventory (playerID, inventoryID, itemID) VALUES (86, 476, 17);
INSERT INTO looterbuddy.Inventory (playerID, inventoryID, itemID) VALUES (9, 477, 3);
INSERT INTO looterbuddy.Inventory (playerID, inventoryID, itemID) VALUES (101, 478, 54);
INSERT INTO looterbuddy.Inventory (playerID, inventoryID, itemID) VALUES (71, 479, 42);
INSERT INTO looterbuddy.Inventory (playerID, inventoryID, itemID) VALUES (22, 480, 41);
INSERT INTO looterbuddy.Inventory (playerID, inventoryID, itemID) VALUES (2, 481, 60);
INSERT INTO looterbuddy.Inventory (playerID, inventoryID, itemID) VALUES (63, 482, 59);
INSERT INTO looterbuddy.Inventory (playerID, inventoryID, itemID) VALUES (61, 483, 10);
INSERT INTO looterbuddy.Inventory (playerID, inventoryID, itemID) VALUES (112, 484, 26);
INSERT INTO looterbuddy.Inventory (playerID, inventoryID, itemID) VALUES (122, 485, 19);
INSERT INTO looterbuddy.Inventory (playerID, inventoryID, itemID) VALUES (10, 486, 25);
INSERT INTO looterbuddy.Inventory (playerID, inventoryID, itemID) VALUES (21, 487, 2);
INSERT INTO looterbuddy.Inventory (playerID, inventoryID, itemID) VALUES (44, 488, 34);
INSERT INTO looterbuddy.Inventory (playerID, inventoryID, itemID) VALUES (114, 489, 38);
INSERT INTO looterbuddy.Inventory (playerID, inventoryID, itemID) VALUES (98, 490, 37);
INSERT INTO looterbuddy.Inventory (playerID, inventoryID, itemID) VALUES (80, 491, 14);
INSERT INTO looterbuddy.Inventory (playerID, inventoryID, itemID) VALUES (97, 492, 30);
INSERT INTO looterbuddy.Inventory (playerID, inventoryID, itemID) VALUES (43, 493, 23);
INSERT INTO looterbuddy.Inventory (playerID, inventoryID, itemID) VALUES (42, 494, 53);
INSERT INTO looterbuddy.Inventory (playerID, inventoryID, itemID) VALUES (3, 495, 1);
INSERT INTO looterbuddy.Inventory (playerID, inventoryID, itemID) VALUES (72, 496, 49);
INSERT INTO looterbuddy.Inventory (playerID, inventoryID, itemID) VALUES (30, 497, 40);
INSERT INTO looterbuddy.Inventory (playerID, inventoryID, itemID) VALUES (116, 498, 35);
INSERT INTO looterbuddy.Inventory (playerID, inventoryID, itemID) VALUES (16, 499, 27);
INSERT INTO looterbuddy.Inventory (playerID, inventoryID, itemID) VALUES (110, 500, 36);

INSERT INTO looterbuddy.Loadout (playerID, loadoutID, weapon1, weapon2, armor1, armor2, armor3, dateUpdated) VALUES (1, 1, 60, 41, 23, 11, 26, '2024-02-11 14:29:48');
INSERT INTO looterbuddy.Loadout (playerID, loadoutID, weapon1, weapon2, armor1, armor2, armor3, dateUpdated) VALUES (2, 2, 56, 8, 19, 10, 52, '2024-06-06 16:16:06');
INSERT INTO looterbuddy.Loadout (playerID, loadoutID, weapon1, weapon2, armor1, armor2, armor3, dateUpdated) VALUES (3, 3, 34, 38, 18, 58, 30, '2023-08-16 04:07:43');
INSERT INTO looterbuddy.Loadout (playerID, loadoutID, weapon1, weapon2, armor1, armor2, armor3, dateUpdated) VALUES (4, 4, 22, 41, 3, 27, 45, '2024-06-29 22:39:34');
INSERT INTO looterbuddy.Loadout (playerID, loadoutID, weapon1, weapon2, armor1, armor2, armor3, dateUpdated) VALUES (5, 5, 8, 60, 32, 30, 35, '2023-10-20 06:50:20');
INSERT INTO looterbuddy.Loadout (playerID, loadoutID, weapon1, weapon2, armor1, armor2, armor3, dateUpdated) VALUES (6, 6, 55, 5, 19, 19, 50, '2024-08-07 07:21:38');
INSERT INTO looterbuddy.Loadout (playerID, loadoutID, weapon1, weapon2, armor1, armor2, armor3, dateUpdated) VALUES (7, 7, 42, 55, 37, 9, 10, '2023-11-18 05:14:33');
INSERT INTO looterbuddy.Loadout (playerID, loadoutID, weapon1, weapon2, armor1, armor2, armor3, dateUpdated) VALUES (8, 8, 25, 38, 15, 45, 35, '2024-02-21 10:31:43');
INSERT INTO looterbuddy.Loadout (playerID, loadoutID, weapon1, weapon2, armor1, armor2, armor3, dateUpdated) VALUES (9, 9, 49, 6, 51, 17, 23, '2023-11-14 00:44:05');
INSERT INTO looterbuddy.Loadout (playerID, loadoutID, weapon1, weapon2, armor1, armor2, armor3, dateUpdated) VALUES (10, 10, 49, 8, 3, 47, 18, '2023-09-19 03:09:14');
INSERT INTO looterbuddy.Loadout (playerID, loadoutID, weapon1, weapon2, armor1, armor2, armor3, dateUpdated) VALUES (11, 11, 22, 16, 12, 45, 54, '2023-09-13 01:51:38');
INSERT INTO looterbuddy.Loadout (playerID, loadoutID, weapon1, weapon2, armor1, armor2, armor3, dateUpdated) VALUES (12, 12, 29, 60, 20, 46, 21, '2024-08-10 11:46:48');
INSERT INTO looterbuddy.Loadout (playerID, loadoutID, weapon1, weapon2, armor1, armor2, armor3, dateUpdated) VALUES (13, 13, 34, 55, 35, 46, 36, '2024-02-18 23:44:09');
INSERT INTO looterbuddy.Loadout (playerID, loadoutID, weapon1, weapon2, armor1, armor2, armor3, dateUpdated) VALUES (14, 14, 16, 60, 37, 26, 19, '2024-05-31 06:53:02');
INSERT INTO looterbuddy.Loadout (playerID, loadoutID, weapon1, weapon2, armor1, armor2, armor3, dateUpdated) VALUES (15, 15, 24, 22, 7, 50, 30, '2023-09-13 09:51:32');
INSERT INTO looterbuddy.Loadout (playerID, loadoutID, weapon1, weapon2, armor1, armor2, armor3, dateUpdated) VALUES (16, 16, 38, 29, 59, 7, 45, '2023-11-09 11:20:11');
INSERT INTO looterbuddy.Loadout (playerID, loadoutID, weapon1, weapon2, armor1, armor2, armor3, dateUpdated) VALUES (17, 17, 25, 25, 19, 51, 46, '2023-10-08 20:46:59');
INSERT INTO looterbuddy.Loadout (playerID, loadoutID, weapon1, weapon2, armor1, armor2, armor3, dateUpdated) VALUES (18, 18, 2, 38, 54, 13, 9, '2024-07-01 13:06:59');
INSERT INTO looterbuddy.Loadout (playerID, loadoutID, weapon1, weapon2, armor1, armor2, armor3, dateUpdated) VALUES (19, 19, 49, 33, 26, 19, 54, '2024-05-11 08:37:21');
INSERT INTO looterbuddy.Loadout (playerID, loadoutID, weapon1, weapon2, armor1, armor2, armor3, dateUpdated) VALUES (20, 20, 8, 29, 46, 23, 20, '2024-02-11 04:35:45');
INSERT INTO looterbuddy.Loadout (playerID, loadoutID, weapon1, weapon2, armor1, armor2, armor3, dateUpdated) VALUES (21, 21, 42, 55, 12, 52, 59, '2023-08-16 14:32:17');
INSERT INTO looterbuddy.Loadout (playerID, loadoutID, weapon1, weapon2, armor1, armor2, armor3, dateUpdated) VALUES (22, 22, 40, 55, 3, 7, 47, '2024-03-08 23:41:13');
INSERT INTO looterbuddy.Loadout (playerID, loadoutID, weapon1, weapon2, armor1, armor2, armor3, dateUpdated) VALUES (23, 23, 55, 5, 10, 35, 20, '2024-04-03 03:09:14');
INSERT INTO looterbuddy.Loadout (playerID, loadoutID, weapon1, weapon2, armor1, armor2, armor3, dateUpdated) VALUES (24, 24, 5, 2, 44, 1, 18, '2024-03-20 04:05:42');
INSERT INTO looterbuddy.Loadout (playerID, loadoutID, weapon1, weapon2, armor1, armor2, armor3, dateUpdated) VALUES (25, 25, 5, 22, 30, 48, 14, '2023-09-27 16:22:14');
INSERT INTO looterbuddy.Loadout (playerID, loadoutID, weapon1, weapon2, armor1, armor2, armor3, dateUpdated) VALUES (26, 26, 38, 28, 31, 51, 46, '2023-12-03 16:35:34');
INSERT INTO looterbuddy.Loadout (playerID, loadoutID, weapon1, weapon2, armor1, armor2, armor3, dateUpdated) VALUES (27, 27, 16, 34, 50, 53, 50, '2024-08-05 11:23:07');
INSERT INTO looterbuddy.Loadout (playerID, loadoutID, weapon1, weapon2, armor1, armor2, armor3, dateUpdated) VALUES (28, 28, 4, 49, 32, 1, 27, '2023-09-24 21:36:02');
INSERT INTO looterbuddy.Loadout (playerID, loadoutID, weapon1, weapon2, armor1, armor2, armor3, dateUpdated) VALUES (29, 29, 25, 38, 20, 11, 10, '2024-07-08 01:07:23');
INSERT INTO looterbuddy.Loadout (playerID, loadoutID, weapon1, weapon2, armor1, armor2, armor3, dateUpdated) VALUES (30, 30, 49, 42, 50, 21, 47, '2024-07-29 05:27:05');
INSERT INTO looterbuddy.Loadout (playerID, loadoutID, weapon1, weapon2, armor1, armor2, armor3, dateUpdated) VALUES (31, 31, 55, 38, 19, 50, 53, '2023-10-25 02:03:37');
INSERT INTO looterbuddy.Loadout (playerID, loadoutID, weapon1, weapon2, armor1, armor2, armor3, dateUpdated) VALUES (32, 32, 6, 28, 32, 14, 27, '2024-02-23 03:26:58');
INSERT INTO looterbuddy.Loadout (playerID, loadoutID, weapon1, weapon2, armor1, armor2, armor3, dateUpdated) VALUES (33, 33, 5, 6, 35, 36, 15, '2023-12-27 14:56:24');
INSERT INTO looterbuddy.Loadout (playerID, loadoutID, weapon1, weapon2, armor1, armor2, armor3, dateUpdated) VALUES (34, 34, 56, 25, 11, 12, 23, '2024-07-10 19:27:49');
INSERT INTO looterbuddy.Loadout (playerID, loadoutID, weapon1, weapon2, armor1, armor2, armor3, dateUpdated) VALUES (35, 35, 42, 55, 17, 15, 20, '2024-05-01 01:30:27');
INSERT INTO looterbuddy.Loadout (playerID, loadoutID, weapon1, weapon2, armor1, armor2, armor3, dateUpdated) VALUES (36, 36, 41, 28, 30, 48, 21, '2024-04-10 21:24:18');
INSERT INTO looterbuddy.Loadout (playerID, loadoutID, weapon1, weapon2, armor1, armor2, armor3, dateUpdated) VALUES (37, 37, 6, 38, 15, 50, 20, '2023-12-01 16:11:02');
INSERT INTO looterbuddy.Loadout (playerID, loadoutID, weapon1, weapon2, armor1, armor2, armor3, dateUpdated) VALUES (38, 38, 41, 24, 21, 1, 53, '2024-06-01 12:11:42');
INSERT INTO looterbuddy.Loadout (playerID, loadoutID, weapon1, weapon2, armor1, armor2, armor3, dateUpdated) VALUES (39, 39, 56, 60, 53, 9, 31, '2023-12-30 20:16:21');
INSERT INTO looterbuddy.Loadout (playerID, loadoutID, weapon1, weapon2, armor1, armor2, armor3, dateUpdated) VALUES (40, 40, 41, 29, 23, 27, 13, '2023-09-07 14:25:35');
INSERT INTO looterbuddy.Loadout (playerID, loadoutID, weapon1, weapon2, armor1, armor2, armor3, dateUpdated) VALUES (41, 41, 6, 55, 39, 3, 17, '2024-06-20 01:10:13');
INSERT INTO looterbuddy.Loadout (playerID, loadoutID, weapon1, weapon2, armor1, armor2, armor3, dateUpdated) VALUES (42, 42, 4, 33, 53, 57, 46, '2023-11-14 08:58:10');
INSERT INTO looterbuddy.Loadout (playerID, loadoutID, weapon1, weapon2, armor1, armor2, armor3, dateUpdated) VALUES (43, 43, 55, 2, 43, 15, 10, '2024-04-11 21:09:13');
INSERT INTO looterbuddy.Loadout (playerID, loadoutID, weapon1, weapon2, armor1, armor2, armor3, dateUpdated) VALUES (44, 44, 42, 6, 50, 1, 30, '2024-05-09 09:57:41');
INSERT INTO looterbuddy.Loadout (playerID, loadoutID, weapon1, weapon2, armor1, armor2, armor3, dateUpdated) VALUES (45, 45, 41, 49, 35, 52, 46, '2024-02-02 10:19:25');
INSERT INTO looterbuddy.Loadout (playerID, loadoutID, weapon1, weapon2, armor1, armor2, armor3, dateUpdated) VALUES (46, 46, 33, 8, 47, 47, 36, '2023-08-15 16:34:41');
INSERT INTO looterbuddy.Loadout (playerID, loadoutID, weapon1, weapon2, armor1, armor2, armor3, dateUpdated) VALUES (47, 47, 34, 6, 45, 17, 17, '2024-01-19 08:43:25');
INSERT INTO looterbuddy.Loadout (playerID, loadoutID, weapon1, weapon2, armor1, armor2, armor3, dateUpdated) VALUES (48, 48, 22, 55, 17, 26, 53, '2024-04-12 16:07:57');
INSERT INTO looterbuddy.Loadout (playerID, loadoutID, weapon1, weapon2, armor1, armor2, armor3, dateUpdated) VALUES (49, 49, 6, 25, 18, 36, 50, '2023-12-07 17:12:12');
INSERT INTO looterbuddy.Loadout (playerID, loadoutID, weapon1, weapon2, armor1, armor2, armor3, dateUpdated) VALUES (50, 50, 29, 56, 48, 21, 12, '2024-07-18 06:57:26');
INSERT INTO looterbuddy.Loadout (playerID, loadoutID, weapon1, weapon2, armor1, armor2, armor3, dateUpdated) VALUES (51, 51, 16, 34, 46, 7, 30, '2024-03-19 09:55:25');
INSERT INTO looterbuddy.Loadout (playerID, loadoutID, weapon1, weapon2, armor1, armor2, armor3, dateUpdated) VALUES (52, 52, 4, 40, 50, 50, 21, '2023-08-20 21:32:15');
INSERT INTO looterbuddy.Loadout (playerID, loadoutID, weapon1, weapon2, armor1, armor2, armor3, dateUpdated) VALUES (53, 53, 28, 8, 18, 37, 57, '2024-01-01 16:50:17');
INSERT INTO looterbuddy.Loadout (playerID, loadoutID, weapon1, weapon2, armor1, armor2, armor3, dateUpdated) VALUES (54, 54, 5, 33, 21, 59, 14, '2024-07-26 22:16:37');
INSERT INTO looterbuddy.Loadout (playerID, loadoutID, weapon1, weapon2, armor1, armor2, armor3, dateUpdated) VALUES (55, 55, 4, 49, 27, 32, 18, '2023-08-24 04:14:13');
INSERT INTO looterbuddy.Loadout (playerID, loadoutID, weapon1, weapon2, armor1, armor2, armor3, dateUpdated) VALUES (56, 56, 22, 56, 37, 48, 30, '2023-08-31 09:34:11');
INSERT INTO looterbuddy.Loadout (playerID, loadoutID, weapon1, weapon2, armor1, armor2, armor3, dateUpdated) VALUES (57, 57, 55, 8, 26, 44, 54, '2024-07-29 12:40:37');
INSERT INTO looterbuddy.Loadout (playerID, loadoutID, weapon1, weapon2, armor1, armor2, armor3, dateUpdated) VALUES (58, 58, 56, 6, 37, 3, 20, '2024-06-16 16:14:04');
INSERT INTO looterbuddy.Loadout (playerID, loadoutID, weapon1, weapon2, armor1, armor2, armor3, dateUpdated) VALUES (59, 59, 29, 55, 17, 43, 50, '2023-09-07 19:12:35');
INSERT INTO looterbuddy.Loadout (playerID, loadoutID, weapon1, weapon2, armor1, armor2, armor3, dateUpdated) VALUES (60, 60, 4, 56, 44, 58, 7, '2024-08-03 00:27:36');
INSERT INTO looterbuddy.Loadout (playerID, loadoutID, weapon1, weapon2, armor1, armor2, armor3, dateUpdated) VALUES (61, 61, 4, 22, 52, 39, 17, '2023-08-14 13:36:20');
INSERT INTO looterbuddy.Loadout (playerID, loadoutID, weapon1, weapon2, armor1, armor2, armor3, dateUpdated) VALUES (62, 62, 24, 5, 15, 1, 52, '2024-02-10 17:21:27');
INSERT INTO looterbuddy.Loadout (playerID, loadoutID, weapon1, weapon2, armor1, armor2, armor3, dateUpdated) VALUES (63, 63, 28, 33, 47, 45, 32, '2024-02-18 03:02:31');
INSERT INTO looterbuddy.Loadout (playerID, loadoutID, weapon1, weapon2, armor1, armor2, armor3, dateUpdated) VALUES (64, 64, 8, 8, 18, 45, 57, '2023-11-30 23:24:58');
INSERT INTO looterbuddy.Loadout (playerID, loadoutID, weapon1, weapon2, armor1, armor2, armor3, dateUpdated) VALUES (65, 65, 28, 5, 45, 47, 47, '2024-04-10 00:34:19');
INSERT INTO looterbuddy.Loadout (playerID, loadoutID, weapon1, weapon2, armor1, armor2, armor3, dateUpdated) VALUES (66, 66, 29, 4, 31, 35, 1, '2024-06-21 19:48:32');
INSERT INTO looterbuddy.Loadout (playerID, loadoutID, weapon1, weapon2, armor1, armor2, armor3, dateUpdated) VALUES (67, 67, 42, 56, 18, 12, 39, '2023-12-24 21:10:09');
INSERT INTO looterbuddy.Loadout (playerID, loadoutID, weapon1, weapon2, armor1, armor2, armor3, dateUpdated) VALUES (68, 68, 4, 6, 3, 50, 59, '2024-05-23 08:12:57');
INSERT INTO looterbuddy.Loadout (playerID, loadoutID, weapon1, weapon2, armor1, armor2, armor3, dateUpdated) VALUES (69, 69, 38, 8, 19, 45, 35, '2023-12-13 06:35:16');
INSERT INTO looterbuddy.Loadout (playerID, loadoutID, weapon1, weapon2, armor1, armor2, armor3, dateUpdated) VALUES (70, 70, 29, 22, 15, 11, 59, '2023-09-05 01:10:37');
INSERT INTO looterbuddy.Loadout (playerID, loadoutID, weapon1, weapon2, armor1, armor2, armor3, dateUpdated) VALUES (71, 71, 40, 49, 9, 3, 10, '2024-02-11 19:38:22');
INSERT INTO looterbuddy.Loadout (playerID, loadoutID, weapon1, weapon2, armor1, armor2, armor3, dateUpdated) VALUES (72, 72, 22, 25, 35, 13, 21, '2023-09-04 07:25:58');
INSERT INTO looterbuddy.Loadout (playerID, loadoutID, weapon1, weapon2, armor1, armor2, armor3, dateUpdated) VALUES (73, 73, 28, 41, 7, 10, 20, '2024-05-12 11:59:41');
INSERT INTO looterbuddy.Loadout (playerID, loadoutID, weapon1, weapon2, armor1, armor2, armor3, dateUpdated) VALUES (74, 74, 38, 5, 50, 36, 13, '2024-04-22 01:04:17');
INSERT INTO looterbuddy.Loadout (playerID, loadoutID, weapon1, weapon2, armor1, armor2, armor3, dateUpdated) VALUES (75, 75, 60, 4, 18, 48, 1, '2023-12-10 08:07:05');
INSERT INTO looterbuddy.Loadout (playerID, loadoutID, weapon1, weapon2, armor1, armor2, armor3, dateUpdated) VALUES (76, 76, 42, 40, 1, 13, 1, '2024-06-12 11:20:17');
INSERT INTO looterbuddy.Loadout (playerID, loadoutID, weapon1, weapon2, armor1, armor2, armor3, dateUpdated) VALUES (77, 77, 16, 49, 23, 9, 58, '2024-01-09 14:41:47');
INSERT INTO looterbuddy.Loadout (playerID, loadoutID, weapon1, weapon2, armor1, armor2, armor3, dateUpdated) VALUES (78, 78, 6, 33, 7, 18, 35, '2024-05-13 14:06:26');
INSERT INTO looterbuddy.Loadout (playerID, loadoutID, weapon1, weapon2, armor1, armor2, armor3, dateUpdated) VALUES (79, 79, 22, 40, 44, 36, 57, '2023-11-01 07:48:34');
INSERT INTO looterbuddy.Loadout (playerID, loadoutID, weapon1, weapon2, armor1, armor2, armor3, dateUpdated) VALUES (80, 80, 5, 38, 26, 58, 15, '2024-07-16 18:49:38');
INSERT INTO looterbuddy.Loadout (playerID, loadoutID, weapon1, weapon2, armor1, armor2, armor3, dateUpdated) VALUES (81, 81, 8, 28, 43, 13, 9, '2024-04-21 06:09:46');
INSERT INTO looterbuddy.Loadout (playerID, loadoutID, weapon1, weapon2, armor1, armor2, armor3, dateUpdated) VALUES (82, 82, 22, 8, 26, 10, 45, '2024-06-25 16:01:46');
INSERT INTO looterbuddy.Loadout (playerID, loadoutID, weapon1, weapon2, armor1, armor2, armor3, dateUpdated) VALUES (83, 83, 24, 4, 39, 17, 58, '2023-11-09 11:41:10');
INSERT INTO looterbuddy.Loadout (playerID, loadoutID, weapon1, weapon2, armor1, armor2, armor3, dateUpdated) VALUES (84, 84, 49, 38, 30, 44, 26, '2023-11-07 04:53:07');
INSERT INTO looterbuddy.Loadout (playerID, loadoutID, weapon1, weapon2, armor1, armor2, armor3, dateUpdated) VALUES (85, 85, 25, 5, 23, 44, 17, '2024-05-26 18:52:00');
INSERT INTO looterbuddy.Loadout (playerID, loadoutID, weapon1, weapon2, armor1, armor2, armor3, dateUpdated) VALUES (86, 86, 8, 2, 18, 39, 23, '2024-08-03 05:33:27');
INSERT INTO looterbuddy.Loadout (playerID, loadoutID, weapon1, weapon2, armor1, armor2, armor3, dateUpdated) VALUES (87, 87, 24, 34, 31, 31, 27, '2024-02-19 06:31:09');
INSERT INTO looterbuddy.Loadout (playerID, loadoutID, weapon1, weapon2, armor1, armor2, armor3, dateUpdated) VALUES (88, 88, 40, 40, 9, 37, 23, '2024-07-15 14:26:47');
INSERT INTO looterbuddy.Loadout (playerID, loadoutID, weapon1, weapon2, armor1, armor2, armor3, dateUpdated) VALUES (89, 89, 60, 28, 57, 51, 53, '2024-04-17 07:25:16');
INSERT INTO looterbuddy.Loadout (playerID, loadoutID, weapon1, weapon2, armor1, armor2, armor3, dateUpdated) VALUES (90, 90, 33, 55, 3, 12, 9, '2024-02-17 14:12:42');
INSERT INTO looterbuddy.Loadout (playerID, loadoutID, weapon1, weapon2, armor1, armor2, armor3, dateUpdated) VALUES (91, 91, 60, 4, 43, 32, 37, '2023-09-25 09:07:00');
INSERT INTO looterbuddy.Loadout (playerID, loadoutID, weapon1, weapon2, armor1, armor2, armor3, dateUpdated) VALUES (92, 92, 8, 60, 35, 31, 15, '2024-07-29 05:14:48');
INSERT INTO looterbuddy.Loadout (playerID, loadoutID, weapon1, weapon2, armor1, armor2, armor3, dateUpdated) VALUES (93, 93, 42, 8, 52, 45, 39, '2024-01-26 14:24:30');
INSERT INTO looterbuddy.Loadout (playerID, loadoutID, weapon1, weapon2, armor1, armor2, armor3, dateUpdated) VALUES (94, 94, 55, 5, 26, 52, 43, '2024-02-16 23:22:08');
INSERT INTO looterbuddy.Loadout (playerID, loadoutID, weapon1, weapon2, armor1, armor2, armor3, dateUpdated) VALUES (95, 95, 42, 4, 54, 20, 48, '2023-10-25 05:23:42');
INSERT INTO looterbuddy.Loadout (playerID, loadoutID, weapon1, weapon2, armor1, armor2, armor3, dateUpdated) VALUES (96, 96, 56, 29, 15, 21, 52, '2023-08-27 20:14:16');
INSERT INTO looterbuddy.Loadout (playerID, loadoutID, weapon1, weapon2, armor1, armor2, armor3, dateUpdated) VALUES (97, 97, 6, 33, 7, 15, 10, '2024-03-31 14:24:18');
INSERT INTO looterbuddy.Loadout (playerID, loadoutID, weapon1, weapon2, armor1, armor2, armor3, dateUpdated) VALUES (98, 98, 22, 34, 35, 46, 13, '2023-12-28 11:43:47');
INSERT INTO looterbuddy.Loadout (playerID, loadoutID, weapon1, weapon2, armor1, armor2, armor3, dateUpdated) VALUES (99, 99, 8, 41, 45, 9, 36, '2024-05-22 19:04:17');
INSERT INTO looterbuddy.Loadout (playerID, loadoutID, weapon1, weapon2, armor1, armor2, armor3, dateUpdated) VALUES (100, 100, 4, 6, 20, 19, 57, '2024-05-06 18:49:22');

INSERT INTO looterbuddy.Performance (playerID, performanceID, totalKills, totalDeaths, DPS, dateCompleted, loadoutID, missionID) VALUES (1, 41, 65, 3, 56, '2024-02-24 15:38:14', 68, 6);
INSERT INTO looterbuddy.Performance (playerID, performanceID, totalKills, totalDeaths, DPS, dateCompleted, loadoutID, missionID) VALUES (1, 70, 74, 89, 18, '2023-11-11 23:46:08', 61, 10);
INSERT INTO looterbuddy.Performance (playerID, performanceID, totalKills, totalDeaths, DPS, dateCompleted, loadoutID, missionID) VALUES (2, 24, 34, 19, 47, '2024-07-05 18:39:40', 36, 7);
INSERT INTO looterbuddy.Performance (playerID, performanceID, totalKills, totalDeaths, DPS, dateCompleted, loadoutID, missionID) VALUES (2, 56, 80, 15, 12, '2023-12-02 03:24:37', 96, 9);
INSERT INTO looterbuddy.Performance (playerID, performanceID, totalKills, totalDeaths, DPS, dateCompleted, loadoutID, missionID) VALUES (3, 15, 72, 47, 25, '2024-03-26 10:49:33', 92, 4);
INSERT INTO looterbuddy.Performance (playerID, performanceID, totalKills, totalDeaths, DPS, dateCompleted, loadoutID, missionID) VALUES (3, 72, 61, 99, 58, '2024-01-16 19:19:40', 74, 3);
INSERT INTO looterbuddy.Performance (playerID, performanceID, totalKills, totalDeaths, DPS, dateCompleted, loadoutID, missionID) VALUES (7, 81, 37, 35, 48, '2024-05-28 17:36:06', 90, 6);
INSERT INTO looterbuddy.Performance (playerID, performanceID, totalKills, totalDeaths, DPS, dateCompleted, loadoutID, missionID) VALUES (8, 39, 76, 80, 15, '2024-07-19 15:53:11', 43, 10);
INSERT INTO looterbuddy.Performance (playerID, performanceID, totalKills, totalDeaths, DPS, dateCompleted, loadoutID, missionID) VALUES (9, 28, 92, 6, 6, '2023-11-15 16:05:03', 13, 2);
INSERT INTO looterbuddy.Performance (playerID, performanceID, totalKills, totalDeaths, DPS, dateCompleted, loadoutID, missionID) VALUES (11, 48, 24, 3, 43, '2024-02-25 21:25:42', 16, 4);
INSERT INTO looterbuddy.Performance (playerID, performanceID, totalKills, totalDeaths, DPS, dateCompleted, loadoutID, missionID) VALUES (12, 84, 85, 62, 76, '2024-06-04 04:47:12', 42, 5);
INSERT INTO looterbuddy.Performance (playerID, performanceID, totalKills, totalDeaths, DPS, dateCompleted, loadoutID, missionID) VALUES (14, 33, 34, 98, 29, '2024-06-30 08:20:58', 98, 10);
INSERT INTO looterbuddy.Performance (playerID, performanceID, totalKills, totalDeaths, DPS, dateCompleted, loadoutID, missionID) VALUES (15, 75, 45, 78, 20, '2023-09-11 03:41:41', 13, 3);
INSERT INTO looterbuddy.Performance (playerID, performanceID, totalKills, totalDeaths, DPS, dateCompleted, loadoutID, missionID) VALUES (16, 38, 84, 49, 2, '2024-07-07 07:40:42', 28, 2);
INSERT INTO looterbuddy.Performance (playerID, performanceID, totalKills, totalDeaths, DPS, dateCompleted, loadoutID, missionID) VALUES (16, 54, 61, 28, 69, '2023-08-23 01:48:19', 98, 5);
INSERT INTO looterbuddy.Performance (playerID, performanceID, totalKills, totalDeaths, DPS, dateCompleted, loadoutID, missionID) VALUES (18, 64, 46, 67, 98, '2023-10-10 14:24:01', 7, 4);
INSERT INTO looterbuddy.Performance (playerID, performanceID, totalKills, totalDeaths, DPS, dateCompleted, loadoutID, missionID) VALUES (19, 91, 98, 94, 29, '2024-02-04 13:59:31', 6, 2);
INSERT INTO looterbuddy.Performance (playerID, performanceID, totalKills, totalDeaths, DPS, dateCompleted, loadoutID, missionID) VALUES (21, 53, 94, 92, 48, '2023-10-08 04:14:19', 56, 10);
INSERT INTO looterbuddy.Performance (playerID, performanceID, totalKills, totalDeaths, DPS, dateCompleted, loadoutID, missionID) VALUES (21, 58, 12, 68, 8, '2023-11-08 09:35:24', 95, 7);
INSERT INTO looterbuddy.Performance (playerID, performanceID, totalKills, totalDeaths, DPS, dateCompleted, loadoutID, missionID) VALUES (22, 22, 11, 84, 31, '2023-12-07 10:07:43', 75, 8);
INSERT INTO looterbuddy.Performance (playerID, performanceID, totalKills, totalDeaths, DPS, dateCompleted, loadoutID, missionID) VALUES (23, 7, 54, 92, 72, '2023-12-21 09:55:25', 91, 8);
INSERT INTO looterbuddy.Performance (playerID, performanceID, totalKills, totalDeaths, DPS, dateCompleted, loadoutID, missionID) VALUES (27, 68, 16, 20, 14, '2023-10-06 21:52:18', 73, 6);
INSERT INTO looterbuddy.Performance (playerID, performanceID, totalKills, totalDeaths, DPS, dateCompleted, loadoutID, missionID) VALUES (28, 82, 43, 82, 19, '2024-06-23 02:22:17', 95, 6);
INSERT INTO looterbuddy.Performance (playerID, performanceID, totalKills, totalDeaths, DPS, dateCompleted, loadoutID, missionID) VALUES (30, 10, 28, 49, 61, '2024-05-17 11:57:30', 46, 7);
INSERT INTO looterbuddy.Performance (playerID, performanceID, totalKills, totalDeaths, DPS, dateCompleted, loadoutID, missionID) VALUES (30, 21, 53, 71, 83, '2024-07-09 17:58:30', 77, 4);
INSERT INTO looterbuddy.Performance (playerID, performanceID, totalKills, totalDeaths, DPS, dateCompleted, loadoutID, missionID) VALUES (32, 90, 51, 27, 63, '2023-08-15 06:22:07', 83, 10);
INSERT INTO looterbuddy.Performance (playerID, performanceID, totalKills, totalDeaths, DPS, dateCompleted, loadoutID, missionID) VALUES (32, 93, 84, 36, 19, '2024-05-14 01:06:53', 66, 4);
INSERT INTO looterbuddy.Performance (playerID, performanceID, totalKills, totalDeaths, DPS, dateCompleted, loadoutID, missionID) VALUES (33, 14, 72, 16, 50, '2023-08-27 15:48:49', 33, 9);
INSERT INTO looterbuddy.Performance (playerID, performanceID, totalKills, totalDeaths, DPS, dateCompleted, loadoutID, missionID) VALUES (36, 65, 41, 29, 88, '2024-01-04 03:54:05', 20, 8);
INSERT INTO looterbuddy.Performance (playerID, performanceID, totalKills, totalDeaths, DPS, dateCompleted, loadoutID, missionID) VALUES (37, 62, 75, 76, 86, '2024-02-14 13:42:54', 67, 5);
INSERT INTO looterbuddy.Performance (playerID, performanceID, totalKills, totalDeaths, DPS, dateCompleted, loadoutID, missionID) VALUES (37, 85, 65, 98, 16, '2023-12-03 20:59:31', 8, 4);
INSERT INTO looterbuddy.Performance (playerID, performanceID, totalKills, totalDeaths, DPS, dateCompleted, loadoutID, missionID) VALUES (38, 87, 91, 25, 40, '2024-02-18 20:07:59', 97, 6);
INSERT INTO looterbuddy.Performance (playerID, performanceID, totalKills, totalDeaths, DPS, dateCompleted, loadoutID, missionID) VALUES (39, 66, 3, 61, 10, '2024-08-11 01:01:33', 47, 7);
INSERT INTO looterbuddy.Performance (playerID, performanceID, totalKills, totalDeaths, DPS, dateCompleted, loadoutID, missionID) VALUES (46, 9, 59, 42, 91, '2024-03-28 19:42:50', 24, 9);
INSERT INTO looterbuddy.Performance (playerID, performanceID, totalKills, totalDeaths, DPS, dateCompleted, loadoutID, missionID) VALUES (48, 32, 48, 22, 10, '2024-06-19 01:07:32', 79, 5);
INSERT INTO looterbuddy.Performance (playerID, performanceID, totalKills, totalDeaths, DPS, dateCompleted, loadoutID, missionID) VALUES (48, 98, 70, 16, 27, '2024-05-26 20:57:22', 83, 8);
INSERT INTO looterbuddy.Performance (playerID, performanceID, totalKills, totalDeaths, DPS, dateCompleted, loadoutID, missionID) VALUES (50, 60, 28, 42, 57, '2024-07-20 12:18:38', 78, 8);
INSERT INTO looterbuddy.Performance (playerID, performanceID, totalKills, totalDeaths, DPS, dateCompleted, loadoutID, missionID) VALUES (50, 79, 37, 50, 49, '2024-06-04 20:49:13', 71, 9);
INSERT INTO looterbuddy.Performance (playerID, performanceID, totalKills, totalDeaths, DPS, dateCompleted, loadoutID, missionID) VALUES (51, 4, 69, 69, 1, '2024-02-13 10:23:13', 60, 7);
INSERT INTO looterbuddy.Performance (playerID, performanceID, totalKills, totalDeaths, DPS, dateCompleted, loadoutID, missionID) VALUES (51, 67, 63, 81, 37, '2024-05-12 17:57:15', 62, 5);
INSERT INTO looterbuddy.Performance (playerID, performanceID, totalKills, totalDeaths, DPS, dateCompleted, loadoutID, missionID) VALUES (52, 55, 71, 17, 66, '2023-11-30 05:10:20', 25, 7);
INSERT INTO looterbuddy.Performance (playerID, performanceID, totalKills, totalDeaths, DPS, dateCompleted, loadoutID, missionID) VALUES (53, 5, 73, 1, 20, '2023-12-18 04:49:58', 13, 4);
INSERT INTO looterbuddy.Performance (playerID, performanceID, totalKills, totalDeaths, DPS, dateCompleted, loadoutID, missionID) VALUES (55, 20, 99, 66, 19, '2023-08-18 06:04:12', 47, 7);
INSERT INTO looterbuddy.Performance (playerID, performanceID, totalKills, totalDeaths, DPS, dateCompleted, loadoutID, missionID) VALUES (55, 76, 9, 54, 75, '2023-12-13 13:40:00', 27, 8);
INSERT INTO looterbuddy.Performance (playerID, performanceID, totalKills, totalDeaths, DPS, dateCompleted, loadoutID, missionID) VALUES (57, 95, 28, 78, 48, '2024-03-29 10:43:33', 52, 5);
INSERT INTO looterbuddy.Performance (playerID, performanceID, totalKills, totalDeaths, DPS, dateCompleted, loadoutID, missionID) VALUES (59, 13, 45, 38, 77, '2023-09-21 14:55:24', 68, 1);
INSERT INTO looterbuddy.Performance (playerID, performanceID, totalKills, totalDeaths, DPS, dateCompleted, loadoutID, missionID) VALUES (61, 25, 97, 82, 2, '2024-04-02 06:02:58', 4, 6);
INSERT INTO looterbuddy.Performance (playerID, performanceID, totalKills, totalDeaths, DPS, dateCompleted, loadoutID, missionID) VALUES (61, 51, 54, 2, 90, '2023-11-16 21:28:07', 8, 10);
INSERT INTO looterbuddy.Performance (playerID, performanceID, totalKills, totalDeaths, DPS, dateCompleted, loadoutID, missionID) VALUES (62, 61, 32, 72, 78, '2024-04-06 16:56:35', 12, 6);
INSERT INTO looterbuddy.Performance (playerID, performanceID, totalKills, totalDeaths, DPS, dateCompleted, loadoutID, missionID) VALUES (63, 3, 96, 77, 33, '2023-12-01 10:15:28', 53, 6);
INSERT INTO looterbuddy.Performance (playerID, performanceID, totalKills, totalDeaths, DPS, dateCompleted, loadoutID, missionID) VALUES (63, 50, 13, 23, 13, '2023-12-13 14:25:53', 10, 4);
INSERT INTO looterbuddy.Performance (playerID, performanceID, totalKills, totalDeaths, DPS, dateCompleted, loadoutID, missionID) VALUES (66, 46, 79, 75, 42, '2024-07-26 16:41:29', 48, 3);
INSERT INTO looterbuddy.Performance (playerID, performanceID, totalKills, totalDeaths, DPS, dateCompleted, loadoutID, missionID) VALUES (72, 30, 48, 41, 49, '2024-04-20 05:01:38', 61, 6);
INSERT INTO looterbuddy.Performance (playerID, performanceID, totalKills, totalDeaths, DPS, dateCompleted, loadoutID, missionID) VALUES (72, 69, 36, 44, 12, '2024-08-04 09:01:35', 24, 10);
INSERT INTO looterbuddy.Performance (playerID, performanceID, totalKills, totalDeaths, DPS, dateCompleted, loadoutID, missionID) VALUES (73, 35, 77, 95, 42, '2023-08-19 02:00:42', 59, 9);
INSERT INTO looterbuddy.Performance (playerID, performanceID, totalKills, totalDeaths, DPS, dateCompleted, loadoutID, missionID) VALUES (73, 71, 90, 98, 31, '2023-11-03 21:57:13', 80, 2);
INSERT INTO looterbuddy.Performance (playerID, performanceID, totalKills, totalDeaths, DPS, dateCompleted, loadoutID, missionID) VALUES (73, 86, 52, 81, 80, '2024-07-07 08:57:00', 30, 10);
INSERT INTO looterbuddy.Performance (playerID, performanceID, totalKills, totalDeaths, DPS, dateCompleted, loadoutID, missionID) VALUES (73, 94, 61, 57, 87, '2024-03-22 05:37:54', 45, 4);
INSERT INTO looterbuddy.Performance (playerID, performanceID, totalKills, totalDeaths, DPS, dateCompleted, loadoutID, missionID) VALUES (75, 1, 47, 26, 73, '2023-10-23 18:21:09', 68, 1);
INSERT INTO looterbuddy.Performance (playerID, performanceID, totalKills, totalDeaths, DPS, dateCompleted, loadoutID, missionID) VALUES (76, 34, 19, 83, 80, '2023-11-05 13:27:33', 4, 8);
INSERT INTO looterbuddy.Performance (playerID, performanceID, totalKills, totalDeaths, DPS, dateCompleted, loadoutID, missionID) VALUES (77, 18, 88, 94, 57, '2024-08-05 11:05:07', 9, 5);
INSERT INTO looterbuddy.Performance (playerID, performanceID, totalKills, totalDeaths, DPS, dateCompleted, loadoutID, missionID) VALUES (77, 40, 90, 66, 43, '2023-12-24 21:35:01', 32, 4);
INSERT INTO looterbuddy.Performance (playerID, performanceID, totalKills, totalDeaths, DPS, dateCompleted, loadoutID, missionID) VALUES (78, 47, 41, 9, 38, '2024-01-08 15:27:44', 77, 9);
INSERT INTO looterbuddy.Performance (playerID, performanceID, totalKills, totalDeaths, DPS, dateCompleted, loadoutID, missionID) VALUES (80, 16, 81, 34, 1, '2023-08-26 11:23:14', 56, 1);
INSERT INTO looterbuddy.Performance (playerID, performanceID, totalKills, totalDeaths, DPS, dateCompleted, loadoutID, missionID) VALUES (80, 88, 94, 32, 4, '2024-04-26 21:34:56', 94, 8);
INSERT INTO looterbuddy.Performance (playerID, performanceID, totalKills, totalDeaths, DPS, dateCompleted, loadoutID, missionID) VALUES (81, 73, 57, 26, 20, '2023-12-26 15:52:13', 100, 8);
INSERT INTO looterbuddy.Performance (playerID, performanceID, totalKills, totalDeaths, DPS, dateCompleted, loadoutID, missionID) VALUES (82, 49, 43, 79, 7, '2023-12-03 01:05:05', 35, 7);
INSERT INTO looterbuddy.Performance (playerID, performanceID, totalKills, totalDeaths, DPS, dateCompleted, loadoutID, missionID) VALUES (82, 80, 38, 77, 66, '2023-11-15 05:25:45', 84, 8);
INSERT INTO looterbuddy.Performance (playerID, performanceID, totalKills, totalDeaths, DPS, dateCompleted, loadoutID, missionID) VALUES (86, 96, 42, 77, 72, '2024-05-03 01:01:54', 79, 6);
INSERT INTO looterbuddy.Performance (playerID, performanceID, totalKills, totalDeaths, DPS, dateCompleted, loadoutID, missionID) VALUES (87, 27, 39, 4, 44, '2024-02-02 21:56:21', 50, 8);
INSERT INTO looterbuddy.Performance (playerID, performanceID, totalKills, totalDeaths, DPS, dateCompleted, loadoutID, missionID) VALUES (92, 89, 37, 51, 6, '2024-01-17 00:29:48', 28, 7);
INSERT INTO looterbuddy.Performance (playerID, performanceID, totalKills, totalDeaths, DPS, dateCompleted, loadoutID, missionID) VALUES (93, 26, 26, 2, 39, '2023-11-20 04:37:25', 3, 10);
INSERT INTO looterbuddy.Performance (playerID, performanceID, totalKills, totalDeaths, DPS, dateCompleted, loadoutID, missionID) VALUES (96, 12, 57, 92, 14, '2024-06-05 00:55:42', 97, 2);
INSERT INTO looterbuddy.Performance (playerID, performanceID, totalKills, totalDeaths, DPS, dateCompleted, loadoutID, missionID) VALUES (96, 42, 33, 51, 64, '2023-09-24 07:05:19', 1, 9);
INSERT INTO looterbuddy.Performance (playerID, performanceID, totalKills, totalDeaths, DPS, dateCompleted, loadoutID, missionID) VALUES (98, 74, 77, 14, 26, '2024-01-03 14:15:26', 91, 9);
INSERT INTO looterbuddy.Performance (playerID, performanceID, totalKills, totalDeaths, DPS, dateCompleted, loadoutID, missionID) VALUES (99, 37, 93, 54, 60, '2023-09-23 06:33:12', 84, 4);
INSERT INTO looterbuddy.Performance (playerID, performanceID, totalKills, totalDeaths, DPS, dateCompleted, loadoutID, missionID) VALUES (100, 8, 95, 1, 8, '2023-12-16 16:28:17', 65, 1);
INSERT INTO looterbuddy.Performance (playerID, performanceID, totalKills, totalDeaths, DPS, dateCompleted, loadoutID, missionID) VALUES (100, 29, 93, 97, 20, '2023-09-03 15:54:47', 64, 3);
INSERT INTO looterbuddy.Performance (playerID, performanceID, totalKills, totalDeaths, DPS, dateCompleted, loadoutID, missionID) VALUES (101, 99, 62, 53, 32, '2023-11-24 20:59:26', 7, 7);
INSERT INTO looterbuddy.Performance (playerID, performanceID, totalKills, totalDeaths, DPS, dateCompleted, loadoutID, missionID) VALUES (103, 78, 99, 91, 10, '2024-05-14 14:54:52', 63, 10);
INSERT INTO looterbuddy.Performance (playerID, performanceID, totalKills, totalDeaths, DPS, dateCompleted, loadoutID, missionID) VALUES (103, 83, 54, 96, 60, '2023-11-10 22:40:13', 44, 1);
INSERT INTO looterbuddy.Performance (playerID, performanceID, totalKills, totalDeaths, DPS, dateCompleted, loadoutID, missionID) VALUES (104, 97, 80, 15, 50, '2023-08-23 22:09:37', 9, 1);
INSERT INTO looterbuddy.Performance (playerID, performanceID, totalKills, totalDeaths, DPS, dateCompleted, loadoutID, missionID) VALUES (108, 6, 52, 99, 65, '2024-06-29 08:57:30', 66, 2);
INSERT INTO looterbuddy.Performance (playerID, performanceID, totalKills, totalDeaths, DPS, dateCompleted, loadoutID, missionID) VALUES (108, 92, 45, 72, 48, '2023-08-20 13:07:37', 11, 1);
INSERT INTO looterbuddy.Performance (playerID, performanceID, totalKills, totalDeaths, DPS, dateCompleted, loadoutID, missionID) VALUES (110, 17, 32, 59, 100, '2024-01-12 19:35:28', 62, 8);
INSERT INTO looterbuddy.Performance (playerID, performanceID, totalKills, totalDeaths, DPS, dateCompleted, loadoutID, missionID) VALUES (111, 23, 80, 39, 69, '2024-08-02 15:15:21', 92, 2);
INSERT INTO looterbuddy.Performance (playerID, performanceID, totalKills, totalDeaths, DPS, dateCompleted, loadoutID, missionID) VALUES (113, 59, 68, 26, 79, '2024-03-12 02:23:57', 66, 3);
INSERT INTO looterbuddy.Performance (playerID, performanceID, totalKills, totalDeaths, DPS, dateCompleted, loadoutID, missionID) VALUES (114, 43, 91, 81, 40, '2023-12-16 01:19:23', 84, 10);
INSERT INTO looterbuddy.Performance (playerID, performanceID, totalKills, totalDeaths, DPS, dateCompleted, loadoutID, missionID) VALUES (116, 77, 42, 17, 64, '2024-04-05 18:34:09', 37, 1);
INSERT INTO looterbuddy.Performance (playerID, performanceID, totalKills, totalDeaths, DPS, dateCompleted, loadoutID, missionID) VALUES (117, 36, 90, 59, 29, '2024-06-08 05:16:58', 91, 6);
INSERT INTO looterbuddy.Performance (playerID, performanceID, totalKills, totalDeaths, DPS, dateCompleted, loadoutID, missionID) VALUES (118, 52, 91, 47, 19, '2023-11-21 22:01:30', 90, 6);
INSERT INTO looterbuddy.Performance (playerID, performanceID, totalKills, totalDeaths, DPS, dateCompleted, loadoutID, missionID) VALUES (120, 44, 67, 100, 87, '2023-08-16 10:53:53', 77, 5);
INSERT INTO looterbuddy.Performance (playerID, performanceID, totalKills, totalDeaths, DPS, dateCompleted, loadoutID, missionID) VALUES (121, 100, 33, 71, 55, '2023-09-23 01:30:36', 54, 9);
INSERT INTO looterbuddy.Performance (playerID, performanceID, totalKills, totalDeaths, DPS, dateCompleted, loadoutID, missionID) VALUES (124, 2, 42, 90, 31, '2024-01-07 01:26:05', 44, 2);
INSERT INTO looterbuddy.Performance (playerID, performanceID, totalKills, totalDeaths, DPS, dateCompleted, loadoutID, missionID) VALUES (124, 31, 21, 41, 37, '2024-04-22 12:15:55', 23, 9);
INSERT INTO looterbuddy.Performance (playerID, performanceID, totalKills, totalDeaths, DPS, dateCompleted, loadoutID, missionID) VALUES (124, 45, 43, 2, 6, '2024-05-19 15:18:04', 16, 7);
INSERT INTO looterbuddy.Performance (playerID, performanceID, totalKills, totalDeaths, DPS, dateCompleted, loadoutID, missionID) VALUES (125, 63, 9, 42, 8, '2024-07-09 08:28:19', 52, 9);
INSERT INTO looterbuddy.Performance (playerID, performanceID, totalKills, totalDeaths, DPS, dateCompleted, loadoutID, missionID) VALUES (126, 11, 31, 18, 14, '2024-07-19 00:06:28', 50, 10);
INSERT INTO looterbuddy.Performance (playerID, performanceID, totalKills, totalDeaths, DPS, dateCompleted, loadoutID, missionID) VALUES (126, 57, 22, 16, 47, '2023-11-01 17:30:19', 57, 4);
INSERT INTO looterbuddy.Performance (playerID, performanceID, totalKills, totalDeaths, DPS, dateCompleted, loadoutID, missionID) VALUES (127, 19, 18, 80, 7, '2024-02-04 06:56:41', 65, 2);

INSERT INTO looterbuddy.LoadoutUse (playerID, missionID, loadoutUseID, weapon1, weapon2, armor1, armor2, armor3, dateUsed) VALUES (5, 1, 1, 41, 55, 32, 32, 48, '2024-06-13 10:56:40');
INSERT INTO looterbuddy.LoadoutUse (playerID, missionID, loadoutUseID, weapon1, weapon2, armor1, armor2, armor3, dateUsed) VALUES (81, 8, 2, 28, 49, 26, 50, 52, '2023-09-19 10:47:18');
INSERT INTO looterbuddy.LoadoutUse (playerID, missionID, loadoutUseID, weapon1, weapon2, armor1, armor2, armor3, dateUsed) VALUES (97, 10, 3, 16, 42, 12, 13, 58, '2024-07-31 06:04:03');
INSERT INTO looterbuddy.LoadoutUse (playerID, missionID, loadoutUseID, weapon1, weapon2, armor1, armor2, armor3, dateUsed) VALUES (51, 3, 4, 24, 22, 15, 1, 26, '2024-07-16 08:42:32');
INSERT INTO looterbuddy.LoadoutUse (playerID, missionID, loadoutUseID, weapon1, weapon2, armor1, armor2, armor3, dateUsed) VALUES (131, 8, 5, 60, 16, 32, 44, 47, '2023-11-14 03:09:33');
INSERT INTO looterbuddy.LoadoutUse (playerID, missionID, loadoutUseID, weapon1, weapon2, armor1, armor2, armor3, dateUsed) VALUES (29, 9, 6, 38, 41, 46, 17, 13, '2024-04-29 02:36:00');
INSERT INTO looterbuddy.LoadoutUse (playerID, missionID, loadoutUseID, weapon1, weapon2, armor1, armor2, armor3, dateUsed) VALUES (31, 4, 7, 22, 25, 48, 9, 52, '2023-08-28 22:47:32');
INSERT INTO looterbuddy.LoadoutUse (playerID, missionID, loadoutUseID, weapon1, weapon2, armor1, armor2, armor3, dateUsed) VALUES (8, 9, 8, 29, 4, 17, 27, 58, '2024-05-01 06:33:58');
INSERT INTO looterbuddy.LoadoutUse (playerID, missionID, loadoutUseID, weapon1, weapon2, armor1, armor2, armor3, dateUsed) VALUES (40, 6, 9, 16, 28, 13, 50, 26, '2023-09-16 01:41:02');
INSERT INTO looterbuddy.LoadoutUse (playerID, missionID, loadoutUseID, weapon1, weapon2, armor1, armor2, armor3, dateUsed) VALUES (49, 2, 10, 34, 16, 54, 7, 46, '2023-09-06 06:52:48');
INSERT INTO looterbuddy.LoadoutUse (playerID, missionID, loadoutUseID, weapon1, weapon2, armor1, armor2, armor3, dateUsed) VALUES (23, 6, 11, 2, 2, 19, 37, 45, '2023-12-24 11:13:03');
INSERT INTO looterbuddy.LoadoutUse (playerID, missionID, loadoutUseID, weapon1, weapon2, armor1, armor2, armor3, dateUsed) VALUES (18, 9, 12, 55, 8, 18, 14, 23, '2023-08-20 03:43:59');
INSERT INTO looterbuddy.LoadoutUse (playerID, missionID, loadoutUseID, weapon1, weapon2, armor1, armor2, armor3, dateUsed) VALUES (80, 8, 13, 33, 24, 58, 50, 53, '2024-03-10 02:17:54');
INSERT INTO looterbuddy.LoadoutUse (playerID, missionID, loadoutUseID, weapon1, weapon2, armor1, armor2, armor3, dateUsed) VALUES (10, 1, 14, 34, 2, 54, 45, 3, '2023-10-31 01:02:36');
INSERT INTO looterbuddy.LoadoutUse (playerID, missionID, loadoutUseID, weapon1, weapon2, armor1, armor2, armor3, dateUsed) VALUES (89, 4, 15, 56, 8, 47, 43, 54, '2023-10-17 06:54:52');
INSERT INTO looterbuddy.LoadoutUse (playerID, missionID, loadoutUseID, weapon1, weapon2, armor1, armor2, armor3, dateUsed) VALUES (64, 9, 16, 24, 29, 19, 12, 44, '2024-08-05 03:04:16');
INSERT INTO looterbuddy.LoadoutUse (playerID, missionID, loadoutUseID, weapon1, weapon2, armor1, armor2, armor3, dateUsed) VALUES (42, 5, 17, 40, 28, 3, 31, 9, '2023-11-02 11:35:50');
INSERT INTO looterbuddy.LoadoutUse (playerID, missionID, loadoutUseID, weapon1, weapon2, armor1, armor2, armor3, dateUsed) VALUES (82, 8, 18, 34, 56, 18, 23, 36, '2024-02-27 18:38:42');
INSERT INTO looterbuddy.LoadoutUse (playerID, missionID, loadoutUseID, weapon1, weapon2, armor1, armor2, armor3, dateUsed) VALUES (38, 2, 19, 24, 55, 7, 15, 31, '2024-04-23 10:11:18');
INSERT INTO looterbuddy.LoadoutUse (playerID, missionID, loadoutUseID, weapon1, weapon2, armor1, armor2, armor3, dateUsed) VALUES (32, 4, 20, 28, 16, 18, 23, 47, '2024-01-12 05:52:03');
INSERT INTO looterbuddy.LoadoutUse (playerID, missionID, loadoutUseID, weapon1, weapon2, armor1, armor2, armor3, dateUsed) VALUES (10, 9, 21, 33, 60, 30, 30, 44, '2024-07-03 06:41:11');
INSERT INTO looterbuddy.LoadoutUse (playerID, missionID, loadoutUseID, weapon1, weapon2, armor1, armor2, armor3, dateUsed) VALUES (50, 4, 22, 25, 29, 59, 19, 45, '2024-01-20 20:05:09');
INSERT INTO looterbuddy.LoadoutUse (playerID, missionID, loadoutUseID, weapon1, weapon2, armor1, armor2, armor3, dateUsed) VALUES (100, 10, 23, 24, 55, 10, 31, 50, '2024-03-28 12:40:27');
INSERT INTO looterbuddy.LoadoutUse (playerID, missionID, loadoutUseID, weapon1, weapon2, armor1, armor2, armor3, dateUsed) VALUES (82, 5, 24, 33, 40, 21, 37, 59, '2024-02-07 19:25:24');
INSERT INTO looterbuddy.LoadoutUse (playerID, missionID, loadoutUseID, weapon1, weapon2, armor1, armor2, armor3, dateUsed) VALUES (13, 7, 25, 6, 38, 30, 44, 12, '2024-08-02 03:14:06');
INSERT INTO looterbuddy.LoadoutUse (playerID, missionID, loadoutUseID, weapon1, weapon2, armor1, armor2, armor3, dateUsed) VALUES (60, 4, 26, 22, 33, 7, 54, 50, '2024-06-13 03:21:58');
INSERT INTO looterbuddy.LoadoutUse (playerID, missionID, loadoutUseID, weapon1, weapon2, armor1, armor2, armor3, dateUsed) VALUES (24, 9, 27, 16, 25, 13, 19, 43, '2023-12-18 13:58:31');
INSERT INTO looterbuddy.LoadoutUse (playerID, missionID, loadoutUseID, weapon1, weapon2, armor1, armor2, armor3, dateUsed) VALUES (25, 9, 28, 6, 42, 21, 1, 51, '2023-09-18 01:30:56');
INSERT INTO looterbuddy.LoadoutUse (playerID, missionID, loadoutUseID, weapon1, weapon2, armor1, armor2, armor3, dateUsed) VALUES (5, 7, 29, 22, 38, 52, 15, 47, '2024-01-14 10:41:37');
INSERT INTO looterbuddy.LoadoutUse (playerID, missionID, loadoutUseID, weapon1, weapon2, armor1, armor2, armor3, dateUsed) VALUES (101, 6, 30, 4, 16, 57, 47, 30, '2024-07-17 03:13:35');
INSERT INTO looterbuddy.LoadoutUse (playerID, missionID, loadoutUseID, weapon1, weapon2, armor1, armor2, armor3, dateUsed) VALUES (66, 7, 31, 40, 24, 31, 44, 3, '2024-01-04 07:19:19');
INSERT INTO looterbuddy.LoadoutUse (playerID, missionID, loadoutUseID, weapon1, weapon2, armor1, armor2, armor3, dateUsed) VALUES (41, 2, 32, 25, 5, 51, 53, 26, '2024-02-19 03:01:12');
INSERT INTO looterbuddy.LoadoutUse (playerID, missionID, loadoutUseID, weapon1, weapon2, armor1, armor2, armor3, dateUsed) VALUES (57, 6, 33, 28, 8, 11, 9, 58, '2024-01-15 10:26:57');
INSERT INTO looterbuddy.LoadoutUse (playerID, missionID, loadoutUseID, weapon1, weapon2, armor1, armor2, armor3, dateUsed) VALUES (12, 6, 34, 55, 34, 44, 54, 1, '2023-11-28 22:50:44');
INSERT INTO looterbuddy.LoadoutUse (playerID, missionID, loadoutUseID, weapon1, weapon2, armor1, armor2, armor3, dateUsed) VALUES (82, 8, 35, 22, 56, 1, 47, 23, '2023-08-14 19:53:28');
INSERT INTO looterbuddy.LoadoutUse (playerID, missionID, loadoutUseID, weapon1, weapon2, armor1, armor2, armor3, dateUsed) VALUES (113, 1, 36, 24, 29, 9, 53, 52, '2024-04-07 12:11:45');
INSERT INTO looterbuddy.LoadoutUse (playerID, missionID, loadoutUseID, weapon1, weapon2, armor1, armor2, armor3, dateUsed) VALUES (61, 2, 37, 56, 8, 15, 20, 35, '2024-01-31 10:38:15');
INSERT INTO looterbuddy.LoadoutUse (playerID, missionID, loadoutUseID, weapon1, weapon2, armor1, armor2, armor3, dateUsed) VALUES (25, 10, 38, 24, 40, 52, 37, 54, '2023-10-03 09:41:18');
INSERT INTO looterbuddy.LoadoutUse (playerID, missionID, loadoutUseID, weapon1, weapon2, armor1, armor2, armor3, dateUsed) VALUES (110, 7, 39, 33, 60, 23, 21, 37, '2023-09-09 00:04:07');
INSERT INTO looterbuddy.LoadoutUse (playerID, missionID, loadoutUseID, weapon1, weapon2, armor1, armor2, armor3, dateUsed) VALUES (86, 6, 40, 33, 24, 11, 36, 32, '2024-01-27 22:16:52');
INSERT INTO looterbuddy.LoadoutUse (playerID, missionID, loadoutUseID, weapon1, weapon2, armor1, armor2, armor3, dateUsed) VALUES (118, 3, 41, 2, 34, 10, 58, 1, '2023-09-15 17:10:09');
INSERT INTO looterbuddy.LoadoutUse (playerID, missionID, loadoutUseID, weapon1, weapon2, armor1, armor2, armor3, dateUsed) VALUES (34, 1, 42, 16, 33, 18, 44, 10, '2024-07-18 08:37:32');
INSERT INTO looterbuddy.LoadoutUse (playerID, missionID, loadoutUseID, weapon1, weapon2, armor1, armor2, armor3, dateUsed) VALUES (76, 2, 43, 28, 42, 13, 14, 59, '2023-10-08 12:36:17');
INSERT INTO looterbuddy.LoadoutUse (playerID, missionID, loadoutUseID, weapon1, weapon2, armor1, armor2, armor3, dateUsed) VALUES (86, 6, 44, 5, 8, 59, 43, 17, '2024-04-29 23:52:17');
INSERT INTO looterbuddy.LoadoutUse (playerID, missionID, loadoutUseID, weapon1, weapon2, armor1, armor2, armor3, dateUsed) VALUES (80, 4, 45, 55, 33, 43, 9, 47, '2024-05-22 19:07:29');
INSERT INTO looterbuddy.LoadoutUse (playerID, missionID, loadoutUseID, weapon1, weapon2, armor1, armor2, armor3, dateUsed) VALUES (59, 7, 46, 40, 60, 1, 48, 30, '2024-03-30 12:38:53');
INSERT INTO looterbuddy.LoadoutUse (playerID, missionID, loadoutUseID, weapon1, weapon2, armor1, armor2, armor3, dateUsed) VALUES (35, 4, 47, 56, 4, 17, 43, 57, '2023-12-16 04:54:44');
INSERT INTO looterbuddy.LoadoutUse (playerID, missionID, loadoutUseID, weapon1, weapon2, armor1, armor2, armor3, dateUsed) VALUES (128, 9, 48, 2, 5, 39, 27, 13, '2024-06-18 10:23:29');
INSERT INTO looterbuddy.LoadoutUse (playerID, missionID, loadoutUseID, weapon1, weapon2, armor1, armor2, armor3, dateUsed) VALUES (33, 8, 49, 42, 41, 7, 37, 50, '2023-09-12 06:07:26');
INSERT INTO looterbuddy.LoadoutUse (playerID, missionID, loadoutUseID, weapon1, weapon2, armor1, armor2, armor3, dateUsed) VALUES (130, 9, 50, 8, 16, 3, 47, 57, '2024-04-20 10:58:28');
INSERT INTO looterbuddy.LoadoutUse (playerID, missionID, loadoutUseID, weapon1, weapon2, armor1, armor2, armor3, dateUsed) VALUES (2, 6, 51, 28, 34, 14, 21, 23, '2024-07-30 05:21:47');
INSERT INTO looterbuddy.LoadoutUse (playerID, missionID, loadoutUseID, weapon1, weapon2, armor1, armor2, armor3, dateUsed) VALUES (99, 8, 52, 49, 60, 14, 36, 7, '2024-05-13 09:40:32');
INSERT INTO looterbuddy.LoadoutUse (playerID, missionID, loadoutUseID, weapon1, weapon2, armor1, armor2, armor3, dateUsed) VALUES (102, 4, 53, 28, 38, 57, 43, 39, '2023-11-15 11:12:29');
INSERT INTO looterbuddy.LoadoutUse (playerID, missionID, loadoutUseID, weapon1, weapon2, armor1, armor2, armor3, dateUsed) VALUES (3, 10, 54, 40, 5, 15, 15, 23, '2023-10-10 05:41:36');
INSERT INTO looterbuddy.LoadoutUse (playerID, missionID, loadoutUseID, weapon1, weapon2, armor1, armor2, armor3, dateUsed) VALUES (77, 5, 55, 40, 40, 19, 3, 23, '2024-01-11 11:42:32');
INSERT INTO looterbuddy.LoadoutUse (playerID, missionID, loadoutUseID, weapon1, weapon2, armor1, armor2, armor3, dateUsed) VALUES (2, 9, 56, 8, 34, 43, 44, 36, '2023-11-07 14:59:04');
INSERT INTO looterbuddy.LoadoutUse (playerID, missionID, loadoutUseID, weapon1, weapon2, armor1, armor2, armor3, dateUsed) VALUES (16, 8, 57, 24, 6, 54, 32, 50, '2023-10-11 15:46:28');
INSERT INTO looterbuddy.LoadoutUse (playerID, missionID, loadoutUseID, weapon1, weapon2, armor1, armor2, armor3, dateUsed) VALUES (38, 2, 58, 8, 55, 32, 26, 36, '2024-07-27 22:03:45');
INSERT INTO looterbuddy.LoadoutUse (playerID, missionID, loadoutUseID, weapon1, weapon2, armor1, armor2, armor3, dateUsed) VALUES (7, 5, 59, 2, 16, 39, 20, 58, '2023-10-06 10:56:38');
INSERT INTO looterbuddy.LoadoutUse (playerID, missionID, loadoutUseID, weapon1, weapon2, armor1, armor2, armor3, dateUsed) VALUES (98, 3, 60, 33, 40, 52, 50, 31, '2024-08-06 06:13:10');
INSERT INTO looterbuddy.LoadoutUse (playerID, missionID, loadoutUseID, weapon1, weapon2, armor1, armor2, armor3, dateUsed) VALUES (42, 10, 61, 56, 41, 19, 46, 37, '2024-07-21 11:06:31');
INSERT INTO looterbuddy.LoadoutUse (playerID, missionID, loadoutUseID, weapon1, weapon2, armor1, armor2, armor3, dateUsed) VALUES (57, 1, 62, 6, 2, 10, 21, 23, '2024-04-15 16:36:26');
INSERT INTO looterbuddy.LoadoutUse (playerID, missionID, loadoutUseID, weapon1, weapon2, armor1, armor2, armor3, dateUsed) VALUES (102, 7, 63, 25, 5, 12, 9, 32, '2023-08-29 16:40:51');
INSERT INTO looterbuddy.LoadoutUse (playerID, missionID, loadoutUseID, weapon1, weapon2, armor1, armor2, armor3, dateUsed) VALUES (103, 1, 64, 22, 29, 58, 53, 37, '2024-06-29 11:24:17');
INSERT INTO looterbuddy.LoadoutUse (playerID, missionID, loadoutUseID, weapon1, weapon2, armor1, armor2, armor3, dateUsed) VALUES (115, 8, 65, 49, 42, 18, 54, 1, '2023-11-03 04:56:37');
INSERT INTO looterbuddy.LoadoutUse (playerID, missionID, loadoutUseID, weapon1, weapon2, armor1, armor2, armor3, dateUsed) VALUES (104, 10, 66, 25, 34, 46, 43, 3, '2023-11-25 02:57:43');
INSERT INTO looterbuddy.LoadoutUse (playerID, missionID, loadoutUseID, weapon1, weapon2, armor1, armor2, armor3, dateUsed) VALUES (114, 1, 67, 40, 38, 27, 58, 32, '2024-05-07 17:12:44');
INSERT INTO looterbuddy.LoadoutUse (playerID, missionID, loadoutUseID, weapon1, weapon2, armor1, armor2, armor3, dateUsed) VALUES (64, 6, 68, 41, 34, 54, 54, 54, '2024-05-13 13:36:12');
INSERT INTO looterbuddy.LoadoutUse (playerID, missionID, loadoutUseID, weapon1, weapon2, armor1, armor2, armor3, dateUsed) VALUES (9, 7, 69, 60, 42, 11, 52, 51, '2024-07-28 06:19:13');
INSERT INTO looterbuddy.LoadoutUse (playerID, missionID, loadoutUseID, weapon1, weapon2, armor1, armor2, armor3, dateUsed) VALUES (72, 4, 70, 38, 28, 37, 15, 18, '2024-06-09 13:32:01');
INSERT INTO looterbuddy.LoadoutUse (playerID, missionID, loadoutUseID, weapon1, weapon2, armor1, armor2, armor3, dateUsed) VALUES (90, 2, 71, 28, 6, 54, 57, 50, '2024-02-18 06:56:19');
INSERT INTO looterbuddy.LoadoutUse (playerID, missionID, loadoutUseID, weapon1, weapon2, armor1, armor2, armor3, dateUsed) VALUES (67, 9, 72, 2, 29, 30, 11, 21, '2024-01-22 05:35:31');
INSERT INTO looterbuddy.LoadoutUse (playerID, missionID, loadoutUseID, weapon1, weapon2, armor1, armor2, armor3, dateUsed) VALUES (125, 1, 73, 2, 2, 43, 3, 36, '2024-02-24 02:26:16');
INSERT INTO looterbuddy.LoadoutUse (playerID, missionID, loadoutUseID, weapon1, weapon2, armor1, armor2, armor3, dateUsed) VALUES (8, 5, 74, 25, 55, 26, 52, 59, '2023-11-23 17:57:12');
INSERT INTO looterbuddy.LoadoutUse (playerID, missionID, loadoutUseID, weapon1, weapon2, armor1, armor2, armor3, dateUsed) VALUES (9, 10, 75, 49, 33, 7, 44, 23, '2023-11-09 05:49:22');
INSERT INTO looterbuddy.LoadoutUse (playerID, missionID, loadoutUseID, weapon1, weapon2, armor1, armor2, armor3, dateUsed) VALUES (14, 7, 76, 56, 56, 44, 58, 26, '2024-07-26 21:20:45');
INSERT INTO looterbuddy.LoadoutUse (playerID, missionID, loadoutUseID, weapon1, weapon2, armor1, armor2, armor3, dateUsed) VALUES (98, 9, 77, 40, 29, 52, 59, 13, '2023-11-25 01:04:50');
INSERT INTO looterbuddy.LoadoutUse (playerID, missionID, loadoutUseID, weapon1, weapon2, armor1, armor2, armor3, dateUsed) VALUES (95, 5, 78, 38, 28, 37, 19, 12, '2023-11-11 12:00:38');
INSERT INTO looterbuddy.LoadoutUse (playerID, missionID, loadoutUseID, weapon1, weapon2, armor1, armor2, armor3, dateUsed) VALUES (83, 1, 79, 49, 16, 43, 50, 21, '2024-01-28 05:50:42');
INSERT INTO looterbuddy.LoadoutUse (playerID, missionID, loadoutUseID, weapon1, weapon2, armor1, armor2, armor3, dateUsed) VALUES (91, 6, 80, 55, 49, 23, 45, 13, '2023-10-04 23:12:38');
INSERT INTO looterbuddy.LoadoutUse (playerID, missionID, loadoutUseID, weapon1, weapon2, armor1, armor2, armor3, dateUsed) VALUES (61, 8, 81, 38, 56, 37, 30, 46, '2023-09-25 00:35:35');
INSERT INTO looterbuddy.LoadoutUse (playerID, missionID, loadoutUseID, weapon1, weapon2, armor1, armor2, armor3, dateUsed) VALUES (23, 1, 82, 34, 6, 15, 20, 3, '2023-10-19 04:34:08');
INSERT INTO looterbuddy.LoadoutUse (playerID, missionID, loadoutUseID, weapon1, weapon2, armor1, armor2, armor3, dateUsed) VALUES (70, 9, 83, 16, 49, 30, 54, 17, '2024-05-07 00:49:04');
INSERT INTO looterbuddy.LoadoutUse (playerID, missionID, loadoutUseID, weapon1, weapon2, armor1, armor2, armor3, dateUsed) VALUES (127, 10, 84, 55, 41, 13, 48, 46, '2023-10-11 14:21:27');
INSERT INTO looterbuddy.LoadoutUse (playerID, missionID, loadoutUseID, weapon1, weapon2, armor1, armor2, armor3, dateUsed) VALUES (38, 9, 85, 40, 25, 45, 57, 13, '2024-02-10 06:03:19');
INSERT INTO looterbuddy.LoadoutUse (playerID, missionID, loadoutUseID, weapon1, weapon2, armor1, armor2, armor3, dateUsed) VALUES (33, 2, 86, 25, 6, 31, 1, 30, '2024-08-10 05:09:05');
INSERT INTO looterbuddy.LoadoutUse (playerID, missionID, loadoutUseID, weapon1, weapon2, armor1, armor2, armor3, dateUsed) VALUES (51, 7, 87, 4, 29, 17, 45, 3, '2024-07-12 10:06:07');
INSERT INTO looterbuddy.LoadoutUse (playerID, missionID, loadoutUseID, weapon1, weapon2, armor1, armor2, armor3, dateUsed) VALUES (100, 9, 88, 60, 49, 20, 15, 44, '2023-12-01 23:47:42');
INSERT INTO looterbuddy.LoadoutUse (playerID, missionID, loadoutUseID, weapon1, weapon2, armor1, armor2, armor3, dateUsed) VALUES (51, 1, 89, 56, 60, 7, 9, 11, '2024-02-20 00:30:53');
INSERT INTO looterbuddy.LoadoutUse (playerID, missionID, loadoutUseID, weapon1, weapon2, armor1, armor2, armor3, dateUsed) VALUES (111, 7, 90, 8, 8, 1, 1, 30, '2023-12-16 12:57:36');
INSERT INTO looterbuddy.LoadoutUse (playerID, missionID, loadoutUseID, weapon1, weapon2, armor1, armor2, armor3, dateUsed) VALUES (113, 4, 91, 5, 41, 43, 43, 17, '2023-09-13 02:48:40');
INSERT INTO looterbuddy.LoadoutUse (playerID, missionID, loadoutUseID, weapon1, weapon2, armor1, armor2, armor3, dateUsed) VALUES (106, 5, 92, 24, 5, 50, 23, 12, '2024-06-11 22:07:30');
INSERT INTO looterbuddy.LoadoutUse (playerID, missionID, loadoutUseID, weapon1, weapon2, armor1, armor2, armor3, dateUsed) VALUES (27, 6, 93, 34, 34, 7, 47, 51, '2023-11-04 15:03:41');
INSERT INTO looterbuddy.LoadoutUse (playerID, missionID, loadoutUseID, weapon1, weapon2, armor1, armor2, armor3, dateUsed) VALUES (66, 9, 94, 8, 8, 18, 1, 39, '2024-03-04 00:26:53');
INSERT INTO looterbuddy.LoadoutUse (playerID, missionID, loadoutUseID, weapon1, weapon2, armor1, armor2, armor3, dateUsed) VALUES (69, 8, 95, 6, 34, 58, 31, 9, '2024-05-12 10:45:36');
INSERT INTO looterbuddy.LoadoutUse (playerID, missionID, loadoutUseID, weapon1, weapon2, armor1, armor2, armor3, dateUsed) VALUES (67, 2, 96, 55, 16, 1, 51, 52, '2024-04-24 20:53:44');
INSERT INTO looterbuddy.LoadoutUse (playerID, missionID, loadoutUseID, weapon1, weapon2, armor1, armor2, armor3, dateUsed) VALUES (58, 4, 97, 4, 49, 57, 19, 11, '2023-12-31 10:54:33');
INSERT INTO looterbuddy.LoadoutUse (playerID, missionID, loadoutUseID, weapon1, weapon2, armor1, armor2, armor3, dateUsed) VALUES (62, 6, 98, 16, 25, 20, 52, 27, '2024-02-23 10:46:31');
INSERT INTO looterbuddy.LoadoutUse (playerID, missionID, loadoutUseID, weapon1, weapon2, armor1, armor2, armor3, dateUsed) VALUES (123, 1, 99, 56, 60, 51, 9, 30, '2023-09-07 21:20:38');
INSERT INTO looterbuddy.LoadoutUse (playerID, missionID, loadoutUseID, weapon1, weapon2, armor1, armor2, armor3, dateUsed) VALUES (2, 10, 100, 29, 55, 31, 12, 43, '2024-07-09 10:27:28');

